ISO-10303-21;
HEADER;
/* Generated by software containing ST-Developer
 * from STEP Tools, Inc. (www.steptools.com) 
 */

FILE_DESCRIPTION(
/* description */ (''),
/* implementation_level */ '2;1');

FILE_NAME(
/* name */ 'Main body.step',
/* time_stamp */ '2026-05-13T02:04:55+03:00',
/* author */ (''),
/* organization */ (''),
/* preprocessor_version */ 'ST-DEVELOPER v20.1',
/* originating_system */ 'Autodesk Translation Framework v15.8.0.0',
/* authorisation */ '');

FILE_SCHEMA (('AUTOMOTIVE_DESIGN { 1 0 10303 214 3 1 1 }'));
ENDSEC;

DATA;
#10=MECHANICAL_DESIGN_GEOMETRIC_PRESENTATION_REPRESENTATION('',(#13),#3501);
#11=SHAPE_REPRESENTATION_RELATIONSHIP('SRR','None',#3508,#12);
#12=ADVANCED_BREP_SHAPE_REPRESENTATION('',(#14),#3500);
#13=STYLED_ITEM('',(#3517),#14);
#14=MANIFOLD_SOLID_BREP('Body2',#2083);
#15=ELLIPSE('',#2143,1.4142135623731,1.);
#16=ELLIPSE('',#2145,1.4142135623731,1.);
#17=ELLIPSE('',#2147,1.4142135623731,1.);
#18=ELLIPSE('',#2153,1.00001893906363,1.);
#19=ELLIPSE('',#2154,1.41421356237309,1.);
#20=ELLIPSE('',#2156,1.41421356237309,1.);
#21=FACE_BOUND('',#249,.T.);
#22=FACE_BOUND('',#250,.T.);
#23=FACE_BOUND('',#251,.T.);
#24=FACE_BOUND('',#257,.T.);
#25=FACE_BOUND('',#261,.T.);
#26=FACE_BOUND('',#265,.T.);
#27=FACE_BOUND('',#266,.T.);
#28=FACE_BOUND('',#283,.T.);
#29=FACE_BOUND('',#284,.T.);
#30=FACE_BOUND('',#285,.T.);
#31=FACE_BOUND('',#286,.T.);
#32=FACE_BOUND('',#287,.T.);
#33=FACE_BOUND('',#288,.T.);
#34=FACE_BOUND('',#293,.T.);
#35=FACE_BOUND('',#313,.T.);
#36=FACE_BOUND('',#317,.T.);
#37=FACE_BOUND('',#320,.T.);
#38=FACE_BOUND('',#332,.T.);
#39=FACE_BOUND('',#334,.T.);
#40=FACE_BOUND('',#336,.T.);
#41=FACE_BOUND('',#341,.T.);
#42=FACE_BOUND('',#343,.T.);
#43=FACE_BOUND('',#345,.T.);
#44=FACE_BOUND('',#348,.T.);
#45=FACE_BOUND('',#351,.T.);
#46=FACE_BOUND('',#364,.T.);
#47=FACE_BOUND('',#374,.T.);
#48=FACE_BOUND('',#376,.T.);
#49=FACE_BOUND('',#378,.T.);
#50=FACE_BOUND('',#379,.T.);
#51=FACE_BOUND('',#380,.T.);
#52=FACE_BOUND('',#382,.T.);
#53=FACE_BOUND('',#383,.T.);
#54=FACE_BOUND('',#386,.T.);
#55=FACE_BOUND('',#391,.T.);
#56=PLANE('',#2108);
#57=PLANE('',#2123);
#58=PLANE('',#2131);
#59=PLANE('',#2138);
#60=PLANE('',#2149);
#61=PLANE('',#2150);
#62=PLANE('',#2151);
#63=PLANE('',#2159);
#64=PLANE('',#2160);
#65=PLANE('',#2161);
#66=PLANE('',#2165);
#67=PLANE('',#2166);
#68=PLANE('',#2184);
#69=PLANE('',#2187);
#70=PLANE('',#2190);
#71=PLANE('',#2194);
#72=PLANE('',#2201);
#73=PLANE('',#2204);
#74=PLANE('',#2207);
#75=PLANE('',#2212);
#76=PLANE('',#2214);
#77=PLANE('',#2218);
#78=PLANE('',#2219);
#79=PLANE('',#2222);
#80=PLANE('',#2223);
#81=PLANE('',#2226);
#82=PLANE('',#2228);
#83=PLANE('',#2229);
#84=PLANE('',#2230);
#85=PLANE('',#2231);
#86=PLANE('',#2232);
#87=PLANE('',#2233);
#88=PLANE('',#2234);
#89=PLANE('',#2235);
#90=PLANE('',#2236);
#91=PLANE('',#2237);
#92=PLANE('',#2238);
#93=PLANE('',#2240);
#94=PLANE('',#2249);
#95=PLANE('',#2250);
#96=PLANE('',#2251);
#97=PLANE('',#2255);
#98=PLANE('',#2259);
#99=PLANE('',#2260);
#100=PLANE('',#2261);
#101=PLANE('',#2262);
#102=PLANE('',#2263);
#103=PLANE('',#2264);
#104=PLANE('',#2265);
#105=PLANE('',#2266);
#106=PLANE('',#2267);
#107=PLANE('',#2276);
#108=PLANE('',#2277);
#109=PLANE('',#2278);
#110=PLANE('',#2279);
#111=PLANE('',#2280);
#112=PLANE('',#2281);
#113=PLANE('',#2282);
#114=PLANE('',#2283);
#115=PLANE('',#2284);
#116=PLANE('',#2285);
#117=PLANE('',#2286);
#118=PLANE('',#2287);
#119=PLANE('',#2288);
#120=PLANE('',#2291);
#121=PLANE('',#2294);
#122=PLANE('',#2295);
#123=PLANE('',#2296);
#124=B_SPLINE_CURVE_WITH_KNOTS('',3,(#2913,#2914,#2915,#2916),
 .UNSPECIFIED.,.F.,.F.,(4,4),(0.,0.606995642147197),.UNSPECIFIED.);
#125=B_SPLINE_CURVE_WITH_KNOTS('',3,(#3403,#3404,#3405,#3406),
 .UNSPECIFIED.,.F.,.F.,(4,4),(1.35089116174531,1.95788680389251),
 .UNSPECIFIED.);
#126=TOROIDAL_SURFACE('',#2100,10.,2.);
#127=TOROIDAL_SURFACE('',#2103,8.,2.);
#128=TOROIDAL_SURFACE('',#2112,8.00000000000001,2.);
#129=TOROIDAL_SURFACE('',#2118,9.,2.);
#130=TOROIDAL_SURFACE('',#2126,9.,2.);
#131=TOROIDAL_SURFACE('',#2134,10.75,2.);
#132=TOROIDAL_SURFACE('',#2269,10.,2.);
#133=FACE_OUTER_BOUND('',#245,.T.);
#134=FACE_OUTER_BOUND('',#246,.T.);
#135=FACE_OUTER_BOUND('',#247,.T.);
#136=FACE_OUTER_BOUND('',#248,.T.);
#137=FACE_OUTER_BOUND('',#252,.T.);
#138=FACE_OUTER_BOUND('',#253,.T.);
#139=FACE_OUTER_BOUND('',#254,.T.);
#140=FACE_OUTER_BOUND('',#255,.T.);
#141=FACE_OUTER_BOUND('',#256,.T.);
#142=FACE_OUTER_BOUND('',#258,.T.);
#143=FACE_OUTER_BOUND('',#259,.T.);
#144=FACE_OUTER_BOUND('',#260,.T.);
#145=FACE_OUTER_BOUND('',#262,.T.);
#146=FACE_OUTER_BOUND('',#263,.T.);
#147=FACE_OUTER_BOUND('',#264,.T.);
#148=FACE_OUTER_BOUND('',#267,.T.);
#149=FACE_OUTER_BOUND('',#268,.T.);
#150=FACE_OUTER_BOUND('',#269,.T.);
#151=FACE_OUTER_BOUND('',#270,.T.);
#152=FACE_OUTER_BOUND('',#271,.T.);
#153=FACE_OUTER_BOUND('',#272,.T.);
#154=FACE_OUTER_BOUND('',#273,.T.);
#155=FACE_OUTER_BOUND('',#274,.T.);
#156=FACE_OUTER_BOUND('',#275,.T.);
#157=FACE_OUTER_BOUND('',#276,.T.);
#158=FACE_OUTER_BOUND('',#277,.T.);
#159=FACE_OUTER_BOUND('',#278,.T.);
#160=FACE_OUTER_BOUND('',#279,.T.);
#161=FACE_OUTER_BOUND('',#280,.T.);
#162=FACE_OUTER_BOUND('',#281,.T.);
#163=FACE_OUTER_BOUND('',#282,.T.);
#164=FACE_OUTER_BOUND('',#289,.T.);
#165=FACE_OUTER_BOUND('',#290,.T.);
#166=FACE_OUTER_BOUND('',#291,.T.);
#167=FACE_OUTER_BOUND('',#292,.T.);
#168=FACE_OUTER_BOUND('',#294,.T.);
#169=FACE_OUTER_BOUND('',#295,.T.);
#170=FACE_OUTER_BOUND('',#296,.T.);
#171=FACE_OUTER_BOUND('',#297,.T.);
#172=FACE_OUTER_BOUND('',#298,.T.);
#173=FACE_OUTER_BOUND('',#299,.T.);
#174=FACE_OUTER_BOUND('',#300,.T.);
#175=FACE_OUTER_BOUND('',#301,.T.);
#176=FACE_OUTER_BOUND('',#302,.T.);
#177=FACE_OUTER_BOUND('',#303,.T.);
#178=FACE_OUTER_BOUND('',#304,.T.);
#179=FACE_OUTER_BOUND('',#305,.T.);
#180=FACE_OUTER_BOUND('',#306,.T.);
#181=FACE_OUTER_BOUND('',#307,.T.);
#182=FACE_OUTER_BOUND('',#308,.T.);
#183=FACE_OUTER_BOUND('',#309,.T.);
#184=FACE_OUTER_BOUND('',#310,.T.);
#185=FACE_OUTER_BOUND('',#311,.T.);
#186=FACE_OUTER_BOUND('',#312,.T.);
#187=FACE_OUTER_BOUND('',#314,.T.);
#188=FACE_OUTER_BOUND('',#315,.T.);
#189=FACE_OUTER_BOUND('',#316,.T.);
#190=FACE_OUTER_BOUND('',#318,.T.);
#191=FACE_OUTER_BOUND('',#319,.T.);
#192=FACE_OUTER_BOUND('',#321,.T.);
#193=FACE_OUTER_BOUND('',#322,.T.);
#194=FACE_OUTER_BOUND('',#323,.T.);
#195=FACE_OUTER_BOUND('',#324,.T.);
#196=FACE_OUTER_BOUND('',#325,.T.);
#197=FACE_OUTER_BOUND('',#326,.T.);
#198=FACE_OUTER_BOUND('',#327,.T.);
#199=FACE_OUTER_BOUND('',#328,.T.);
#200=FACE_OUTER_BOUND('',#329,.T.);
#201=FACE_OUTER_BOUND('',#330,.T.);
#202=FACE_OUTER_BOUND('',#331,.T.);
#203=FACE_OUTER_BOUND('',#333,.T.);
#204=FACE_OUTER_BOUND('',#335,.T.);
#205=FACE_OUTER_BOUND('',#337,.T.);
#206=FACE_OUTER_BOUND('',#338,.T.);
#207=FACE_OUTER_BOUND('',#339,.T.);
#208=FACE_OUTER_BOUND('',#340,.T.);
#209=FACE_OUTER_BOUND('',#342,.T.);
#210=FACE_OUTER_BOUND('',#344,.T.);
#211=FACE_OUTER_BOUND('',#346,.T.);
#212=FACE_OUTER_BOUND('',#347,.T.);
#213=FACE_OUTER_BOUND('',#349,.T.);
#214=FACE_OUTER_BOUND('',#350,.T.);
#215=FACE_OUTER_BOUND('',#352,.T.);
#216=FACE_OUTER_BOUND('',#353,.T.);
#217=FACE_OUTER_BOUND('',#354,.T.);
#218=FACE_OUTER_BOUND('',#355,.T.);
#219=FACE_OUTER_BOUND('',#356,.T.);
#220=FACE_OUTER_BOUND('',#357,.T.);
#221=FACE_OUTER_BOUND('',#358,.T.);
#222=FACE_OUTER_BOUND('',#359,.T.);
#223=FACE_OUTER_BOUND('',#360,.T.);
#224=FACE_OUTER_BOUND('',#361,.T.);
#225=FACE_OUTER_BOUND('',#362,.T.);
#226=FACE_OUTER_BOUND('',#363,.T.);
#227=FACE_OUTER_BOUND('',#365,.T.);
#228=FACE_OUTER_BOUND('',#366,.T.);
#229=FACE_OUTER_BOUND('',#367,.T.);
#230=FACE_OUTER_BOUND('',#368,.T.);
#231=FACE_OUTER_BOUND('',#369,.T.);
#232=FACE_OUTER_BOUND('',#370,.T.);
#233=FACE_OUTER_BOUND('',#371,.T.);
#234=FACE_OUTER_BOUND('',#372,.T.);
#235=FACE_OUTER_BOUND('',#373,.T.);
#236=FACE_OUTER_BOUND('',#375,.T.);
#237=FACE_OUTER_BOUND('',#377,.T.);
#238=FACE_OUTER_BOUND('',#381,.T.);
#239=FACE_OUTER_BOUND('',#384,.T.);
#240=FACE_OUTER_BOUND('',#385,.T.);
#241=FACE_OUTER_BOUND('',#387,.T.);
#242=FACE_OUTER_BOUND('',#388,.T.);
#243=FACE_OUTER_BOUND('',#389,.T.);
#244=FACE_OUTER_BOUND('',#390,.T.);
#245=EDGE_LOOP('',(#1354,#1355,#1356,#1357));
#246=EDGE_LOOP('',(#1358,#1359,#1360,#1361));
#247=EDGE_LOOP('',(#1362,#1363,#1364,#1365,#1366));
#248=EDGE_LOOP('',(#1367,#1368,#1369,#1370));
#249=EDGE_LOOP('',(#1371));
#250=EDGE_LOOP('',(#1372,#1373,#1374,#1375));
#251=EDGE_LOOP('',(#1376));
#252=EDGE_LOOP('',(#1377,#1378,#1379,#1380,#1381));
#253=EDGE_LOOP('',(#1382,#1383,#1384,#1385,#1386));
#254=EDGE_LOOP('',(#1387,#1388,#1389,#1390,#1391));
#255=EDGE_LOOP('',(#1392,#1393,#1394,#1395,#1396));
#256=EDGE_LOOP('',(#1397,#1398,#1399,#1400,#1401,#1402,#1403,#1404));
#257=EDGE_LOOP('',(#1405));
#258=EDGE_LOOP('',(#1406,#1407,#1408,#1409,#1410));
#259=EDGE_LOOP('',(#1411,#1412,#1413,#1414,#1415));
#260=EDGE_LOOP('',(#1416,#1417,#1418,#1419,#1420,#1421,#1422,#1423));
#261=EDGE_LOOP('',(#1424));
#262=EDGE_LOOP('',(#1425,#1426,#1427,#1428,#1429));
#263=EDGE_LOOP('',(#1430,#1431,#1432,#1433));
#264=EDGE_LOOP('',(#1434,#1435,#1436,#1437,#1438,#1439,#1440,#1441,#1442,
#1443,#1444,#1445));
#265=EDGE_LOOP('',(#1446,#1447,#1448,#1449,#1450));
#266=EDGE_LOOP('',(#1451));
#267=EDGE_LOOP('',(#1452,#1453,#1454,#1455));
#268=EDGE_LOOP('',(#1456,#1457,#1458,#1459));
#269=EDGE_LOOP('',(#1460,#1461,#1462,#1463));
#270=EDGE_LOOP('',(#1464,#1465,#1466,#1467,#1468));
#271=EDGE_LOOP('',(#1469,#1470,#1471,#1472));
#272=EDGE_LOOP('',(#1473,#1474,#1475,#1476));
#273=EDGE_LOOP('',(#1477,#1478,#1479,#1480));
#274=EDGE_LOOP('',(#1481,#1482,#1483,#1484));
#275=EDGE_LOOP('',(#1485,#1486,#1487,#1488));
#276=EDGE_LOOP('',(#1489,#1490,#1491,#1492));
#277=EDGE_LOOP('',(#1493,#1494,#1495,#1496));
#278=EDGE_LOOP('',(#1497,#1498,#1499,#1500));
#279=EDGE_LOOP('',(#1501,#1502,#1503,#1504));
#280=EDGE_LOOP('',(#1505,#1506,#1507,#1508));
#281=EDGE_LOOP('',(#1509,#1510,#1511,#1512));
#282=EDGE_LOOP('',(#1513,#1514,#1515,#1516));
#283=EDGE_LOOP('',(#1517,#1518,#1519,#1520));
#284=EDGE_LOOP('',(#1521));
#285=EDGE_LOOP('',(#1522));
#286=EDGE_LOOP('',(#1523));
#287=EDGE_LOOP('',(#1524));
#288=EDGE_LOOP('',(#1525,#1526,#1527,#1528,#1529,#1530,#1531,#1532,#1533,
#1534,#1535,#1536,#1537,#1538,#1539,#1540,#1541,#1542,#1543,#1544,#1545,
#1546,#1547,#1548,#1549,#1550,#1551,#1552));
#289=EDGE_LOOP('',(#1553,#1554,#1555,#1556,#1557,#1558));
#290=EDGE_LOOP('',(#1559,#1560,#1561,#1562,#1563,#1564,#1565,#1566));
#291=EDGE_LOOP('',(#1567,#1568,#1569,#1570));
#292=EDGE_LOOP('',(#1571,#1572,#1573,#1574,#1575,#1576,#1577,#1578));
#293=EDGE_LOOP('',(#1579));
#294=EDGE_LOOP('',(#1580,#1581,#1582,#1583));
#295=EDGE_LOOP('',(#1584,#1585,#1586,#1587));
#296=EDGE_LOOP('',(#1588,#1589,#1590,#1591));
#297=EDGE_LOOP('',(#1592,#1593,#1594,#1595));
#298=EDGE_LOOP('',(#1596,#1597,#1598,#1599));
#299=EDGE_LOOP('',(#1600,#1601,#1602,#1603));
#300=EDGE_LOOP('',(#1604,#1605,#1606,#1607));
#301=EDGE_LOOP('',(#1608,#1609,#1610,#1611));
#302=EDGE_LOOP('',(#1612,#1613,#1614,#1615));
#303=EDGE_LOOP('',(#1616,#1617,#1618,#1619,#1620,#1621,#1622,#1623,#1624,
#1625,#1626,#1627,#1628,#1629,#1630,#1631));
#304=EDGE_LOOP('',(#1632,#1633,#1634,#1635));
#305=EDGE_LOOP('',(#1636,#1637,#1638,#1639));
#306=EDGE_LOOP('',(#1640,#1641,#1642,#1643));
#307=EDGE_LOOP('',(#1644,#1645,#1646,#1647));
#308=EDGE_LOOP('',(#1648));
#309=EDGE_LOOP('',(#1649));
#310=EDGE_LOOP('',(#1650,#1651,#1652,#1653));
#311=EDGE_LOOP('',(#1654,#1655,#1656,#1657));
#312=EDGE_LOOP('',(#1658,#1659,#1660,#1661,#1662,#1663,#1664));
#313=EDGE_LOOP('',(#1665));
#314=EDGE_LOOP('',(#1666,#1667,#1668,#1669));
#315=EDGE_LOOP('',(#1670,#1671,#1672,#1673));
#316=EDGE_LOOP('',(#1674,#1675,#1676,#1677,#1678,#1679,#1680));
#317=EDGE_LOOP('',(#1681));
#318=EDGE_LOOP('',(#1682,#1683,#1684,#1685));
#319=EDGE_LOOP('',(#1686,#1687,#1688,#1689,#1690,#1691,#1692));
#320=EDGE_LOOP('',(#1693));
#321=EDGE_LOOP('',(#1694,#1695,#1696,#1697));
#322=EDGE_LOOP('',(#1698,#1699,#1700,#1701));
#323=EDGE_LOOP('',(#1702,#1703,#1704,#1705));
#324=EDGE_LOOP('',(#1706,#1707,#1708,#1709));
#325=EDGE_LOOP('',(#1710,#1711,#1712,#1713));
#326=EDGE_LOOP('',(#1714,#1715,#1716,#1717));
#327=EDGE_LOOP('',(#1718,#1719,#1720,#1721));
#328=EDGE_LOOP('',(#1722,#1723,#1724,#1725));
#329=EDGE_LOOP('',(#1726,#1727,#1728,#1729));
#330=EDGE_LOOP('',(#1730,#1731,#1732,#1733));
#331=EDGE_LOOP('',(#1734,#1735,#1736,#1737));
#332=EDGE_LOOP('',(#1738,#1739,#1740,#1741));
#333=EDGE_LOOP('',(#1742));
#334=EDGE_LOOP('',(#1743));
#335=EDGE_LOOP('',(#1744));
#336=EDGE_LOOP('',(#1745));
#337=EDGE_LOOP('',(#1746,#1747,#1748,#1749));
#338=EDGE_LOOP('',(#1750,#1751,#1752,#1753));
#339=EDGE_LOOP('',(#1754,#1755,#1756,#1757));
#340=EDGE_LOOP('',(#1758,#1759,#1760,#1761));
#341=EDGE_LOOP('',(#1762));
#342=EDGE_LOOP('',(#1763));
#343=EDGE_LOOP('',(#1764));
#344=EDGE_LOOP('',(#1765));
#345=EDGE_LOOP('',(#1766));
#346=EDGE_LOOP('',(#1767,#1768,#1769,#1770));
#347=EDGE_LOOP('',(#1771));
#348=EDGE_LOOP('',(#1772));
#349=EDGE_LOOP('',(#1773,#1774,#1775,#1776));
#350=EDGE_LOOP('',(#1777,#1778,#1779,#1780));
#351=EDGE_LOOP('',(#1781));
#352=EDGE_LOOP('',(#1782,#1783,#1784,#1785));
#353=EDGE_LOOP('',(#1786,#1787,#1788,#1789));
#354=EDGE_LOOP('',(#1790,#1791,#1792,#1793,#1794,#1795,#1796,#1797,#1798));
#355=EDGE_LOOP('',(#1799,#1800,#1801,#1802));
#356=EDGE_LOOP('',(#1803,#1804,#1805,#1806));
#357=EDGE_LOOP('',(#1807,#1808,#1809,#1810));
#358=EDGE_LOOP('',(#1811,#1812,#1813,#1814));
#359=EDGE_LOOP('',(#1815,#1816,#1817,#1818,#1819,#1820,#1821));
#360=EDGE_LOOP('',(#1822,#1823,#1824,#1825));
#361=EDGE_LOOP('',(#1826,#1827,#1828,#1829));
#362=EDGE_LOOP('',(#1830,#1831,#1832,#1833));
#363=EDGE_LOOP('',(#1834,#1835));
#364=EDGE_LOOP('',(#1836));
#365=EDGE_LOOP('',(#1837,#1838,#1839,#1840));
#366=EDGE_LOOP('',(#1841,#1842,#1843,#1844));
#367=EDGE_LOOP('',(#1845,#1846,#1847,#1848));
#368=EDGE_LOOP('',(#1849,#1850,#1851,#1852));
#369=EDGE_LOOP('',(#1853,#1854,#1855,#1856,#1857,#1858,#1859,#1860));
#370=EDGE_LOOP('',(#1861,#1862,#1863,#1864));
#371=EDGE_LOOP('',(#1865,#1866,#1867,#1868));
#372=EDGE_LOOP('',(#1869,#1870,#1871,#1872));
#373=EDGE_LOOP('',(#1873,#1874,#1875,#1876));
#374=EDGE_LOOP('',(#1877,#1878,#1879,#1880));
#375=EDGE_LOOP('',(#1881,#1882,#1883,#1884));
#376=EDGE_LOOP('',(#1885));
#377=EDGE_LOOP('',(#1886,#1887,#1888,#1889));
#378=EDGE_LOOP('',(#1890,#1891,#1892,#1893));
#379=EDGE_LOOP('',(#1894));
#380=EDGE_LOOP('',(#1895));
#381=EDGE_LOOP('',(#1896,#1897,#1898,#1899));
#382=EDGE_LOOP('',(#1900));
#383=EDGE_LOOP('',(#1901,#1902,#1903,#1904));
#384=EDGE_LOOP('',(#1905,#1906,#1907,#1908));
#385=EDGE_LOOP('',(#1909,#1910,#1911,#1912));
#386=EDGE_LOOP('',(#1913));
#387=EDGE_LOOP('',(#1914,#1915,#1916,#1917));
#388=EDGE_LOOP('',(#1918,#1919,#1920,#1921,#1922));
#389=EDGE_LOOP('',(#1923,#1924,#1925,#1926,#1927));
#390=EDGE_LOOP('',(#1928,#1929,#1930,#1931,#1932));
#391=EDGE_LOOP('',(#1933));
#392=CIRCLE('',#2098,8.);
#393=CIRCLE('',#2099,8.);
#394=CIRCLE('',#2101,2.);
#395=CIRCLE('',#2102,10.);
#396=CIRCLE('',#2104,6.);
#397=CIRCLE('',#2105,2.);
#398=CIRCLE('',#2106,8.);
#399=CIRCLE('',#2107,6.);
#400=CIRCLE('',#2109,8.00000000000001);
#401=CIRCLE('',#2111,6.);
#402=CIRCLE('',#2113,6.00000000000001);
#403=CIRCLE('',#2114,2.);
#404=CIRCLE('',#2115,6.00000000000001);
#405=CIRCLE('',#2117,6.00000000000001);
#406=CIRCLE('',#2119,7.);
#407=CIRCLE('',#2120,2.);
#408=CIRCLE('',#2121,9.);
#409=CIRCLE('',#2122,7.);
#410=CIRCLE('',#2125,7.);
#411=CIRCLE('',#2127,7.);
#412=CIRCLE('',#2128,2.);
#413=CIRCLE('',#2129,9.);
#414=CIRCLE('',#2130,7.);
#415=CIRCLE('',#2133,7.);
#416=CIRCLE('',#2135,8.75);
#417=CIRCLE('',#2136,2.);
#418=CIRCLE('',#2137,10.75);
#419=CIRCLE('',#2140,8.75);
#420=CIRCLE('',#2142,1.);
#421=CIRCLE('',#2148,1.);
#422=CIRCLE('',#2158,1.);
#423=CIRCLE('',#2163,1.);
#424=CIRCLE('',#2164,1.);
#425=CIRCLE('',#2167,3.);
#426=CIRCLE('',#2168,3.);
#427=CIRCLE('',#2169,3.);
#428=CIRCLE('',#2170,3.);
#429=CIRCLE('',#2171,1.);
#430=CIRCLE('',#2172,1.);
#431=CIRCLE('',#2173,1.);
#432=CIRCLE('',#2174,1.);
#433=CIRCLE('',#2175,1.);
#434=CIRCLE('',#2176,1.);
#435=CIRCLE('',#2177,1.);
#436=CIRCLE('',#2178,1.);
#437=CIRCLE('',#2179,1.);
#438=CIRCLE('',#2180,1.);
#439=CIRCLE('',#2181,1.);
#440=CIRCLE('',#2183,1.);
#441=CIRCLE('',#2186,1.);
#442=CIRCLE('',#2188,1.);
#443=CIRCLE('',#2189,3.);
#444=CIRCLE('',#2193,1.);
#445=CIRCLE('',#2196,1.);
#446=CIRCLE('',#2198,1.);
#447=CIRCLE('',#2200,1.);
#448=CIRCLE('',#2203,1.);
#449=CIRCLE('',#2206,1.);
#450=CIRCLE('',#2209,1.);
#451=CIRCLE('',#2211,1.);
#452=CIRCLE('',#2213,2.875);
#453=CIRCLE('',#2215,2.875);
#454=CIRCLE('',#2217,3.);
#455=CIRCLE('',#2221,3.);
#456=CIRCLE('',#2225,3.);
#457=CIRCLE('',#2239,3.);
#458=CIRCLE('',#2241,3.);
#459=CIRCLE('',#2243,3.);
#460=CIRCLE('',#2245,3.);
#461=CIRCLE('',#2247,3.);
#462=CIRCLE('',#2248,3.);
#463=CIRCLE('',#2252,3.);
#464=CIRCLE('',#2254,3.);
#465=CIRCLE('',#2256,3.75);
#466=CIRCLE('',#2258,3.75);
#467=CIRCLE('',#2268,10.);
#468=CIRCLE('',#2270,8.);
#469=CIRCLE('',#2272,8.);
#470=CIRCLE('',#2274,3.);
#471=CIRCLE('',#2275,3.);
#472=CIRCLE('',#2290,2.875);
#473=CIRCLE('',#2293,2.875);
#474=LINE('',#2903,#674);
#475=LINE('',#2907,#675);
#476=LINE('',#2929,#676);
#477=LINE('',#2931,#677);
#478=LINE('',#2933,#678);
#479=LINE('',#2934,#679);
#480=LINE('',#2939,#680);
#481=LINE('',#2941,#681);
#482=LINE('',#2943,#682);
#483=LINE('',#2944,#683);
#484=LINE('',#2948,#684);
#485=LINE('',#2958,#685);
#486=LINE('',#2970,#686);
#487=LINE('',#2972,#687);
#488=LINE('',#2974,#688);
#489=LINE('',#2976,#689);
#490=LINE('',#2977,#690);
#491=LINE('',#2979,#691);
#492=LINE('',#2980,#692);
#493=LINE('',#2984,#693);
#494=LINE('',#2996,#694);
#495=LINE('',#2998,#695);
#496=LINE('',#3000,#696);
#497=LINE('',#3002,#697);
#498=LINE('',#3003,#698);
#499=LINE('',#3005,#699);
#500=LINE('',#3006,#700);
#501=LINE('',#3010,#701);
#502=LINE('',#3020,#702);
#503=LINE('',#3021,#703);
#504=LINE('',#3023,#704);
#505=LINE('',#3025,#705);
#506=LINE('',#3027,#706);
#507=LINE('',#3029,#707);
#508=LINE('',#3031,#708);
#509=LINE('',#3033,#709);
#510=LINE('',#3034,#710);
#511=LINE('',#3037,#711);
#512=LINE('',#3039,#712);
#513=LINE('',#3041,#713);
#514=LINE('',#3043,#714);
#515=LINE('',#3044,#715);
#516=LINE('',#3048,#716);
#517=LINE('',#3052,#717);
#518=LINE('',#3058,#718);
#519=LINE('',#3064,#719);
#520=LINE('',#3067,#720);
#521=LINE('',#3069,#721);
#522=LINE('',#3070,#722);
#523=LINE('',#3073,#723);
#524=LINE('',#3074,#724);
#525=LINE('',#3077,#725);
#526=LINE('',#3078,#726);
#527=LINE('',#3082,#727);
#528=LINE('',#3087,#728);
#529=LINE('',#3092,#729);
#530=LINE('',#3095,#730);
#531=LINE('',#3097,#731);
#532=LINE('',#3098,#732);
#533=LINE('',#3101,#733);
#534=LINE('',#3102,#734);
#535=LINE('',#3105,#735);
#536=LINE('',#3106,#736);
#537=LINE('',#3112,#737);
#538=LINE('',#3115,#738);
#539=LINE('',#3118,#739);
#540=LINE('',#3120,#740);
#541=LINE('',#3121,#741);
#542=LINE('',#3125,#742);
#543=LINE('',#3127,#743);
#544=LINE('',#3129,#744);
#545=LINE('',#3130,#745);
#546=LINE('',#3133,#746);
#547=LINE('',#3135,#747);
#548=LINE('',#3137,#748);
#549=LINE('',#3138,#749);
#550=LINE('',#3148,#750);
#551=LINE('',#3153,#751);
#552=LINE('',#3157,#752);
#553=LINE('',#3161,#753);
#554=LINE('',#3163,#754);
#555=LINE('',#3165,#755);
#556=LINE('',#3167,#756);
#557=LINE('',#3169,#757);
#558=LINE('',#3173,#758);
#559=LINE('',#3177,#759);
#560=LINE('',#3182,#760);
#561=LINE('',#3186,#761);
#562=LINE('',#3191,#762);
#563=LINE('',#3194,#763);
#564=LINE('',#3196,#764);
#565=LINE('',#3197,#765);
#566=LINE('',#3202,#766);
#567=LINE('',#3203,#767);
#568=LINE('',#3206,#768);
#569=LINE('',#3208,#769);
#570=LINE('',#3212,#770);
#571=LINE('',#3218,#771);
#572=LINE('',#3219,#772);
#573=LINE('',#3222,#773);
#574=LINE('',#3223,#774);
#575=LINE('',#3227,#775);
#576=LINE('',#3231,#776);
#577=LINE('',#3236,#777);
#578=LINE('',#3237,#778);
#579=LINE('',#3240,#779);
#580=LINE('',#3241,#780);
#581=LINE('',#3245,#781);
#582=LINE('',#3248,#782);
#583=LINE('',#3250,#783);
#584=LINE('',#3252,#784);
#585=LINE('',#3254,#785);
#586=LINE('',#3256,#786);
#587=LINE('',#3258,#787);
#588=LINE('',#3259,#788);
#589=LINE('',#3260,#789);
#590=LINE('',#3261,#790);
#591=LINE('',#3265,#791);
#592=LINE('',#3267,#792);
#593=LINE('',#3273,#793);
#594=LINE('',#3283,#794);
#595=LINE('',#3285,#795);
#596=LINE('',#3290,#796);
#597=LINE('',#3292,#797);
#598=LINE('',#3297,#798);
#599=LINE('',#3300,#799);
#600=LINE('',#3304,#800);
#601=LINE('',#3306,#801);
#602=LINE('',#3307,#802);
#603=LINE('',#3310,#803);
#604=LINE('',#3311,#804);
#605=LINE('',#3314,#805);
#606=LINE('',#3315,#806);
#607=LINE('',#3317,#807);
#608=LINE('',#3321,#808);
#609=LINE('',#3323,#809);
#610=LINE('',#3325,#810);
#611=LINE('',#3326,#811);
#612=LINE('',#3329,#812);
#613=LINE('',#3331,#813);
#614=LINE('',#3332,#814);
#615=LINE('',#3335,#815);
#616=LINE('',#3337,#816);
#617=LINE('',#3338,#817);
#618=LINE('',#3340,#818);
#619=LINE('',#3341,#819);
#620=LINE('',#3352,#820);
#621=LINE('',#3356,#821);
#622=LINE('',#3361,#822);
#623=LINE('',#3365,#823);
#624=LINE('',#3367,#824);
#625=LINE('',#3368,#825);
#626=LINE('',#3376,#826);
#627=LINE('',#3383,#827);
#628=LINE('',#3386,#828);
#629=LINE('',#3387,#829);
#630=LINE('',#3390,#830);
#631=LINE('',#3392,#831);
#632=LINE('',#3393,#832);
#633=LINE('',#3396,#833);
#634=LINE('',#3398,#834);
#635=LINE('',#3399,#835);
#636=LINE('',#3401,#836);
#637=LINE('',#3408,#837);
#638=LINE('',#3409,#838);
#639=LINE('',#3411,#839);
#640=LINE('',#3412,#840);
#641=LINE('',#3414,#841);
#642=LINE('',#3415,#842);
#643=LINE('',#3418,#843);
#644=LINE('',#3420,#844);
#645=LINE('',#3431,#845);
#646=LINE('',#3437,#846);
#647=LINE('',#3439,#847);
#648=LINE('',#3441,#848);
#649=LINE('',#3442,#849);
#650=LINE('',#3445,#850);
#651=LINE('',#3447,#851);
#652=LINE('',#3448,#852);
#653=LINE('',#3451,#853);
#654=LINE('',#3453,#854);
#655=LINE('',#3454,#855);
#656=LINE('',#3456,#856);
#657=LINE('',#3457,#857);
#658=LINE('',#3460,#858);
#659=LINE('',#3462,#859);
#660=LINE('',#3463,#860);
#661=LINE('',#3466,#861);
#662=LINE('',#3467,#862);
#663=LINE('',#3470,#863);
#664=LINE('',#3471,#864);
#665=LINE('',#3473,#865);
#666=LINE('',#3477,#866);
#667=LINE('',#3478,#867);
#668=LINE('',#3480,#868);
#669=LINE('',#3485,#869);
#670=LINE('',#3490,#870);
#671=LINE('',#3493,#871);
#672=LINE('',#3494,#872);
#673=LINE('',#3496,#873);
#674=VECTOR('',#2301,8.);
#675=VECTOR('',#2304,10.);
#676=VECTOR('',#2325,10.);
#677=VECTOR('',#2326,10.);
#678=VECTOR('',#2327,10.);
#679=VECTOR('',#2328,10.);
#680=VECTOR('',#2331,10.);
#681=VECTOR('',#2332,10.);
#682=VECTOR('',#2333,10.);
#683=VECTOR('',#2334,10.);
#684=VECTOR('',#2339,6.);
#685=VECTOR('',#2352,6.00000000000001);
#686=VECTOR('',#2365,10.);
#687=VECTOR('',#2366,10.);
#688=VECTOR('',#2367,10.);
#689=VECTOR('',#2368,10.);
#690=VECTOR('',#2369,10.);
#691=VECTOR('',#2370,10.);
#692=VECTOR('',#2371,10.);
#693=VECTOR('',#2376,7.);
#694=VECTOR('',#2389,10.);
#695=VECTOR('',#2390,10.);
#696=VECTOR('',#2391,10.);
#697=VECTOR('',#2392,10.);
#698=VECTOR('',#2393,10.);
#699=VECTOR('',#2394,10.);
#700=VECTOR('',#2395,10.);
#701=VECTOR('',#2400,7.);
#702=VECTOR('',#2411,10.);
#703=VECTOR('',#2412,10.);
#704=VECTOR('',#2413,10.);
#705=VECTOR('',#2414,10.);
#706=VECTOR('',#2415,10.);
#707=VECTOR('',#2416,10.);
#708=VECTOR('',#2417,10.);
#709=VECTOR('',#2418,10.);
#710=VECTOR('',#2419,10.);
#711=VECTOR('',#2420,10.);
#712=VECTOR('',#2421,10.);
#713=VECTOR('',#2422,10.);
#714=VECTOR('',#2423,10.);
#715=VECTOR('',#2424,10.);
#716=VECTOR('',#2429,8.75);
#717=VECTOR('',#2432,10.);
#718=VECTOR('',#2441,10.);
#719=VECTOR('',#2448,10.);
#720=VECTOR('',#2451,10.);
#721=VECTOR('',#2452,10.);
#722=VECTOR('',#2453,10.);
#723=VECTOR('',#2456,10.);
#724=VECTOR('',#2457,10.);
#725=VECTOR('',#2460,10.);
#726=VECTOR('',#2461,10.);
#727=VECTOR('',#2464,10.);
#728=VECTOR('',#2471,10.);
#729=VECTOR('',#2478,10.);
#730=VECTOR('',#2481,10.);
#731=VECTOR('',#2482,10.);
#732=VECTOR('',#2483,10.);
#733=VECTOR('',#2486,10.);
#734=VECTOR('',#2487,10.);
#735=VECTOR('',#2490,10.);
#736=VECTOR('',#2491,10.);
#737=VECTOR('',#2496,10.);
#738=VECTOR('',#2499,10.);
#739=VECTOR('',#2502,10.);
#740=VECTOR('',#2503,10.);
#741=VECTOR('',#2504,10.);
#742=VECTOR('',#2507,10.);
#743=VECTOR('',#2508,10.);
#744=VECTOR('',#2509,10.);
#745=VECTOR('',#2510,10.);
#746=VECTOR('',#2511,10.);
#747=VECTOR('',#2512,10.);
#748=VECTOR('',#2513,10.);
#749=VECTOR('',#2514,10.);
#750=VECTOR('',#2523,10.);
#751=VECTOR('',#2528,10.);
#752=VECTOR('',#2531,10.);
#753=VECTOR('',#2534,10.);
#754=VECTOR('',#2535,10.);
#755=VECTOR('',#2536,10.);
#756=VECTOR('',#2537,10.);
#757=VECTOR('',#2538,10.);
#758=VECTOR('',#2541,10.);
#759=VECTOR('',#2544,10.);
#760=VECTOR('',#2549,10.);
#761=VECTOR('',#2552,10.);
#762=VECTOR('',#2559,10.);
#763=VECTOR('',#2562,10.);
#764=VECTOR('',#2565,10.);
#765=VECTOR('',#2566,10.);
#766=VECTOR('',#2571,10.);
#767=VECTOR('',#2572,10.);
#768=VECTOR('',#2575,10.);
#769=VECTOR('',#2578,10.);
#770=VECTOR('',#2583,10.);
#771=VECTOR('',#2590,10.);
#772=VECTOR('',#2591,10.);
#773=VECTOR('',#2594,10.);
#774=VECTOR('',#2595,10.);
#775=VECTOR('',#2600,10.);
#776=VECTOR('',#2605,10.);
#777=VECTOR('',#2610,10.);
#778=VECTOR('',#2611,10.);
#779=VECTOR('',#2614,10.);
#780=VECTOR('',#2615,10.);
#781=VECTOR('',#2620,10.);
#782=VECTOR('',#2623,10.);
#783=VECTOR('',#2624,10.);
#784=VECTOR('',#2625,10.);
#785=VECTOR('',#2626,10.);
#786=VECTOR('',#2627,10.);
#787=VECTOR('',#2628,10.);
#788=VECTOR('',#2629,10.);
#789=VECTOR('',#2630,10.);
#790=VECTOR('',#2631,10.);
#791=VECTOR('',#2636,10.);
#792=VECTOR('',#2639,10.);
#793=VECTOR('',#2648,10.);
#794=VECTOR('',#2661,3.);
#795=VECTOR('',#2664,10.);
#796=VECTOR('',#2671,3.);
#797=VECTOR('',#2674,10.);
#798=VECTOR('',#2681,3.);
#799=VECTOR('',#2686,3.);
#800=VECTOR('',#2691,10.);
#801=VECTOR('',#2692,10.);
#802=VECTOR('',#2693,10.);
#803=VECTOR('',#2696,10.);
#804=VECTOR('',#2697,10.);
#805=VECTOR('',#2700,10.);
#806=VECTOR('',#2701,10.);
#807=VECTOR('',#2704,10.);
#808=VECTOR('',#2707,10.);
#809=VECTOR('',#2708,10.);
#810=VECTOR('',#2709,10.);
#811=VECTOR('',#2710,10.);
#812=VECTOR('',#2713,10.);
#813=VECTOR('',#2714,10.);
#814=VECTOR('',#2715,10.);
#815=VECTOR('',#2718,10.);
#816=VECTOR('',#2719,10.);
#817=VECTOR('',#2720,10.);
#818=VECTOR('',#2723,10.);
#819=VECTOR('',#2724,10.);
#820=VECTOR('',#2739,3.);
#821=VECTOR('',#2744,3.);
#822=VECTOR('',#2749,3.);
#823=VECTOR('',#2754,10.);
#824=VECTOR('',#2755,10.);
#825=VECTOR('',#2756,10.);
#826=VECTOR('',#2767,3.);
#827=VECTOR('',#2776,3.75);
#828=VECTOR('',#2779,10.);
#829=VECTOR('',#2780,10.);
#830=VECTOR('',#2783,10.);
#831=VECTOR('',#2784,10.);
#832=VECTOR('',#2785,10.);
#833=VECTOR('',#2788,10.);
#834=VECTOR('',#2789,10.);
#835=VECTOR('',#2790,10.);
#836=VECTOR('',#2793,10.);
#837=VECTOR('',#2794,10.);
#838=VECTOR('',#2795,10.);
#839=VECTOR('',#2796,10.);
#840=VECTOR('',#2797,10.);
#841=VECTOR('',#2800,10.);
#842=VECTOR('',#2801,10.);
#843=VECTOR('',#2806,10.);
#844=VECTOR('',#2809,10.);
#845=VECTOR('',#2826,3.);
#846=VECTOR('',#2833,10.);
#847=VECTOR('',#2834,10.);
#848=VECTOR('',#2835,10.);
#849=VECTOR('',#2836,10.);
#850=VECTOR('',#2839,10.);
#851=VECTOR('',#2840,10.);
#852=VECTOR('',#2841,10.);
#853=VECTOR('',#2844,10.);
#854=VECTOR('',#2845,10.);
#855=VECTOR('',#2846,10.);
#856=VECTOR('',#2849,10.);
#857=VECTOR('',#2850,10.);
#858=VECTOR('',#2853,10.);
#859=VECTOR('',#2854,10.);
#860=VECTOR('',#2855,10.);
#861=VECTOR('',#2858,10.);
#862=VECTOR('',#2859,10.);
#863=VECTOR('',#2862,10.);
#864=VECTOR('',#2863,10.);
#865=VECTOR('',#2866,10.);
#866=VECTOR('',#2871,10.);
#867=VECTOR('',#2872,10.);
#868=VECTOR('',#2875,10.);
#869=VECTOR('',#2882,2.875);
#870=VECTOR('',#2889,2.875);
#871=VECTOR('',#2892,10.);
#872=VECTOR('',#2893,10.);
#873=VECTOR('',#2896,10.);
#874=VERTEX_POINT('',#2901);
#875=VERTEX_POINT('',#2902);
#876=VERTEX_POINT('',#2904);
#877=VERTEX_POINT('',#2906);
#878=VERTEX_POINT('',#2910);
#879=VERTEX_POINT('',#2912);
#880=VERTEX_POINT('',#2919);
#881=VERTEX_POINT('',#2920);
#882=VERTEX_POINT('',#2922);
#883=VERTEX_POINT('',#2927);
#884=VERTEX_POINT('',#2928);
#885=VERTEX_POINT('',#2930);
#886=VERTEX_POINT('',#2932);
#887=VERTEX_POINT('',#2935);
#888=VERTEX_POINT('',#2937);
#889=VERTEX_POINT('',#2938);
#890=VERTEX_POINT('',#2940);
#891=VERTEX_POINT('',#2942);
#892=VERTEX_POINT('',#2946);
#893=VERTEX_POINT('',#2950);
#894=VERTEX_POINT('',#2951);
#895=VERTEX_POINT('',#2956);
#896=VERTEX_POINT('',#2960);
#897=VERTEX_POINT('',#2961);
#898=VERTEX_POINT('',#2963);
#899=VERTEX_POINT('',#2968);
#900=VERTEX_POINT('',#2969);
#901=VERTEX_POINT('',#2971);
#902=VERTEX_POINT('',#2973);
#903=VERTEX_POINT('',#2975);
#904=VERTEX_POINT('',#2978);
#905=VERTEX_POINT('',#2982);
#906=VERTEX_POINT('',#2986);
#907=VERTEX_POINT('',#2987);
#908=VERTEX_POINT('',#2989);
#909=VERTEX_POINT('',#2994);
#910=VERTEX_POINT('',#2995);
#911=VERTEX_POINT('',#2997);
#912=VERTEX_POINT('',#2999);
#913=VERTEX_POINT('',#3001);
#914=VERTEX_POINT('',#3004);
#915=VERTEX_POINT('',#3008);
#916=VERTEX_POINT('',#3012);
#917=VERTEX_POINT('',#3014);
#918=VERTEX_POINT('',#3018);
#919=VERTEX_POINT('',#3019);
#920=VERTEX_POINT('',#3022);
#921=VERTEX_POINT('',#3024);
#922=VERTEX_POINT('',#3026);
#923=VERTEX_POINT('',#3028);
#924=VERTEX_POINT('',#3030);
#925=VERTEX_POINT('',#3032);
#926=VERTEX_POINT('',#3035);
#927=VERTEX_POINT('',#3036);
#928=VERTEX_POINT('',#3038);
#929=VERTEX_POINT('',#3040);
#930=VERTEX_POINT('',#3042);
#931=VERTEX_POINT('',#3046);
#932=VERTEX_POINT('',#3050);
#933=VERTEX_POINT('',#3051);
#934=VERTEX_POINT('',#3056);
#935=VERTEX_POINT('',#3060);
#936=VERTEX_POINT('',#3062);
#937=VERTEX_POINT('',#3066);
#938=VERTEX_POINT('',#3068);
#939=VERTEX_POINT('',#3072);
#940=VERTEX_POINT('',#3076);
#941=VERTEX_POINT('',#3080);
#942=VERTEX_POINT('',#3081);
#943=VERTEX_POINT('',#3086);
#944=VERTEX_POINT('',#3090);
#945=VERTEX_POINT('',#3094);
#946=VERTEX_POINT('',#3096);
#947=VERTEX_POINT('',#3100);
#948=VERTEX_POINT('',#3104);
#949=VERTEX_POINT('',#3108);
#950=VERTEX_POINT('',#3109);
#951=VERTEX_POINT('',#3111);
#952=VERTEX_POINT('',#3113);
#953=VERTEX_POINT('',#3117);
#954=VERTEX_POINT('',#3119);
#955=VERTEX_POINT('',#3123);
#956=VERTEX_POINT('',#3124);
#957=VERTEX_POINT('',#3126);
#958=VERTEX_POINT('',#3128);
#959=VERTEX_POINT('',#3131);
#960=VERTEX_POINT('',#3132);
#961=VERTEX_POINT('',#3134);
#962=VERTEX_POINT('',#3136);
#963=VERTEX_POINT('',#3139);
#964=VERTEX_POINT('',#3141);
#965=VERTEX_POINT('',#3143);
#966=VERTEX_POINT('',#3145);
#967=VERTEX_POINT('',#3147);
#968=VERTEX_POINT('',#3150);
#969=VERTEX_POINT('',#3152);
#970=VERTEX_POINT('',#3154);
#971=VERTEX_POINT('',#3156);
#972=VERTEX_POINT('',#3158);
#973=VERTEX_POINT('',#3160);
#974=VERTEX_POINT('',#3162);
#975=VERTEX_POINT('',#3164);
#976=VERTEX_POINT('',#3166);
#977=VERTEX_POINT('',#3168);
#978=VERTEX_POINT('',#3170);
#979=VERTEX_POINT('',#3172);
#980=VERTEX_POINT('',#3174);
#981=VERTEX_POINT('',#3176);
#982=VERTEX_POINT('',#3179);
#983=VERTEX_POINT('',#3181);
#984=VERTEX_POINT('',#3183);
#985=VERTEX_POINT('',#3185);
#986=VERTEX_POINT('',#3190);
#987=VERTEX_POINT('',#3192);
#988=VERTEX_POINT('',#3199);
#989=VERTEX_POINT('',#3200);
#990=VERTEX_POINT('',#3205);
#991=VERTEX_POINT('',#3209);
#992=VERTEX_POINT('',#3215);
#993=VERTEX_POINT('',#3216);
#994=VERTEX_POINT('',#3221);
#995=VERTEX_POINT('',#3225);
#996=VERTEX_POINT('',#3229);
#997=VERTEX_POINT('',#3233);
#998=VERTEX_POINT('',#3234);
#999=VERTEX_POINT('',#3239);
#1000=VERTEX_POINT('',#3243);
#1001=VERTEX_POINT('',#3247);
#1002=VERTEX_POINT('',#3249);
#1003=VERTEX_POINT('',#3251);
#1004=VERTEX_POINT('',#3253);
#1005=VERTEX_POINT('',#3255);
#1006=VERTEX_POINT('',#3257);
#1007=VERTEX_POINT('',#3263);
#1008=VERTEX_POINT('',#3271);
#1009=VERTEX_POINT('',#3275);
#1010=VERTEX_POINT('',#3278);
#1011=VERTEX_POINT('',#3281);
#1012=VERTEX_POINT('',#3288);
#1013=VERTEX_POINT('',#3295);
#1014=VERTEX_POINT('',#3303);
#1015=VERTEX_POINT('',#3305);
#1016=VERTEX_POINT('',#3309);
#1017=VERTEX_POINT('',#3313);
#1018=VERTEX_POINT('',#3319);
#1019=VERTEX_POINT('',#3320);
#1020=VERTEX_POINT('',#3322);
#1021=VERTEX_POINT('',#3324);
#1022=VERTEX_POINT('',#3328);
#1023=VERTEX_POINT('',#3330);
#1024=VERTEX_POINT('',#3334);
#1025=VERTEX_POINT('',#3336);
#1026=VERTEX_POINT('',#3344);
#1027=VERTEX_POINT('',#3347);
#1028=VERTEX_POINT('',#3350);
#1029=VERTEX_POINT('',#3354);
#1030=VERTEX_POINT('',#3358);
#1031=VERTEX_POINT('',#3360);
#1032=VERTEX_POINT('',#3364);
#1033=VERTEX_POINT('',#3366);
#1034=VERTEX_POINT('',#3371);
#1035=VERTEX_POINT('',#3374);
#1036=VERTEX_POINT('',#3378);
#1037=VERTEX_POINT('',#3381);
#1038=VERTEX_POINT('',#3385);
#1039=VERTEX_POINT('',#3389);
#1040=VERTEX_POINT('',#3391);
#1041=VERTEX_POINT('',#3395);
#1042=VERTEX_POINT('',#3397);
#1043=VERTEX_POINT('',#3402);
#1044=VERTEX_POINT('',#3407);
#1045=VERTEX_POINT('',#3410);
#1046=VERTEX_POINT('',#3428);
#1047=VERTEX_POINT('',#3430);
#1048=VERTEX_POINT('',#3435);
#1049=VERTEX_POINT('',#3436);
#1050=VERTEX_POINT('',#3438);
#1051=VERTEX_POINT('',#3440);
#1052=VERTEX_POINT('',#3444);
#1053=VERTEX_POINT('',#3446);
#1054=VERTEX_POINT('',#3450);
#1055=VERTEX_POINT('',#3452);
#1056=VERTEX_POINT('',#3459);
#1057=VERTEX_POINT('',#3461);
#1058=VERTEX_POINT('',#3465);
#1059=VERTEX_POINT('',#3469);
#1060=VERTEX_POINT('',#3476);
#1061=VERTEX_POINT('',#3483);
#1062=VERTEX_POINT('',#3488);
#1063=VERTEX_POINT('',#3492);
#1064=EDGE_CURVE('',#874,#875,#474,.T.);
#1065=EDGE_CURVE('',#876,#874,#392,.T.);
#1066=EDGE_CURVE('',#877,#876,#475,.T.);
#1067=EDGE_CURVE('',#875,#877,#393,.T.);
#1068=EDGE_CURVE('',#875,#878,#394,.T.);
#1069=EDGE_CURVE('',#877,#879,#124,.T.);
#1070=EDGE_CURVE('',#879,#878,#395,.T.);
#1071=EDGE_CURVE('',#880,#881,#396,.T.);
#1072=EDGE_CURVE('',#881,#882,#397,.T.);
#1073=EDGE_CURVE('',#882,#882,#398,.T.);
#1074=EDGE_CURVE('',#881,#880,#399,.T.);
#1075=EDGE_CURVE('',#883,#884,#476,.T.);
#1076=EDGE_CURVE('',#883,#885,#477,.T.);
#1077=EDGE_CURVE('',#886,#885,#478,.T.);
#1078=EDGE_CURVE('',#884,#886,#479,.T.);
#1079=EDGE_CURVE('',#887,#887,#400,.T.);
#1080=EDGE_CURVE('',#888,#889,#480,.T.);
#1081=EDGE_CURVE('',#889,#890,#481,.T.);
#1082=EDGE_CURVE('',#890,#891,#482,.T.);
#1083=EDGE_CURVE('',#891,#888,#483,.T.);
#1084=EDGE_CURVE('',#892,#892,#401,.T.);
#1085=EDGE_CURVE('',#892,#880,#484,.T.);
#1086=EDGE_CURVE('',#893,#894,#402,.T.);
#1087=EDGE_CURVE('',#894,#887,#403,.T.);
#1088=EDGE_CURVE('',#894,#893,#404,.T.);
#1089=EDGE_CURVE('',#895,#895,#405,.T.);
#1090=EDGE_CURVE('',#895,#893,#485,.T.);
#1091=EDGE_CURVE('',#896,#897,#406,.T.);
#1092=EDGE_CURVE('',#897,#898,#407,.T.);
#1093=EDGE_CURVE('',#898,#898,#408,.T.);
#1094=EDGE_CURVE('',#897,#896,#409,.T.);
#1095=EDGE_CURVE('',#899,#900,#486,.T.);
#1096=EDGE_CURVE('',#899,#901,#487,.T.);
#1097=EDGE_CURVE('',#902,#901,#488,.T.);
#1098=EDGE_CURVE('',#902,#903,#489,.T.);
#1099=EDGE_CURVE('',#885,#903,#490,.T.);
#1100=EDGE_CURVE('',#904,#883,#491,.T.);
#1101=EDGE_CURVE('',#904,#900,#492,.T.);
#1102=EDGE_CURVE('',#905,#905,#410,.T.);
#1103=EDGE_CURVE('',#905,#896,#493,.T.);
#1104=EDGE_CURVE('',#906,#907,#411,.T.);
#1105=EDGE_CURVE('',#907,#908,#412,.T.);
#1106=EDGE_CURVE('',#908,#908,#413,.T.);
#1107=EDGE_CURVE('',#907,#906,#414,.T.);
#1108=EDGE_CURVE('',#909,#910,#494,.T.);
#1109=EDGE_CURVE('',#911,#909,#495,.T.);
#1110=EDGE_CURVE('',#912,#911,#496,.T.);
#1111=EDGE_CURVE('',#912,#913,#497,.T.);
#1112=EDGE_CURVE('',#884,#913,#498,.T.);
#1113=EDGE_CURVE('',#914,#886,#499,.T.);
#1114=EDGE_CURVE('',#914,#910,#500,.T.);
#1115=EDGE_CURVE('',#915,#915,#415,.T.);
#1116=EDGE_CURVE('',#915,#906,#501,.T.);
#1117=EDGE_CURVE('',#916,#916,#416,.T.);
#1118=EDGE_CURVE('',#916,#917,#417,.T.);
#1119=EDGE_CURVE('',#917,#917,#418,.T.);
#1120=EDGE_CURVE('',#918,#919,#502,.T.);
#1121=EDGE_CURVE('',#918,#914,#503,.T.);
#1122=EDGE_CURVE('',#903,#920,#504,.T.);
#1123=EDGE_CURVE('',#921,#920,#505,.T.);
#1124=EDGE_CURVE('',#921,#922,#506,.T.);
#1125=EDGE_CURVE('',#923,#922,#507,.T.);
#1126=EDGE_CURVE('',#924,#923,#508,.T.);
#1127=EDGE_CURVE('',#925,#924,#509,.T.);
#1128=EDGE_CURVE('',#919,#925,#510,.T.);
#1129=EDGE_CURVE('',#926,#927,#511,.T.);
#1130=EDGE_CURVE('',#928,#927,#512,.T.);
#1131=EDGE_CURVE('',#929,#928,#513,.T.);
#1132=EDGE_CURVE('',#930,#929,#514,.T.);
#1133=EDGE_CURVE('',#926,#930,#515,.T.);
#1134=EDGE_CURVE('',#931,#931,#419,.T.);
#1135=EDGE_CURVE('',#931,#916,#516,.T.);
#1136=EDGE_CURVE('',#932,#933,#517,.T.);
#1137=EDGE_CURVE('',#933,#919,#420,.T.);
#1138=EDGE_CURVE('',#925,#932,#15,.T.);
#1139=EDGE_CURVE('',#924,#934,#16,.T.);
#1140=EDGE_CURVE('',#934,#932,#518,.T.);
#1141=EDGE_CURVE('',#935,#923,#17,.T.);
#1142=EDGE_CURVE('',#936,#935,#421,.F.);
#1143=EDGE_CURVE('',#936,#934,#519,.T.);
#1144=EDGE_CURVE('',#932,#937,#520,.T.);
#1145=EDGE_CURVE('',#938,#937,#521,.T.);
#1146=EDGE_CURVE('',#933,#938,#522,.T.);
#1147=EDGE_CURVE('',#934,#939,#523,.T.);
#1148=EDGE_CURVE('',#937,#939,#524,.T.);
#1149=EDGE_CURVE('',#936,#940,#525,.T.);
#1150=EDGE_CURVE('',#939,#940,#526,.T.);
#1151=EDGE_CURVE('',#941,#942,#527,.T.);
#1152=EDGE_CURVE('',#942,#926,#18,.T.);
#1153=EDGE_CURVE('',#930,#941,#19,.T.);
#1154=EDGE_CURVE('',#943,#941,#528,.T.);
#1155=EDGE_CURVE('',#929,#943,#20,.T.);
#1156=EDGE_CURVE('',#928,#944,#422,.T.);
#1157=EDGE_CURVE('',#944,#943,#529,.T.);
#1158=EDGE_CURVE('',#941,#945,#530,.T.);
#1159=EDGE_CURVE('',#946,#945,#531,.T.);
#1160=EDGE_CURVE('',#942,#946,#532,.T.);
#1161=EDGE_CURVE('',#943,#947,#533,.T.);
#1162=EDGE_CURVE('',#945,#947,#534,.T.);
#1163=EDGE_CURVE('',#944,#948,#535,.T.);
#1164=EDGE_CURVE('',#947,#948,#536,.T.);
#1165=EDGE_CURVE('',#949,#950,#423,.T.);
#1166=EDGE_CURVE('',#950,#951,#537,.T.);
#1167=EDGE_CURVE('',#951,#952,#424,.T.);
#1168=EDGE_CURVE('',#952,#949,#538,.T.);
#1169=EDGE_CURVE('',#953,#952,#539,.T.);
#1170=EDGE_CURVE('',#954,#953,#540,.T.);
#1171=EDGE_CURVE('',#949,#954,#541,.T.);
#1172=EDGE_CURVE('',#955,#956,#542,.T.);
#1173=EDGE_CURVE('',#957,#955,#543,.T.);
#1174=EDGE_CURVE('',#957,#958,#544,.T.);
#1175=EDGE_CURVE('',#956,#958,#545,.T.);
#1176=EDGE_CURVE('',#959,#960,#546,.T.);
#1177=EDGE_CURVE('',#961,#960,#547,.T.);
#1178=EDGE_CURVE('',#962,#961,#548,.T.);
#1179=EDGE_CURVE('',#962,#959,#549,.T.);
#1180=EDGE_CURVE('',#963,#963,#425,.T.);
#1181=EDGE_CURVE('',#964,#964,#426,.T.);
#1182=EDGE_CURVE('',#965,#965,#427,.T.);
#1183=EDGE_CURVE('',#966,#966,#428,.T.);
#1184=EDGE_CURVE('',#951,#967,#550,.T.);
#1185=EDGE_CURVE('',#901,#967,#429,.T.);
#1186=EDGE_CURVE('',#968,#899,#430,.T.);
#1187=EDGE_CURVE('',#969,#968,#551,.T.);
#1188=EDGE_CURVE('',#970,#969,#431,.T.);
#1189=EDGE_CURVE('',#971,#970,#552,.T.);
#1190=EDGE_CURVE('',#972,#971,#432,.T.);
#1191=EDGE_CURVE('',#973,#972,#553,.T.);
#1192=EDGE_CURVE('',#973,#974,#554,.T.);
#1193=EDGE_CURVE('',#975,#974,#555,.T.);
#1194=EDGE_CURVE('',#976,#975,#556,.T.);
#1195=EDGE_CURVE('',#977,#976,#557,.T.);
#1196=EDGE_CURVE('',#978,#977,#433,.T.);
#1197=EDGE_CURVE('',#978,#979,#558,.T.);
#1198=EDGE_CURVE('',#980,#979,#434,.T.);
#1199=EDGE_CURVE('',#980,#981,#559,.T.);
#1200=EDGE_CURVE('',#911,#981,#435,.T.);
#1201=EDGE_CURVE('',#982,#909,#436,.T.);
#1202=EDGE_CURVE('',#983,#982,#560,.T.);
#1203=EDGE_CURVE('',#984,#983,#437,.T.);
#1204=EDGE_CURVE('',#985,#984,#561,.T.);
#1205=EDGE_CURVE('',#922,#985,#438,.T.);
#1206=EDGE_CURVE('',#953,#921,#439,.T.);
#1207=EDGE_CURVE('',#985,#986,#562,.T.);
#1208=EDGE_CURVE('',#986,#987,#440,.T.);
#1209=EDGE_CURVE('',#935,#987,#563,.T.);
#1210=EDGE_CURVE('',#987,#918,#564,.T.);
#1211=EDGE_CURVE('',#940,#938,#565,.T.);
#1212=EDGE_CURVE('',#988,#989,#441,.T.);
#1213=EDGE_CURVE('',#989,#984,#566,.T.);
#1214=EDGE_CURVE('',#983,#988,#567,.T.);
#1215=EDGE_CURVE('',#988,#990,#568,.T.);
#1216=EDGE_CURVE('',#910,#990,#442,.T.);
#1217=EDGE_CURVE('',#986,#989,#569,.T.);
#1218=EDGE_CURVE('',#991,#991,#443,.T.);
#1219=EDGE_CURVE('',#990,#982,#570,.T.);
#1220=EDGE_CURVE('',#992,#993,#444,.T.);
#1221=EDGE_CURVE('',#993,#978,#571,.T.);
#1222=EDGE_CURVE('',#977,#992,#572,.T.);
#1223=EDGE_CURVE('',#994,#993,#573,.T.);
#1224=EDGE_CURVE('',#979,#994,#574,.T.);
#1225=EDGE_CURVE('',#994,#995,#445,.T.);
#1226=EDGE_CURVE('',#995,#980,#575,.T.);
#1227=EDGE_CURVE('',#996,#912,#446,.T.);
#1228=EDGE_CURVE('',#981,#996,#576,.T.);
#1229=EDGE_CURVE('',#997,#998,#447,.T.);
#1230=EDGE_CURVE('',#998,#970,#577,.T.);
#1231=EDGE_CURVE('',#969,#997,#578,.T.);
#1232=EDGE_CURVE('',#999,#998,#579,.T.);
#1233=EDGE_CURVE('',#971,#999,#580,.T.);
#1234=EDGE_CURVE('',#999,#1000,#448,.T.);
#1235=EDGE_CURVE('',#1000,#972,#581,.T.);
#1236=EDGE_CURVE('',#976,#1001,#582,.T.);
#1237=EDGE_CURVE('',#1001,#1002,#583,.T.);
#1238=EDGE_CURVE('',#1002,#1003,#584,.T.);
#1239=EDGE_CURVE('',#1003,#1004,#585,.T.);
#1240=EDGE_CURVE('',#1004,#1005,#586,.T.);
#1241=EDGE_CURVE('',#1005,#1006,#587,.T.);
#1242=EDGE_CURVE('',#1006,#973,#588,.T.);
#1243=EDGE_CURVE('',#1000,#904,#589,.T.);
#1244=EDGE_CURVE('',#913,#992,#590,.T.);
#1245=EDGE_CURVE('',#900,#1007,#449,.T.);
#1246=EDGE_CURVE('',#1007,#968,#591,.T.);
#1247=EDGE_CURVE('',#997,#1007,#592,.T.);
#1248=EDGE_CURVE('',#920,#954,#450,.T.);
#1249=EDGE_CURVE('',#1008,#902,#451,.T.);
#1250=EDGE_CURVE('',#967,#1008,#593,.T.);
#1251=EDGE_CURVE('',#1009,#1009,#452,.T.);
#1252=EDGE_CURVE('',#1010,#1010,#453,.T.);
#1253=EDGE_CURVE('',#1011,#1011,#454,.T.);
#1254=EDGE_CURVE('',#1011,#966,#594,.T.);
#1255=EDGE_CURVE('',#996,#995,#595,.T.);
#1256=EDGE_CURVE('',#1012,#1012,#455,.T.);
#1257=EDGE_CURVE('',#1012,#965,#596,.T.);
#1258=EDGE_CURVE('',#1008,#950,#597,.T.);
#1259=EDGE_CURVE('',#1013,#1013,#456,.T.);
#1260=EDGE_CURVE('',#1013,#964,#598,.T.);
#1261=EDGE_CURVE('',#991,#963,#599,.T.);
#1262=EDGE_CURVE('',#888,#1014,#600,.T.);
#1263=EDGE_CURVE('',#1015,#1014,#601,.T.);
#1264=EDGE_CURVE('',#889,#1015,#602,.T.);
#1265=EDGE_CURVE('',#891,#1016,#603,.T.);
#1266=EDGE_CURVE('',#1014,#1016,#604,.T.);
#1267=EDGE_CURVE('',#890,#1017,#605,.T.);
#1268=EDGE_CURVE('',#1016,#1017,#606,.T.);
#1269=EDGE_CURVE('',#1017,#1015,#607,.T.);
#1270=EDGE_CURVE('',#1018,#1019,#608,.T.);
#1271=EDGE_CURVE('',#1018,#1020,#609,.T.);
#1272=EDGE_CURVE('',#1020,#1021,#610,.T.);
#1273=EDGE_CURVE('',#1019,#1021,#611,.T.);
#1274=EDGE_CURVE('',#1022,#1018,#612,.T.);
#1275=EDGE_CURVE('',#1022,#1023,#613,.T.);
#1276=EDGE_CURVE('',#1023,#1020,#614,.T.);
#1277=EDGE_CURVE('',#1024,#1022,#615,.T.);
#1278=EDGE_CURVE('',#1024,#1025,#616,.T.);
#1279=EDGE_CURVE('',#1025,#1023,#617,.T.);
#1280=EDGE_CURVE('',#1019,#1024,#618,.T.);
#1281=EDGE_CURVE('',#1021,#1025,#619,.T.);
#1282=EDGE_CURVE('',#1026,#1026,#457,.T.);
#1283=EDGE_CURVE('',#1027,#1027,#458,.T.);
#1284=EDGE_CURVE('',#1028,#1028,#459,.T.);
#1285=EDGE_CURVE('',#1028,#1026,#620,.T.);
#1286=EDGE_CURVE('',#1029,#1029,#460,.T.);
#1287=EDGE_CURVE('',#1029,#1027,#621,.T.);
#1288=EDGE_CURVE('',#1030,#1030,#461,.T.);
#1289=EDGE_CURVE('',#1030,#1031,#622,.T.);
#1290=EDGE_CURVE('',#1031,#1031,#462,.T.);
#1291=EDGE_CURVE('',#1032,#957,#623,.T.);
#1292=EDGE_CURVE('',#1032,#1033,#624,.T.);
#1293=EDGE_CURVE('',#958,#1033,#625,.T.);
#1294=EDGE_CURVE('',#1034,#1034,#463,.T.);
#1295=EDGE_CURVE('',#1035,#1035,#464,.T.);
#1296=EDGE_CURVE('',#1035,#1034,#626,.T.);
#1297=EDGE_CURVE('',#1036,#1036,#465,.T.);
#1298=EDGE_CURVE('',#1037,#1037,#466,.T.);
#1299=EDGE_CURVE('',#1037,#1036,#627,.T.);
#1300=EDGE_CURVE('',#1033,#1038,#628,.T.);
#1301=EDGE_CURVE('',#1038,#956,#629,.T.);
#1302=EDGE_CURVE('',#959,#1039,#630,.T.);
#1303=EDGE_CURVE('',#1039,#1040,#631,.T.);
#1304=EDGE_CURVE('',#1040,#960,#632,.T.);
#1305=EDGE_CURVE('',#974,#1041,#633,.T.);
#1306=EDGE_CURVE('',#1041,#1042,#634,.T.);
#1307=EDGE_CURVE('',#1042,#975,#635,.T.);
#1308=EDGE_CURVE('',#877,#876,#636,.T.);
#1309=EDGE_CURVE('',#1043,#877,#125,.T.);
#1310=EDGE_CURVE('',#1044,#1043,#637,.T.);
#1311=EDGE_CURVE('',#1044,#1040,#638,.T.);
#1312=EDGE_CURVE('',#1045,#1039,#639,.T.);
#1313=EDGE_CURVE('',#879,#1045,#640,.T.);
#1314=EDGE_CURVE('',#1005,#1042,#641,.T.);
#1315=EDGE_CURVE('',#1006,#1041,#642,.T.);
#1316=EDGE_CURVE('',#961,#1044,#643,.T.);
#1317=EDGE_CURVE('',#1045,#962,#644,.T.);
#1318=EDGE_CURVE('',#878,#1043,#467,.T.);
#1319=EDGE_CURVE('',#877,#875,#468,.T.);
#1320=EDGE_CURVE('',#874,#876,#469,.T.);
#1321=EDGE_CURVE('',#1046,#1046,#470,.T.);
#1322=EDGE_CURVE('',#1046,#1047,#645,.T.);
#1323=EDGE_CURVE('',#1047,#1047,#471,.T.);
#1324=EDGE_CURVE('',#1048,#1049,#646,.T.);
#1325=EDGE_CURVE('',#1049,#1050,#647,.T.);
#1326=EDGE_CURVE('',#1051,#1050,#648,.T.);
#1327=EDGE_CURVE('',#1048,#1051,#649,.T.);
#1328=EDGE_CURVE('',#1052,#1048,#650,.T.);
#1329=EDGE_CURVE('',#1053,#1051,#651,.T.);
#1330=EDGE_CURVE('',#1052,#1053,#652,.T.);
#1331=EDGE_CURVE('',#1049,#1054,#653,.T.);
#1332=EDGE_CURVE('',#1054,#1055,#654,.T.);
#1333=EDGE_CURVE('',#1050,#1055,#655,.T.);
#1334=EDGE_CURVE('',#1054,#1052,#656,.T.);
#1335=EDGE_CURVE('',#1055,#1053,#657,.T.);
#1336=EDGE_CURVE('',#1004,#1056,#658,.T.);
#1337=EDGE_CURVE('',#1056,#1057,#659,.T.);
#1338=EDGE_CURVE('',#1001,#1057,#660,.T.);
#1339=EDGE_CURVE('',#1003,#1058,#661,.T.);
#1340=EDGE_CURVE('',#1058,#1056,#662,.T.);
#1341=EDGE_CURVE('',#1002,#1059,#663,.T.);
#1342=EDGE_CURVE('',#1059,#1058,#664,.T.);
#1343=EDGE_CURVE('',#1057,#1059,#665,.T.);
#1344=EDGE_CURVE('',#955,#1060,#666,.T.);
#1345=EDGE_CURVE('',#1060,#1038,#667,.T.);
#1346=EDGE_CURVE('',#1060,#1032,#668,.T.);
#1347=EDGE_CURVE('',#1061,#1061,#472,.T.);
#1348=EDGE_CURVE('',#1061,#1010,#669,.T.);
#1349=EDGE_CURVE('',#1062,#1062,#473,.T.);
#1350=EDGE_CURVE('',#1062,#1009,#670,.T.);
#1351=EDGE_CURVE('',#1063,#946,#671,.T.);
#1352=EDGE_CURVE('',#927,#1063,#672,.T.);
#1353=EDGE_CURVE('',#948,#1063,#673,.T.);
#1354=ORIENTED_EDGE('',*,*,#1064,.F.);
#1355=ORIENTED_EDGE('',*,*,#1065,.F.);
#1356=ORIENTED_EDGE('',*,*,#1066,.F.);
#1357=ORIENTED_EDGE('',*,*,#1067,.F.);
#1358=ORIENTED_EDGE('',*,*,#1068,.F.);
#1359=ORIENTED_EDGE('',*,*,#1067,.T.);
#1360=ORIENTED_EDGE('',*,*,#1069,.T.);
#1361=ORIENTED_EDGE('',*,*,#1070,.T.);
#1362=ORIENTED_EDGE('',*,*,#1071,.T.);
#1363=ORIENTED_EDGE('',*,*,#1072,.T.);
#1364=ORIENTED_EDGE('',*,*,#1073,.T.);
#1365=ORIENTED_EDGE('',*,*,#1072,.F.);
#1366=ORIENTED_EDGE('',*,*,#1074,.T.);
#1367=ORIENTED_EDGE('',*,*,#1075,.F.);
#1368=ORIENTED_EDGE('',*,*,#1076,.T.);
#1369=ORIENTED_EDGE('',*,*,#1077,.F.);
#1370=ORIENTED_EDGE('',*,*,#1078,.F.);
#1371=ORIENTED_EDGE('',*,*,#1079,.F.);
#1372=ORIENTED_EDGE('',*,*,#1080,.T.);
#1373=ORIENTED_EDGE('',*,*,#1081,.T.);
#1374=ORIENTED_EDGE('',*,*,#1082,.T.);
#1375=ORIENTED_EDGE('',*,*,#1083,.T.);
#1376=ORIENTED_EDGE('',*,*,#1073,.F.);
#1377=ORIENTED_EDGE('',*,*,#1084,.F.);
#1378=ORIENTED_EDGE('',*,*,#1085,.T.);
#1379=ORIENTED_EDGE('',*,*,#1074,.F.);
#1380=ORIENTED_EDGE('',*,*,#1071,.F.);
#1381=ORIENTED_EDGE('',*,*,#1085,.F.);
#1382=ORIENTED_EDGE('',*,*,#1086,.T.);
#1383=ORIENTED_EDGE('',*,*,#1087,.T.);
#1384=ORIENTED_EDGE('',*,*,#1079,.T.);
#1385=ORIENTED_EDGE('',*,*,#1087,.F.);
#1386=ORIENTED_EDGE('',*,*,#1088,.T.);
#1387=ORIENTED_EDGE('',*,*,#1089,.F.);
#1388=ORIENTED_EDGE('',*,*,#1090,.T.);
#1389=ORIENTED_EDGE('',*,*,#1088,.F.);
#1390=ORIENTED_EDGE('',*,*,#1086,.F.);
#1391=ORIENTED_EDGE('',*,*,#1090,.F.);
#1392=ORIENTED_EDGE('',*,*,#1091,.T.);
#1393=ORIENTED_EDGE('',*,*,#1092,.T.);
#1394=ORIENTED_EDGE('',*,*,#1093,.T.);
#1395=ORIENTED_EDGE('',*,*,#1092,.F.);
#1396=ORIENTED_EDGE('',*,*,#1094,.T.);
#1397=ORIENTED_EDGE('',*,*,#1095,.F.);
#1398=ORIENTED_EDGE('',*,*,#1096,.T.);
#1399=ORIENTED_EDGE('',*,*,#1097,.F.);
#1400=ORIENTED_EDGE('',*,*,#1098,.T.);
#1401=ORIENTED_EDGE('',*,*,#1099,.F.);
#1402=ORIENTED_EDGE('',*,*,#1076,.F.);
#1403=ORIENTED_EDGE('',*,*,#1100,.F.);
#1404=ORIENTED_EDGE('',*,*,#1101,.T.);
#1405=ORIENTED_EDGE('',*,*,#1093,.F.);
#1406=ORIENTED_EDGE('',*,*,#1102,.T.);
#1407=ORIENTED_EDGE('',*,*,#1103,.T.);
#1408=ORIENTED_EDGE('',*,*,#1094,.F.);
#1409=ORIENTED_EDGE('',*,*,#1091,.F.);
#1410=ORIENTED_EDGE('',*,*,#1103,.F.);
#1411=ORIENTED_EDGE('',*,*,#1104,.T.);
#1412=ORIENTED_EDGE('',*,*,#1105,.T.);
#1413=ORIENTED_EDGE('',*,*,#1106,.T.);
#1414=ORIENTED_EDGE('',*,*,#1105,.F.);
#1415=ORIENTED_EDGE('',*,*,#1107,.T.);
#1416=ORIENTED_EDGE('',*,*,#1108,.F.);
#1417=ORIENTED_EDGE('',*,*,#1109,.F.);
#1418=ORIENTED_EDGE('',*,*,#1110,.F.);
#1419=ORIENTED_EDGE('',*,*,#1111,.T.);
#1420=ORIENTED_EDGE('',*,*,#1112,.F.);
#1421=ORIENTED_EDGE('',*,*,#1078,.T.);
#1422=ORIENTED_EDGE('',*,*,#1113,.F.);
#1423=ORIENTED_EDGE('',*,*,#1114,.T.);
#1424=ORIENTED_EDGE('',*,*,#1106,.F.);
#1425=ORIENTED_EDGE('',*,*,#1115,.F.);
#1426=ORIENTED_EDGE('',*,*,#1116,.T.);
#1427=ORIENTED_EDGE('',*,*,#1107,.F.);
#1428=ORIENTED_EDGE('',*,*,#1104,.F.);
#1429=ORIENTED_EDGE('',*,*,#1116,.F.);
#1430=ORIENTED_EDGE('',*,*,#1117,.T.);
#1431=ORIENTED_EDGE('',*,*,#1118,.T.);
#1432=ORIENTED_EDGE('',*,*,#1119,.T.);
#1433=ORIENTED_EDGE('',*,*,#1118,.F.);
#1434=ORIENTED_EDGE('',*,*,#1120,.F.);
#1435=ORIENTED_EDGE('',*,*,#1121,.T.);
#1436=ORIENTED_EDGE('',*,*,#1113,.T.);
#1437=ORIENTED_EDGE('',*,*,#1077,.T.);
#1438=ORIENTED_EDGE('',*,*,#1099,.T.);
#1439=ORIENTED_EDGE('',*,*,#1122,.T.);
#1440=ORIENTED_EDGE('',*,*,#1123,.F.);
#1441=ORIENTED_EDGE('',*,*,#1124,.T.);
#1442=ORIENTED_EDGE('',*,*,#1125,.F.);
#1443=ORIENTED_EDGE('',*,*,#1126,.F.);
#1444=ORIENTED_EDGE('',*,*,#1127,.F.);
#1445=ORIENTED_EDGE('',*,*,#1128,.F.);
#1446=ORIENTED_EDGE('',*,*,#1129,.T.);
#1447=ORIENTED_EDGE('',*,*,#1130,.F.);
#1448=ORIENTED_EDGE('',*,*,#1131,.F.);
#1449=ORIENTED_EDGE('',*,*,#1132,.F.);
#1450=ORIENTED_EDGE('',*,*,#1133,.F.);
#1451=ORIENTED_EDGE('',*,*,#1119,.F.);
#1452=ORIENTED_EDGE('',*,*,#1134,.F.);
#1453=ORIENTED_EDGE('',*,*,#1135,.T.);
#1454=ORIENTED_EDGE('',*,*,#1117,.F.);
#1455=ORIENTED_EDGE('',*,*,#1135,.F.);
#1456=ORIENTED_EDGE('',*,*,#1136,.T.);
#1457=ORIENTED_EDGE('',*,*,#1137,.T.);
#1458=ORIENTED_EDGE('',*,*,#1128,.T.);
#1459=ORIENTED_EDGE('',*,*,#1138,.T.);
#1460=ORIENTED_EDGE('',*,*,#1127,.T.);
#1461=ORIENTED_EDGE('',*,*,#1139,.T.);
#1462=ORIENTED_EDGE('',*,*,#1140,.T.);
#1463=ORIENTED_EDGE('',*,*,#1138,.F.);
#1464=ORIENTED_EDGE('',*,*,#1126,.T.);
#1465=ORIENTED_EDGE('',*,*,#1141,.F.);
#1466=ORIENTED_EDGE('',*,*,#1142,.F.);
#1467=ORIENTED_EDGE('',*,*,#1143,.T.);
#1468=ORIENTED_EDGE('',*,*,#1139,.F.);
#1469=ORIENTED_EDGE('',*,*,#1136,.F.);
#1470=ORIENTED_EDGE('',*,*,#1144,.T.);
#1471=ORIENTED_EDGE('',*,*,#1145,.F.);
#1472=ORIENTED_EDGE('',*,*,#1146,.F.);
#1473=ORIENTED_EDGE('',*,*,#1140,.F.);
#1474=ORIENTED_EDGE('',*,*,#1147,.T.);
#1475=ORIENTED_EDGE('',*,*,#1148,.F.);
#1476=ORIENTED_EDGE('',*,*,#1144,.F.);
#1477=ORIENTED_EDGE('',*,*,#1143,.F.);
#1478=ORIENTED_EDGE('',*,*,#1149,.T.);
#1479=ORIENTED_EDGE('',*,*,#1150,.F.);
#1480=ORIENTED_EDGE('',*,*,#1147,.F.);
#1481=ORIENTED_EDGE('',*,*,#1151,.T.);
#1482=ORIENTED_EDGE('',*,*,#1152,.T.);
#1483=ORIENTED_EDGE('',*,*,#1133,.T.);
#1484=ORIENTED_EDGE('',*,*,#1153,.T.);
#1485=ORIENTED_EDGE('',*,*,#1154,.T.);
#1486=ORIENTED_EDGE('',*,*,#1153,.F.);
#1487=ORIENTED_EDGE('',*,*,#1132,.T.);
#1488=ORIENTED_EDGE('',*,*,#1155,.T.);
#1489=ORIENTED_EDGE('',*,*,#1131,.T.);
#1490=ORIENTED_EDGE('',*,*,#1156,.T.);
#1491=ORIENTED_EDGE('',*,*,#1157,.T.);
#1492=ORIENTED_EDGE('',*,*,#1155,.F.);
#1493=ORIENTED_EDGE('',*,*,#1151,.F.);
#1494=ORIENTED_EDGE('',*,*,#1158,.T.);
#1495=ORIENTED_EDGE('',*,*,#1159,.F.);
#1496=ORIENTED_EDGE('',*,*,#1160,.F.);
#1497=ORIENTED_EDGE('',*,*,#1154,.F.);
#1498=ORIENTED_EDGE('',*,*,#1161,.T.);
#1499=ORIENTED_EDGE('',*,*,#1162,.F.);
#1500=ORIENTED_EDGE('',*,*,#1158,.F.);
#1501=ORIENTED_EDGE('',*,*,#1157,.F.);
#1502=ORIENTED_EDGE('',*,*,#1163,.T.);
#1503=ORIENTED_EDGE('',*,*,#1164,.F.);
#1504=ORIENTED_EDGE('',*,*,#1161,.F.);
#1505=ORIENTED_EDGE('',*,*,#1165,.T.);
#1506=ORIENTED_EDGE('',*,*,#1166,.T.);
#1507=ORIENTED_EDGE('',*,*,#1167,.T.);
#1508=ORIENTED_EDGE('',*,*,#1168,.T.);
#1509=ORIENTED_EDGE('',*,*,#1168,.F.);
#1510=ORIENTED_EDGE('',*,*,#1169,.F.);
#1511=ORIENTED_EDGE('',*,*,#1170,.F.);
#1512=ORIENTED_EDGE('',*,*,#1171,.F.);
#1513=ORIENTED_EDGE('',*,*,#1172,.F.);
#1514=ORIENTED_EDGE('',*,*,#1173,.F.);
#1515=ORIENTED_EDGE('',*,*,#1174,.T.);
#1516=ORIENTED_EDGE('',*,*,#1175,.F.);
#1517=ORIENTED_EDGE('',*,*,#1176,.T.);
#1518=ORIENTED_EDGE('',*,*,#1177,.F.);
#1519=ORIENTED_EDGE('',*,*,#1178,.F.);
#1520=ORIENTED_EDGE('',*,*,#1179,.T.);
#1521=ORIENTED_EDGE('',*,*,#1180,.T.);
#1522=ORIENTED_EDGE('',*,*,#1181,.T.);
#1523=ORIENTED_EDGE('',*,*,#1182,.T.);
#1524=ORIENTED_EDGE('',*,*,#1183,.T.);
#1525=ORIENTED_EDGE('',*,*,#1167,.F.);
#1526=ORIENTED_EDGE('',*,*,#1184,.T.);
#1527=ORIENTED_EDGE('',*,*,#1185,.F.);
#1528=ORIENTED_EDGE('',*,*,#1096,.F.);
#1529=ORIENTED_EDGE('',*,*,#1186,.F.);
#1530=ORIENTED_EDGE('',*,*,#1187,.F.);
#1531=ORIENTED_EDGE('',*,*,#1188,.F.);
#1532=ORIENTED_EDGE('',*,*,#1189,.F.);
#1533=ORIENTED_EDGE('',*,*,#1190,.F.);
#1534=ORIENTED_EDGE('',*,*,#1191,.F.);
#1535=ORIENTED_EDGE('',*,*,#1192,.T.);
#1536=ORIENTED_EDGE('',*,*,#1193,.F.);
#1537=ORIENTED_EDGE('',*,*,#1194,.F.);
#1538=ORIENTED_EDGE('',*,*,#1195,.F.);
#1539=ORIENTED_EDGE('',*,*,#1196,.F.);
#1540=ORIENTED_EDGE('',*,*,#1197,.T.);
#1541=ORIENTED_EDGE('',*,*,#1198,.F.);
#1542=ORIENTED_EDGE('',*,*,#1199,.T.);
#1543=ORIENTED_EDGE('',*,*,#1200,.F.);
#1544=ORIENTED_EDGE('',*,*,#1109,.T.);
#1545=ORIENTED_EDGE('',*,*,#1201,.F.);
#1546=ORIENTED_EDGE('',*,*,#1202,.F.);
#1547=ORIENTED_EDGE('',*,*,#1203,.F.);
#1548=ORIENTED_EDGE('',*,*,#1204,.F.);
#1549=ORIENTED_EDGE('',*,*,#1205,.F.);
#1550=ORIENTED_EDGE('',*,*,#1124,.F.);
#1551=ORIENTED_EDGE('',*,*,#1206,.F.);
#1552=ORIENTED_EDGE('',*,*,#1169,.T.);
#1553=ORIENTED_EDGE('',*,*,#1141,.T.);
#1554=ORIENTED_EDGE('',*,*,#1125,.T.);
#1555=ORIENTED_EDGE('',*,*,#1205,.T.);
#1556=ORIENTED_EDGE('',*,*,#1207,.T.);
#1557=ORIENTED_EDGE('',*,*,#1208,.T.);
#1558=ORIENTED_EDGE('',*,*,#1209,.F.);
#1559=ORIENTED_EDGE('',*,*,#1209,.T.);
#1560=ORIENTED_EDGE('',*,*,#1210,.T.);
#1561=ORIENTED_EDGE('',*,*,#1120,.T.);
#1562=ORIENTED_EDGE('',*,*,#1137,.F.);
#1563=ORIENTED_EDGE('',*,*,#1146,.T.);
#1564=ORIENTED_EDGE('',*,*,#1211,.F.);
#1565=ORIENTED_EDGE('',*,*,#1149,.F.);
#1566=ORIENTED_EDGE('',*,*,#1142,.T.);
#1567=ORIENTED_EDGE('',*,*,#1212,.T.);
#1568=ORIENTED_EDGE('',*,*,#1213,.T.);
#1569=ORIENTED_EDGE('',*,*,#1203,.T.);
#1570=ORIENTED_EDGE('',*,*,#1214,.T.);
#1571=ORIENTED_EDGE('',*,*,#1212,.F.);
#1572=ORIENTED_EDGE('',*,*,#1215,.T.);
#1573=ORIENTED_EDGE('',*,*,#1216,.F.);
#1574=ORIENTED_EDGE('',*,*,#1114,.F.);
#1575=ORIENTED_EDGE('',*,*,#1121,.F.);
#1576=ORIENTED_EDGE('',*,*,#1210,.F.);
#1577=ORIENTED_EDGE('',*,*,#1208,.F.);
#1578=ORIENTED_EDGE('',*,*,#1217,.T.);
#1579=ORIENTED_EDGE('',*,*,#1218,.T.);
#1580=ORIENTED_EDGE('',*,*,#1214,.F.);
#1581=ORIENTED_EDGE('',*,*,#1202,.T.);
#1582=ORIENTED_EDGE('',*,*,#1219,.F.);
#1583=ORIENTED_EDGE('',*,*,#1215,.F.);
#1584=ORIENTED_EDGE('',*,*,#1216,.T.);
#1585=ORIENTED_EDGE('',*,*,#1219,.T.);
#1586=ORIENTED_EDGE('',*,*,#1201,.T.);
#1587=ORIENTED_EDGE('',*,*,#1108,.T.);
#1588=ORIENTED_EDGE('',*,*,#1220,.T.);
#1589=ORIENTED_EDGE('',*,*,#1221,.T.);
#1590=ORIENTED_EDGE('',*,*,#1196,.T.);
#1591=ORIENTED_EDGE('',*,*,#1222,.T.);
#1592=ORIENTED_EDGE('',*,*,#1221,.F.);
#1593=ORIENTED_EDGE('',*,*,#1223,.F.);
#1594=ORIENTED_EDGE('',*,*,#1224,.F.);
#1595=ORIENTED_EDGE('',*,*,#1197,.F.);
#1596=ORIENTED_EDGE('',*,*,#1225,.T.);
#1597=ORIENTED_EDGE('',*,*,#1226,.T.);
#1598=ORIENTED_EDGE('',*,*,#1198,.T.);
#1599=ORIENTED_EDGE('',*,*,#1224,.T.);
#1600=ORIENTED_EDGE('',*,*,#1227,.T.);
#1601=ORIENTED_EDGE('',*,*,#1110,.T.);
#1602=ORIENTED_EDGE('',*,*,#1200,.T.);
#1603=ORIENTED_EDGE('',*,*,#1228,.T.);
#1604=ORIENTED_EDGE('',*,*,#1229,.T.);
#1605=ORIENTED_EDGE('',*,*,#1230,.T.);
#1606=ORIENTED_EDGE('',*,*,#1188,.T.);
#1607=ORIENTED_EDGE('',*,*,#1231,.T.);
#1608=ORIENTED_EDGE('',*,*,#1230,.F.);
#1609=ORIENTED_EDGE('',*,*,#1232,.F.);
#1610=ORIENTED_EDGE('',*,*,#1233,.F.);
#1611=ORIENTED_EDGE('',*,*,#1189,.T.);
#1612=ORIENTED_EDGE('',*,*,#1234,.T.);
#1613=ORIENTED_EDGE('',*,*,#1235,.T.);
#1614=ORIENTED_EDGE('',*,*,#1190,.T.);
#1615=ORIENTED_EDGE('',*,*,#1233,.T.);
#1616=ORIENTED_EDGE('',*,*,#1222,.F.);
#1617=ORIENTED_EDGE('',*,*,#1195,.T.);
#1618=ORIENTED_EDGE('',*,*,#1236,.T.);
#1619=ORIENTED_EDGE('',*,*,#1237,.T.);
#1620=ORIENTED_EDGE('',*,*,#1238,.T.);
#1621=ORIENTED_EDGE('',*,*,#1239,.T.);
#1622=ORIENTED_EDGE('',*,*,#1240,.T.);
#1623=ORIENTED_EDGE('',*,*,#1241,.T.);
#1624=ORIENTED_EDGE('',*,*,#1242,.T.);
#1625=ORIENTED_EDGE('',*,*,#1191,.T.);
#1626=ORIENTED_EDGE('',*,*,#1235,.F.);
#1627=ORIENTED_EDGE('',*,*,#1243,.T.);
#1628=ORIENTED_EDGE('',*,*,#1100,.T.);
#1629=ORIENTED_EDGE('',*,*,#1075,.T.);
#1630=ORIENTED_EDGE('',*,*,#1112,.T.);
#1631=ORIENTED_EDGE('',*,*,#1244,.T.);
#1632=ORIENTED_EDGE('',*,*,#1245,.T.);
#1633=ORIENTED_EDGE('',*,*,#1246,.T.);
#1634=ORIENTED_EDGE('',*,*,#1186,.T.);
#1635=ORIENTED_EDGE('',*,*,#1095,.T.);
#1636=ORIENTED_EDGE('',*,*,#1231,.F.);
#1637=ORIENTED_EDGE('',*,*,#1187,.T.);
#1638=ORIENTED_EDGE('',*,*,#1246,.F.);
#1639=ORIENTED_EDGE('',*,*,#1247,.F.);
#1640=ORIENTED_EDGE('',*,*,#1248,.T.);
#1641=ORIENTED_EDGE('',*,*,#1170,.T.);
#1642=ORIENTED_EDGE('',*,*,#1206,.T.);
#1643=ORIENTED_EDGE('',*,*,#1123,.T.);
#1644=ORIENTED_EDGE('',*,*,#1249,.T.);
#1645=ORIENTED_EDGE('',*,*,#1097,.T.);
#1646=ORIENTED_EDGE('',*,*,#1185,.T.);
#1647=ORIENTED_EDGE('',*,*,#1250,.T.);
#1648=ORIENTED_EDGE('',*,*,#1251,.F.);
#1649=ORIENTED_EDGE('',*,*,#1252,.F.);
#1650=ORIENTED_EDGE('',*,*,#1253,.F.);
#1651=ORIENTED_EDGE('',*,*,#1254,.T.);
#1652=ORIENTED_EDGE('',*,*,#1183,.F.);
#1653=ORIENTED_EDGE('',*,*,#1254,.F.);
#1654=ORIENTED_EDGE('',*,*,#1226,.F.);
#1655=ORIENTED_EDGE('',*,*,#1255,.F.);
#1656=ORIENTED_EDGE('',*,*,#1228,.F.);
#1657=ORIENTED_EDGE('',*,*,#1199,.F.);
#1658=ORIENTED_EDGE('',*,*,#1225,.F.);
#1659=ORIENTED_EDGE('',*,*,#1223,.T.);
#1660=ORIENTED_EDGE('',*,*,#1220,.F.);
#1661=ORIENTED_EDGE('',*,*,#1244,.F.);
#1662=ORIENTED_EDGE('',*,*,#1111,.F.);
#1663=ORIENTED_EDGE('',*,*,#1227,.F.);
#1664=ORIENTED_EDGE('',*,*,#1255,.T.);
#1665=ORIENTED_EDGE('',*,*,#1253,.T.);
#1666=ORIENTED_EDGE('',*,*,#1256,.F.);
#1667=ORIENTED_EDGE('',*,*,#1257,.T.);
#1668=ORIENTED_EDGE('',*,*,#1182,.F.);
#1669=ORIENTED_EDGE('',*,*,#1257,.F.);
#1670=ORIENTED_EDGE('',*,*,#1166,.F.);
#1671=ORIENTED_EDGE('',*,*,#1258,.F.);
#1672=ORIENTED_EDGE('',*,*,#1250,.F.);
#1673=ORIENTED_EDGE('',*,*,#1184,.F.);
#1674=ORIENTED_EDGE('',*,*,#1165,.F.);
#1675=ORIENTED_EDGE('',*,*,#1171,.T.);
#1676=ORIENTED_EDGE('',*,*,#1248,.F.);
#1677=ORIENTED_EDGE('',*,*,#1122,.F.);
#1678=ORIENTED_EDGE('',*,*,#1098,.F.);
#1679=ORIENTED_EDGE('',*,*,#1249,.F.);
#1680=ORIENTED_EDGE('',*,*,#1258,.T.);
#1681=ORIENTED_EDGE('',*,*,#1256,.T.);
#1682=ORIENTED_EDGE('',*,*,#1259,.F.);
#1683=ORIENTED_EDGE('',*,*,#1260,.T.);
#1684=ORIENTED_EDGE('',*,*,#1181,.F.);
#1685=ORIENTED_EDGE('',*,*,#1260,.F.);
#1686=ORIENTED_EDGE('',*,*,#1229,.F.);
#1687=ORIENTED_EDGE('',*,*,#1247,.T.);
#1688=ORIENTED_EDGE('',*,*,#1245,.F.);
#1689=ORIENTED_EDGE('',*,*,#1101,.F.);
#1690=ORIENTED_EDGE('',*,*,#1243,.F.);
#1691=ORIENTED_EDGE('',*,*,#1234,.F.);
#1692=ORIENTED_EDGE('',*,*,#1232,.T.);
#1693=ORIENTED_EDGE('',*,*,#1259,.T.);
#1694=ORIENTED_EDGE('',*,*,#1218,.F.);
#1695=ORIENTED_EDGE('',*,*,#1261,.T.);
#1696=ORIENTED_EDGE('',*,*,#1180,.F.);
#1697=ORIENTED_EDGE('',*,*,#1261,.F.);
#1698=ORIENTED_EDGE('',*,*,#1207,.F.);
#1699=ORIENTED_EDGE('',*,*,#1204,.T.);
#1700=ORIENTED_EDGE('',*,*,#1213,.F.);
#1701=ORIENTED_EDGE('',*,*,#1217,.F.);
#1702=ORIENTED_EDGE('',*,*,#1080,.F.);
#1703=ORIENTED_EDGE('',*,*,#1262,.T.);
#1704=ORIENTED_EDGE('',*,*,#1263,.F.);
#1705=ORIENTED_EDGE('',*,*,#1264,.F.);
#1706=ORIENTED_EDGE('',*,*,#1083,.F.);
#1707=ORIENTED_EDGE('',*,*,#1265,.T.);
#1708=ORIENTED_EDGE('',*,*,#1266,.F.);
#1709=ORIENTED_EDGE('',*,*,#1262,.F.);
#1710=ORIENTED_EDGE('',*,*,#1082,.F.);
#1711=ORIENTED_EDGE('',*,*,#1267,.T.);
#1712=ORIENTED_EDGE('',*,*,#1268,.F.);
#1713=ORIENTED_EDGE('',*,*,#1265,.F.);
#1714=ORIENTED_EDGE('',*,*,#1081,.F.);
#1715=ORIENTED_EDGE('',*,*,#1264,.T.);
#1716=ORIENTED_EDGE('',*,*,#1269,.F.);
#1717=ORIENTED_EDGE('',*,*,#1267,.F.);
#1718=ORIENTED_EDGE('',*,*,#1270,.F.);
#1719=ORIENTED_EDGE('',*,*,#1271,.T.);
#1720=ORIENTED_EDGE('',*,*,#1272,.T.);
#1721=ORIENTED_EDGE('',*,*,#1273,.F.);
#1722=ORIENTED_EDGE('',*,*,#1274,.F.);
#1723=ORIENTED_EDGE('',*,*,#1275,.T.);
#1724=ORIENTED_EDGE('',*,*,#1276,.T.);
#1725=ORIENTED_EDGE('',*,*,#1271,.F.);
#1726=ORIENTED_EDGE('',*,*,#1277,.F.);
#1727=ORIENTED_EDGE('',*,*,#1278,.T.);
#1728=ORIENTED_EDGE('',*,*,#1279,.T.);
#1729=ORIENTED_EDGE('',*,*,#1275,.F.);
#1730=ORIENTED_EDGE('',*,*,#1280,.F.);
#1731=ORIENTED_EDGE('',*,*,#1273,.T.);
#1732=ORIENTED_EDGE('',*,*,#1281,.T.);
#1733=ORIENTED_EDGE('',*,*,#1278,.F.);
#1734=ORIENTED_EDGE('',*,*,#1281,.F.);
#1735=ORIENTED_EDGE('',*,*,#1272,.F.);
#1736=ORIENTED_EDGE('',*,*,#1276,.F.);
#1737=ORIENTED_EDGE('',*,*,#1279,.F.);
#1738=ORIENTED_EDGE('',*,*,#1263,.T.);
#1739=ORIENTED_EDGE('',*,*,#1266,.T.);
#1740=ORIENTED_EDGE('',*,*,#1268,.T.);
#1741=ORIENTED_EDGE('',*,*,#1269,.T.);
#1742=ORIENTED_EDGE('',*,*,#1084,.T.);
#1743=ORIENTED_EDGE('',*,*,#1282,.T.);
#1744=ORIENTED_EDGE('',*,*,#1089,.T.);
#1745=ORIENTED_EDGE('',*,*,#1283,.T.);
#1746=ORIENTED_EDGE('',*,*,#1284,.F.);
#1747=ORIENTED_EDGE('',*,*,#1285,.T.);
#1748=ORIENTED_EDGE('',*,*,#1282,.F.);
#1749=ORIENTED_EDGE('',*,*,#1285,.F.);
#1750=ORIENTED_EDGE('',*,*,#1286,.F.);
#1751=ORIENTED_EDGE('',*,*,#1287,.T.);
#1752=ORIENTED_EDGE('',*,*,#1283,.F.);
#1753=ORIENTED_EDGE('',*,*,#1287,.F.);
#1754=ORIENTED_EDGE('',*,*,#1288,.T.);
#1755=ORIENTED_EDGE('',*,*,#1289,.T.);
#1756=ORIENTED_EDGE('',*,*,#1290,.T.);
#1757=ORIENTED_EDGE('',*,*,#1289,.F.);
#1758=ORIENTED_EDGE('',*,*,#1291,.F.);
#1759=ORIENTED_EDGE('',*,*,#1292,.T.);
#1760=ORIENTED_EDGE('',*,*,#1293,.F.);
#1761=ORIENTED_EDGE('',*,*,#1174,.F.);
#1762=ORIENTED_EDGE('',*,*,#1288,.F.);
#1763=ORIENTED_EDGE('',*,*,#1102,.F.);
#1764=ORIENTED_EDGE('',*,*,#1290,.F.);
#1765=ORIENTED_EDGE('',*,*,#1115,.T.);
#1766=ORIENTED_EDGE('',*,*,#1294,.T.);
#1767=ORIENTED_EDGE('',*,*,#1295,.F.);
#1768=ORIENTED_EDGE('',*,*,#1296,.T.);
#1769=ORIENTED_EDGE('',*,*,#1294,.F.);
#1770=ORIENTED_EDGE('',*,*,#1296,.F.);
#1771=ORIENTED_EDGE('',*,*,#1134,.T.);
#1772=ORIENTED_EDGE('',*,*,#1297,.T.);
#1773=ORIENTED_EDGE('',*,*,#1298,.F.);
#1774=ORIENTED_EDGE('',*,*,#1299,.T.);
#1775=ORIENTED_EDGE('',*,*,#1297,.F.);
#1776=ORIENTED_EDGE('',*,*,#1299,.F.);
#1777=ORIENTED_EDGE('',*,*,#1300,.T.);
#1778=ORIENTED_EDGE('',*,*,#1301,.T.);
#1779=ORIENTED_EDGE('',*,*,#1175,.T.);
#1780=ORIENTED_EDGE('',*,*,#1293,.T.);
#1781=ORIENTED_EDGE('',*,*,#1298,.T.);
#1782=ORIENTED_EDGE('',*,*,#1302,.T.);
#1783=ORIENTED_EDGE('',*,*,#1303,.T.);
#1784=ORIENTED_EDGE('',*,*,#1304,.T.);
#1785=ORIENTED_EDGE('',*,*,#1176,.F.);
#1786=ORIENTED_EDGE('',*,*,#1193,.T.);
#1787=ORIENTED_EDGE('',*,*,#1305,.T.);
#1788=ORIENTED_EDGE('',*,*,#1306,.T.);
#1789=ORIENTED_EDGE('',*,*,#1307,.T.);
#1790=ORIENTED_EDGE('',*,*,#1069,.F.);
#1791=ORIENTED_EDGE('',*,*,#1308,.T.);
#1792=ORIENTED_EDGE('',*,*,#1308,.F.);
#1793=ORIENTED_EDGE('',*,*,#1309,.F.);
#1794=ORIENTED_EDGE('',*,*,#1310,.F.);
#1795=ORIENTED_EDGE('',*,*,#1311,.T.);
#1796=ORIENTED_EDGE('',*,*,#1303,.F.);
#1797=ORIENTED_EDGE('',*,*,#1312,.F.);
#1798=ORIENTED_EDGE('',*,*,#1313,.F.);
#1799=ORIENTED_EDGE('',*,*,#1241,.F.);
#1800=ORIENTED_EDGE('',*,*,#1314,.T.);
#1801=ORIENTED_EDGE('',*,*,#1306,.F.);
#1802=ORIENTED_EDGE('',*,*,#1315,.F.);
#1803=ORIENTED_EDGE('',*,*,#1242,.F.);
#1804=ORIENTED_EDGE('',*,*,#1315,.T.);
#1805=ORIENTED_EDGE('',*,*,#1305,.F.);
#1806=ORIENTED_EDGE('',*,*,#1192,.F.);
#1807=ORIENTED_EDGE('',*,*,#1316,.F.);
#1808=ORIENTED_EDGE('',*,*,#1177,.T.);
#1809=ORIENTED_EDGE('',*,*,#1304,.F.);
#1810=ORIENTED_EDGE('',*,*,#1311,.F.);
#1811=ORIENTED_EDGE('',*,*,#1317,.F.);
#1812=ORIENTED_EDGE('',*,*,#1312,.T.);
#1813=ORIENTED_EDGE('',*,*,#1302,.F.);
#1814=ORIENTED_EDGE('',*,*,#1179,.F.);
#1815=ORIENTED_EDGE('',*,*,#1317,.T.);
#1816=ORIENTED_EDGE('',*,*,#1178,.T.);
#1817=ORIENTED_EDGE('',*,*,#1316,.T.);
#1818=ORIENTED_EDGE('',*,*,#1310,.T.);
#1819=ORIENTED_EDGE('',*,*,#1318,.F.);
#1820=ORIENTED_EDGE('',*,*,#1070,.F.);
#1821=ORIENTED_EDGE('',*,*,#1313,.T.);
#1822=ORIENTED_EDGE('',*,*,#1068,.T.);
#1823=ORIENTED_EDGE('',*,*,#1318,.T.);
#1824=ORIENTED_EDGE('',*,*,#1309,.T.);
#1825=ORIENTED_EDGE('',*,*,#1319,.T.);
#1826=ORIENTED_EDGE('',*,*,#1064,.T.);
#1827=ORIENTED_EDGE('',*,*,#1319,.F.);
#1828=ORIENTED_EDGE('',*,*,#1066,.T.);
#1829=ORIENTED_EDGE('',*,*,#1320,.F.);
#1830=ORIENTED_EDGE('',*,*,#1321,.F.);
#1831=ORIENTED_EDGE('',*,*,#1322,.T.);
#1832=ORIENTED_EDGE('',*,*,#1323,.F.);
#1833=ORIENTED_EDGE('',*,*,#1322,.F.);
#1834=ORIENTED_EDGE('',*,*,#1065,.T.);
#1835=ORIENTED_EDGE('',*,*,#1320,.T.);
#1836=ORIENTED_EDGE('',*,*,#1321,.T.);
#1837=ORIENTED_EDGE('',*,*,#1324,.T.);
#1838=ORIENTED_EDGE('',*,*,#1325,.T.);
#1839=ORIENTED_EDGE('',*,*,#1326,.F.);
#1840=ORIENTED_EDGE('',*,*,#1327,.F.);
#1841=ORIENTED_EDGE('',*,*,#1328,.T.);
#1842=ORIENTED_EDGE('',*,*,#1327,.T.);
#1843=ORIENTED_EDGE('',*,*,#1329,.F.);
#1844=ORIENTED_EDGE('',*,*,#1330,.F.);
#1845=ORIENTED_EDGE('',*,*,#1331,.T.);
#1846=ORIENTED_EDGE('',*,*,#1332,.T.);
#1847=ORIENTED_EDGE('',*,*,#1333,.F.);
#1848=ORIENTED_EDGE('',*,*,#1325,.F.);
#1849=ORIENTED_EDGE('',*,*,#1334,.T.);
#1850=ORIENTED_EDGE('',*,*,#1330,.T.);
#1851=ORIENTED_EDGE('',*,*,#1335,.F.);
#1852=ORIENTED_EDGE('',*,*,#1332,.F.);
#1853=ORIENTED_EDGE('',*,*,#1336,.T.);
#1854=ORIENTED_EDGE('',*,*,#1337,.T.);
#1855=ORIENTED_EDGE('',*,*,#1338,.F.);
#1856=ORIENTED_EDGE('',*,*,#1236,.F.);
#1857=ORIENTED_EDGE('',*,*,#1194,.T.);
#1858=ORIENTED_EDGE('',*,*,#1307,.F.);
#1859=ORIENTED_EDGE('',*,*,#1314,.F.);
#1860=ORIENTED_EDGE('',*,*,#1240,.F.);
#1861=ORIENTED_EDGE('',*,*,#1239,.F.);
#1862=ORIENTED_EDGE('',*,*,#1339,.T.);
#1863=ORIENTED_EDGE('',*,*,#1340,.T.);
#1864=ORIENTED_EDGE('',*,*,#1336,.F.);
#1865=ORIENTED_EDGE('',*,*,#1238,.F.);
#1866=ORIENTED_EDGE('',*,*,#1341,.T.);
#1867=ORIENTED_EDGE('',*,*,#1342,.T.);
#1868=ORIENTED_EDGE('',*,*,#1339,.F.);
#1869=ORIENTED_EDGE('',*,*,#1237,.F.);
#1870=ORIENTED_EDGE('',*,*,#1338,.T.);
#1871=ORIENTED_EDGE('',*,*,#1343,.T.);
#1872=ORIENTED_EDGE('',*,*,#1341,.F.);
#1873=ORIENTED_EDGE('',*,*,#1343,.F.);
#1874=ORIENTED_EDGE('',*,*,#1337,.F.);
#1875=ORIENTED_EDGE('',*,*,#1340,.F.);
#1876=ORIENTED_EDGE('',*,*,#1342,.F.);
#1877=ORIENTED_EDGE('',*,*,#1328,.F.);
#1878=ORIENTED_EDGE('',*,*,#1334,.F.);
#1879=ORIENTED_EDGE('',*,*,#1331,.F.);
#1880=ORIENTED_EDGE('',*,*,#1324,.F.);
#1881=ORIENTED_EDGE('',*,*,#1344,.F.);
#1882=ORIENTED_EDGE('',*,*,#1172,.T.);
#1883=ORIENTED_EDGE('',*,*,#1301,.F.);
#1884=ORIENTED_EDGE('',*,*,#1345,.F.);
#1885=ORIENTED_EDGE('',*,*,#1295,.T.);
#1886=ORIENTED_EDGE('',*,*,#1346,.F.);
#1887=ORIENTED_EDGE('',*,*,#1345,.T.);
#1888=ORIENTED_EDGE('',*,*,#1300,.F.);
#1889=ORIENTED_EDGE('',*,*,#1292,.F.);
#1890=ORIENTED_EDGE('',*,*,#1270,.T.);
#1891=ORIENTED_EDGE('',*,*,#1280,.T.);
#1892=ORIENTED_EDGE('',*,*,#1277,.T.);
#1893=ORIENTED_EDGE('',*,*,#1274,.T.);
#1894=ORIENTED_EDGE('',*,*,#1284,.T.);
#1895=ORIENTED_EDGE('',*,*,#1286,.T.);
#1896=ORIENTED_EDGE('',*,*,#1346,.T.);
#1897=ORIENTED_EDGE('',*,*,#1291,.T.);
#1898=ORIENTED_EDGE('',*,*,#1173,.T.);
#1899=ORIENTED_EDGE('',*,*,#1344,.T.);
#1900=ORIENTED_EDGE('',*,*,#1323,.T.);
#1901=ORIENTED_EDGE('',*,*,#1326,.T.);
#1902=ORIENTED_EDGE('',*,*,#1333,.T.);
#1903=ORIENTED_EDGE('',*,*,#1335,.T.);
#1904=ORIENTED_EDGE('',*,*,#1329,.T.);
#1905=ORIENTED_EDGE('',*,*,#1347,.F.);
#1906=ORIENTED_EDGE('',*,*,#1348,.T.);
#1907=ORIENTED_EDGE('',*,*,#1252,.T.);
#1908=ORIENTED_EDGE('',*,*,#1348,.F.);
#1909=ORIENTED_EDGE('',*,*,#1211,.T.);
#1910=ORIENTED_EDGE('',*,*,#1145,.T.);
#1911=ORIENTED_EDGE('',*,*,#1148,.T.);
#1912=ORIENTED_EDGE('',*,*,#1150,.T.);
#1913=ORIENTED_EDGE('',*,*,#1347,.T.);
#1914=ORIENTED_EDGE('',*,*,#1349,.F.);
#1915=ORIENTED_EDGE('',*,*,#1350,.T.);
#1916=ORIENTED_EDGE('',*,*,#1251,.T.);
#1917=ORIENTED_EDGE('',*,*,#1350,.F.);
#1918=ORIENTED_EDGE('',*,*,#1129,.F.);
#1919=ORIENTED_EDGE('',*,*,#1152,.F.);
#1920=ORIENTED_EDGE('',*,*,#1160,.T.);
#1921=ORIENTED_EDGE('',*,*,#1351,.F.);
#1922=ORIENTED_EDGE('',*,*,#1352,.F.);
#1923=ORIENTED_EDGE('',*,*,#1130,.T.);
#1924=ORIENTED_EDGE('',*,*,#1352,.T.);
#1925=ORIENTED_EDGE('',*,*,#1353,.F.);
#1926=ORIENTED_EDGE('',*,*,#1163,.F.);
#1927=ORIENTED_EDGE('',*,*,#1156,.F.);
#1928=ORIENTED_EDGE('',*,*,#1353,.T.);
#1929=ORIENTED_EDGE('',*,*,#1351,.T.);
#1930=ORIENTED_EDGE('',*,*,#1159,.T.);
#1931=ORIENTED_EDGE('',*,*,#1162,.T.);
#1932=ORIENTED_EDGE('',*,*,#1164,.T.);
#1933=ORIENTED_EDGE('',*,*,#1349,.T.);
#1934=CYLINDRICAL_SURFACE('',#2097,8.);
#1935=CYLINDRICAL_SURFACE('',#2110,6.);
#1936=CYLINDRICAL_SURFACE('',#2116,6.00000000000001);
#1937=CYLINDRICAL_SURFACE('',#2124,7.);
#1938=CYLINDRICAL_SURFACE('',#2132,7.);
#1939=CYLINDRICAL_SURFACE('',#2139,8.75);
#1940=CYLINDRICAL_SURFACE('',#2141,1.);
#1941=CYLINDRICAL_SURFACE('',#2144,1.);
#1942=CYLINDRICAL_SURFACE('',#2146,1.);
#1943=CYLINDRICAL_SURFACE('',#2152,1.);
#1944=CYLINDRICAL_SURFACE('',#2155,1.);
#1945=CYLINDRICAL_SURFACE('',#2157,1.);
#1946=CYLINDRICAL_SURFACE('',#2162,1.);
#1947=CYLINDRICAL_SURFACE('',#2182,1.);
#1948=CYLINDRICAL_SURFACE('',#2185,1.);
#1949=CYLINDRICAL_SURFACE('',#2191,1.);
#1950=CYLINDRICAL_SURFACE('',#2192,1.);
#1951=CYLINDRICAL_SURFACE('',#2195,1.);
#1952=CYLINDRICAL_SURFACE('',#2197,1.);
#1953=CYLINDRICAL_SURFACE('',#2199,1.);
#1954=CYLINDRICAL_SURFACE('',#2202,1.);
#1955=CYLINDRICAL_SURFACE('',#2205,1.);
#1956=CYLINDRICAL_SURFACE('',#2208,1.);
#1957=CYLINDRICAL_SURFACE('',#2210,1.);
#1958=CYLINDRICAL_SURFACE('',#2216,3.);
#1959=CYLINDRICAL_SURFACE('',#2220,3.);
#1960=CYLINDRICAL_SURFACE('',#2224,3.);
#1961=CYLINDRICAL_SURFACE('',#2227,3.);
#1962=CYLINDRICAL_SURFACE('',#2242,3.);
#1963=CYLINDRICAL_SURFACE('',#2244,3.);
#1964=CYLINDRICAL_SURFACE('',#2246,3.);
#1965=CYLINDRICAL_SURFACE('',#2253,3.);
#1966=CYLINDRICAL_SURFACE('',#2257,3.75);
#1967=CYLINDRICAL_SURFACE('',#2271,8.);
#1968=CYLINDRICAL_SURFACE('',#2273,3.);
#1969=CYLINDRICAL_SURFACE('',#2289,2.875);
#1970=CYLINDRICAL_SURFACE('',#2292,2.875);
#1971=ADVANCED_FACE('',(#133),#1934,.T.);
#1972=ADVANCED_FACE('',(#134),#126,.F.);
#1973=ADVANCED_FACE('',(#135),#127,.F.);
#1974=ADVANCED_FACE('',(#136,#21,#22,#23),#56,.T.);
#1975=ADVANCED_FACE('',(#137),#1935,.T.);
#1976=ADVANCED_FACE('',(#138),#128,.F.);
#1977=ADVANCED_FACE('',(#139),#1936,.T.);
#1978=ADVANCED_FACE('',(#140),#129,.F.);
#1979=ADVANCED_FACE('',(#141,#24),#57,.T.);
#1980=ADVANCED_FACE('',(#142),#1937,.T.);
#1981=ADVANCED_FACE('',(#143),#130,.F.);
#1982=ADVANCED_FACE('',(#144,#25),#58,.T.);
#1983=ADVANCED_FACE('',(#145),#1938,.T.);
#1984=ADVANCED_FACE('',(#146),#131,.F.);
#1985=ADVANCED_FACE('',(#147,#26,#27),#59,.F.);
#1986=ADVANCED_FACE('',(#148),#1939,.T.);
#1987=ADVANCED_FACE('',(#149),#1940,.F.);
#1988=ADVANCED_FACE('',(#150),#1941,.F.);
#1989=ADVANCED_FACE('',(#151),#1942,.F.);
#1990=ADVANCED_FACE('',(#152),#60,.T.);
#1991=ADVANCED_FACE('',(#153),#61,.T.);
#1992=ADVANCED_FACE('',(#154),#62,.T.);
#1993=ADVANCED_FACE('',(#155),#1943,.F.);
#1994=ADVANCED_FACE('',(#156),#1944,.F.);
#1995=ADVANCED_FACE('',(#157),#1945,.F.);
#1996=ADVANCED_FACE('',(#158),#63,.T.);
#1997=ADVANCED_FACE('',(#159),#64,.T.);
#1998=ADVANCED_FACE('',(#160),#65,.T.);
#1999=ADVANCED_FACE('',(#161),#1946,.T.);
#2000=ADVANCED_FACE('',(#162),#66,.T.);
#2001=ADVANCED_FACE('',(#163,#28,#29,#30,#31,#32,#33),#67,.T.);
#2002=ADVANCED_FACE('',(#164),#1947,.F.);
#2003=ADVANCED_FACE('',(#165),#68,.T.);
#2004=ADVANCED_FACE('',(#166),#1948,.T.);
#2005=ADVANCED_FACE('',(#167,#34),#69,.F.);
#2006=ADVANCED_FACE('',(#168),#70,.T.);
#2007=ADVANCED_FACE('',(#169),#1949,.F.);
#2008=ADVANCED_FACE('',(#170),#1950,.F.);
#2009=ADVANCED_FACE('',(#171),#71,.T.);
#2010=ADVANCED_FACE('',(#172),#1951,.T.);
#2011=ADVANCED_FACE('',(#173),#1952,.F.);
#2012=ADVANCED_FACE('',(#174),#1953,.T.);
#2013=ADVANCED_FACE('',(#175),#72,.T.);
#2014=ADVANCED_FACE('',(#176),#1954,.F.);
#2015=ADVANCED_FACE('',(#177),#73,.T.);
#2016=ADVANCED_FACE('',(#178),#1955,.F.);
#2017=ADVANCED_FACE('',(#179),#74,.T.);
#2018=ADVANCED_FACE('',(#180),#1956,.F.);
#2019=ADVANCED_FACE('',(#181),#1957,.F.);
#2020=ADVANCED_FACE('',(#182),#75,.F.);
#2021=ADVANCED_FACE('',(#183),#76,.F.);
#2022=ADVANCED_FACE('',(#184),#1958,.F.);
#2023=ADVANCED_FACE('',(#185),#77,.T.);
#2024=ADVANCED_FACE('',(#186,#35),#78,.F.);
#2025=ADVANCED_FACE('',(#187),#1959,.F.);
#2026=ADVANCED_FACE('',(#188),#79,.T.);
#2027=ADVANCED_FACE('',(#189,#36),#80,.F.);
#2028=ADVANCED_FACE('',(#190),#1960,.F.);
#2029=ADVANCED_FACE('',(#191,#37),#81,.F.);
#2030=ADVANCED_FACE('',(#192),#1961,.F.);
#2031=ADVANCED_FACE('',(#193),#82,.T.);
#2032=ADVANCED_FACE('',(#194),#83,.F.);
#2033=ADVANCED_FACE('',(#195),#84,.F.);
#2034=ADVANCED_FACE('',(#196),#85,.F.);
#2035=ADVANCED_FACE('',(#197),#86,.F.);
#2036=ADVANCED_FACE('',(#198),#87,.F.);
#2037=ADVANCED_FACE('',(#199),#88,.F.);
#2038=ADVANCED_FACE('',(#200),#89,.F.);
#2039=ADVANCED_FACE('',(#201),#90,.F.);
#2040=ADVANCED_FACE('',(#202,#38),#91,.F.);
#2041=ADVANCED_FACE('',(#203,#39),#92,.F.);
#2042=ADVANCED_FACE('',(#204,#40),#93,.F.);
#2043=ADVANCED_FACE('',(#205),#1962,.F.);
#2044=ADVANCED_FACE('',(#206),#1963,.F.);
#2045=ADVANCED_FACE('',(#207),#1964,.F.);
#2046=ADVANCED_FACE('',(#208,#41),#94,.T.);
#2047=ADVANCED_FACE('',(#209,#42),#95,.F.);
#2048=ADVANCED_FACE('',(#210,#43),#96,.T.);
#2049=ADVANCED_FACE('',(#211),#1965,.F.);
#2050=ADVANCED_FACE('',(#212,#44),#97,.T.);
#2051=ADVANCED_FACE('',(#213),#1966,.F.);
#2052=ADVANCED_FACE('',(#214,#45),#98,.T.);
#2053=ADVANCED_FACE('',(#215),#99,.F.);
#2054=ADVANCED_FACE('',(#216),#100,.T.);
#2055=ADVANCED_FACE('',(#217),#101,.T.);
#2056=ADVANCED_FACE('',(#218),#102,.T.);
#2057=ADVANCED_FACE('',(#219),#103,.T.);
#2058=ADVANCED_FACE('',(#220),#104,.T.);
#2059=ADVANCED_FACE('',(#221),#105,.T.);
#2060=ADVANCED_FACE('',(#222),#106,.T.);
#2061=ADVANCED_FACE('',(#223),#132,.F.);
#2062=ADVANCED_FACE('',(#224),#1967,.T.);
#2063=ADVANCED_FACE('',(#225),#1968,.F.);
#2064=ADVANCED_FACE('',(#226,#46),#107,.T.);
#2065=ADVANCED_FACE('',(#227),#108,.F.);
#2066=ADVANCED_FACE('',(#228),#109,.F.);
#2067=ADVANCED_FACE('',(#229),#110,.F.);
#2068=ADVANCED_FACE('',(#230),#111,.F.);
#2069=ADVANCED_FACE('',(#231),#112,.F.);
#2070=ADVANCED_FACE('',(#232),#113,.F.);
#2071=ADVANCED_FACE('',(#233),#114,.F.);
#2072=ADVANCED_FACE('',(#234),#115,.F.);
#2073=ADVANCED_FACE('',(#235,#47),#116,.F.);
#2074=ADVANCED_FACE('',(#236,#48),#117,.T.);
#2075=ADVANCED_FACE('',(#237,#49,#50,#51),#118,.T.);
#2076=ADVANCED_FACE('',(#238,#52,#53),#119,.F.);
#2077=ADVANCED_FACE('',(#239),#1969,.F.);
#2078=ADVANCED_FACE('',(#240,#54),#120,.T.);
#2079=ADVANCED_FACE('',(#241),#1970,.F.);
#2080=ADVANCED_FACE('',(#242),#121,.T.);
#2081=ADVANCED_FACE('',(#243),#122,.T.);
#2082=ADVANCED_FACE('',(#244,#55),#123,.T.);
#2083=CLOSED_SHELL('',(#1971,#1972,#1973,#1974,#1975,#1976,#1977,#1978,
#1979,#1980,#1981,#1982,#1983,#1984,#1985,#1986,#1987,#1988,#1989,#1990,
#1991,#1992,#1993,#1994,#1995,#1996,#1997,#1998,#1999,#2000,#2001,#2002,
#2003,#2004,#2005,#2006,#2007,#2008,#2009,#2010,#2011,#2012,#2013,#2014,
#2015,#2016,#2017,#2018,#2019,#2020,#2021,#2022,#2023,#2024,#2025,#2026,
#2027,#2028,#2029,#2030,#2031,#2032,#2033,#2034,#2035,#2036,#2037,#2038,
#2039,#2040,#2041,#2042,#2043,#2044,#2045,#2046,#2047,#2048,#2049,#2050,
#2051,#2052,#2053,#2054,#2055,#2056,#2057,#2058,#2059,#2060,#2061,#2062,
#2063,#2064,#2065,#2066,#2067,#2068,#2069,#2070,#2071,#2072,#2073,#2074,
#2075,#2076,#2077,#2078,#2079,#2080,#2081,#2082));
#2084=DERIVED_UNIT_ELEMENT(#2086,1.);
#2085=DERIVED_UNIT_ELEMENT(#3503,-3.);
#2086=(
MASS_UNIT()
NAMED_UNIT(*)
SI_UNIT(.KILO.,.GRAM.)
);
#2087=DERIVED_UNIT((#2084,#2085));
#2088=MEASURE_REPRESENTATION_ITEM('density measure',
POSITIVE_RATIO_MEASURE(1060.),#2087);
#2089=PROPERTY_DEFINITION_REPRESENTATION(#2094,#2091);
#2090=PROPERTY_DEFINITION_REPRESENTATION(#2095,#2092);
#2091=REPRESENTATION('material name',(#2093),#3500);
#2092=REPRESENTATION('density',(#2088),#3500);
#2093=DESCRIPTIVE_REPRESENTATION_ITEM('ABS Plastic','ABS Plastic');
#2094=PROPERTY_DEFINITION('material property','material name',#3510);
#2095=PROPERTY_DEFINITION('material property','density of part',#3510);
#2096=AXIS2_PLACEMENT_3D('',#2899,#2297,#2298);
#2097=AXIS2_PLACEMENT_3D('',#2900,#2299,#2300);
#2098=AXIS2_PLACEMENT_3D('',#2905,#2302,#2303);
#2099=AXIS2_PLACEMENT_3D('',#2908,#2305,#2306);
#2100=AXIS2_PLACEMENT_3D('',#2909,#2307,#2308);
#2101=AXIS2_PLACEMENT_3D('',#2911,#2309,#2310);
#2102=AXIS2_PLACEMENT_3D('',#2917,#2311,#2312);
#2103=AXIS2_PLACEMENT_3D('',#2918,#2313,#2314);
#2104=AXIS2_PLACEMENT_3D('',#2921,#2315,#2316);
#2105=AXIS2_PLACEMENT_3D('',#2923,#2317,#2318);
#2106=AXIS2_PLACEMENT_3D('',#2924,#2319,#2320);
#2107=AXIS2_PLACEMENT_3D('',#2925,#2321,#2322);
#2108=AXIS2_PLACEMENT_3D('',#2926,#2323,#2324);
#2109=AXIS2_PLACEMENT_3D('',#2936,#2329,#2330);
#2110=AXIS2_PLACEMENT_3D('',#2945,#2335,#2336);
#2111=AXIS2_PLACEMENT_3D('',#2947,#2337,#2338);
#2112=AXIS2_PLACEMENT_3D('',#2949,#2340,#2341);
#2113=AXIS2_PLACEMENT_3D('',#2952,#2342,#2343);
#2114=AXIS2_PLACEMENT_3D('',#2953,#2344,#2345);
#2115=AXIS2_PLACEMENT_3D('',#2954,#2346,#2347);
#2116=AXIS2_PLACEMENT_3D('',#2955,#2348,#2349);
#2117=AXIS2_PLACEMENT_3D('',#2957,#2350,#2351);
#2118=AXIS2_PLACEMENT_3D('',#2959,#2353,#2354);
#2119=AXIS2_PLACEMENT_3D('',#2962,#2355,#2356);
#2120=AXIS2_PLACEMENT_3D('',#2964,#2357,#2358);
#2121=AXIS2_PLACEMENT_3D('',#2965,#2359,#2360);
#2122=AXIS2_PLACEMENT_3D('',#2966,#2361,#2362);
#2123=AXIS2_PLACEMENT_3D('',#2967,#2363,#2364);
#2124=AXIS2_PLACEMENT_3D('',#2981,#2372,#2373);
#2125=AXIS2_PLACEMENT_3D('',#2983,#2374,#2375);
#2126=AXIS2_PLACEMENT_3D('',#2985,#2377,#2378);
#2127=AXIS2_PLACEMENT_3D('',#2988,#2379,#2380);
#2128=AXIS2_PLACEMENT_3D('',#2990,#2381,#2382);
#2129=AXIS2_PLACEMENT_3D('',#2991,#2383,#2384);
#2130=AXIS2_PLACEMENT_3D('',#2992,#2385,#2386);
#2131=AXIS2_PLACEMENT_3D('',#2993,#2387,#2388);
#2132=AXIS2_PLACEMENT_3D('',#3007,#2396,#2397);
#2133=AXIS2_PLACEMENT_3D('',#3009,#2398,#2399);
#2134=AXIS2_PLACEMENT_3D('',#3011,#2401,#2402);
#2135=AXIS2_PLACEMENT_3D('',#3013,#2403,#2404);
#2136=AXIS2_PLACEMENT_3D('',#3015,#2405,#2406);
#2137=AXIS2_PLACEMENT_3D('',#3016,#2407,#2408);
#2138=AXIS2_PLACEMENT_3D('',#3017,#2409,#2410);
#2139=AXIS2_PLACEMENT_3D('',#3045,#2425,#2426);
#2140=AXIS2_PLACEMENT_3D('',#3047,#2427,#2428);
#2141=AXIS2_PLACEMENT_3D('',#3049,#2430,#2431);
#2142=AXIS2_PLACEMENT_3D('',#3053,#2433,#2434);
#2143=AXIS2_PLACEMENT_3D('',#3054,#2435,#2436);
#2144=AXIS2_PLACEMENT_3D('',#3055,#2437,#2438);
#2145=AXIS2_PLACEMENT_3D('',#3057,#2439,#2440);
#2146=AXIS2_PLACEMENT_3D('',#3059,#2442,#2443);
#2147=AXIS2_PLACEMENT_3D('',#3061,#2444,#2445);
#2148=AXIS2_PLACEMENT_3D('',#3063,#2446,#2447);
#2149=AXIS2_PLACEMENT_3D('',#3065,#2449,#2450);
#2150=AXIS2_PLACEMENT_3D('',#3071,#2454,#2455);
#2151=AXIS2_PLACEMENT_3D('',#3075,#2458,#2459);
#2152=AXIS2_PLACEMENT_3D('',#3079,#2462,#2463);
#2153=AXIS2_PLACEMENT_3D('',#3083,#2465,#2466);
#2154=AXIS2_PLACEMENT_3D('',#3084,#2467,#2468);
#2155=AXIS2_PLACEMENT_3D('',#3085,#2469,#2470);
#2156=AXIS2_PLACEMENT_3D('',#3088,#2472,#2473);
#2157=AXIS2_PLACEMENT_3D('',#3089,#2474,#2475);
#2158=AXIS2_PLACEMENT_3D('',#3091,#2476,#2477);
#2159=AXIS2_PLACEMENT_3D('',#3093,#2479,#2480);
#2160=AXIS2_PLACEMENT_3D('',#3099,#2484,#2485);
#2161=AXIS2_PLACEMENT_3D('',#3103,#2488,#2489);
#2162=AXIS2_PLACEMENT_3D('',#3107,#2492,#2493);
#2163=AXIS2_PLACEMENT_3D('',#3110,#2494,#2495);
#2164=AXIS2_PLACEMENT_3D('',#3114,#2497,#2498);
#2165=AXIS2_PLACEMENT_3D('',#3116,#2500,#2501);
#2166=AXIS2_PLACEMENT_3D('',#3122,#2505,#2506);
#2167=AXIS2_PLACEMENT_3D('',#3140,#2515,#2516);
#2168=AXIS2_PLACEMENT_3D('',#3142,#2517,#2518);
#2169=AXIS2_PLACEMENT_3D('',#3144,#2519,#2520);
#2170=AXIS2_PLACEMENT_3D('',#3146,#2521,#2522);
#2171=AXIS2_PLACEMENT_3D('',#3149,#2524,#2525);
#2172=AXIS2_PLACEMENT_3D('',#3151,#2526,#2527);
#2173=AXIS2_PLACEMENT_3D('',#3155,#2529,#2530);
#2174=AXIS2_PLACEMENT_3D('',#3159,#2532,#2533);
#2175=AXIS2_PLACEMENT_3D('',#3171,#2539,#2540);
#2176=AXIS2_PLACEMENT_3D('',#3175,#2542,#2543);
#2177=AXIS2_PLACEMENT_3D('',#3178,#2545,#2546);
#2178=AXIS2_PLACEMENT_3D('',#3180,#2547,#2548);
#2179=AXIS2_PLACEMENT_3D('',#3184,#2550,#2551);
#2180=AXIS2_PLACEMENT_3D('',#3187,#2553,#2554);
#2181=AXIS2_PLACEMENT_3D('',#3188,#2555,#2556);
#2182=AXIS2_PLACEMENT_3D('',#3189,#2557,#2558);
#2183=AXIS2_PLACEMENT_3D('',#3193,#2560,#2561);
#2184=AXIS2_PLACEMENT_3D('',#3195,#2563,#2564);
#2185=AXIS2_PLACEMENT_3D('',#3198,#2567,#2568);
#2186=AXIS2_PLACEMENT_3D('',#3201,#2569,#2570);
#2187=AXIS2_PLACEMENT_3D('',#3204,#2573,#2574);
#2188=AXIS2_PLACEMENT_3D('',#3207,#2576,#2577);
#2189=AXIS2_PLACEMENT_3D('',#3210,#2579,#2580);
#2190=AXIS2_PLACEMENT_3D('',#3211,#2581,#2582);
#2191=AXIS2_PLACEMENT_3D('',#3213,#2584,#2585);
#2192=AXIS2_PLACEMENT_3D('',#3214,#2586,#2587);
#2193=AXIS2_PLACEMENT_3D('',#3217,#2588,#2589);
#2194=AXIS2_PLACEMENT_3D('',#3220,#2592,#2593);
#2195=AXIS2_PLACEMENT_3D('',#3224,#2596,#2597);
#2196=AXIS2_PLACEMENT_3D('',#3226,#2598,#2599);
#2197=AXIS2_PLACEMENT_3D('',#3228,#2601,#2602);
#2198=AXIS2_PLACEMENT_3D('',#3230,#2603,#2604);
#2199=AXIS2_PLACEMENT_3D('',#3232,#2606,#2607);
#2200=AXIS2_PLACEMENT_3D('',#3235,#2608,#2609);
#2201=AXIS2_PLACEMENT_3D('',#3238,#2612,#2613);
#2202=AXIS2_PLACEMENT_3D('',#3242,#2616,#2617);
#2203=AXIS2_PLACEMENT_3D('',#3244,#2618,#2619);
#2204=AXIS2_PLACEMENT_3D('',#3246,#2621,#2622);
#2205=AXIS2_PLACEMENT_3D('',#3262,#2632,#2633);
#2206=AXIS2_PLACEMENT_3D('',#3264,#2634,#2635);
#2207=AXIS2_PLACEMENT_3D('',#3266,#2637,#2638);
#2208=AXIS2_PLACEMENT_3D('',#3268,#2640,#2641);
#2209=AXIS2_PLACEMENT_3D('',#3269,#2642,#2643);
#2210=AXIS2_PLACEMENT_3D('',#3270,#2644,#2645);
#2211=AXIS2_PLACEMENT_3D('',#3272,#2646,#2647);
#2212=AXIS2_PLACEMENT_3D('',#3274,#2649,#2650);
#2213=AXIS2_PLACEMENT_3D('',#3276,#2651,#2652);
#2214=AXIS2_PLACEMENT_3D('',#3277,#2653,#2654);
#2215=AXIS2_PLACEMENT_3D('',#3279,#2655,#2656);
#2216=AXIS2_PLACEMENT_3D('',#3280,#2657,#2658);
#2217=AXIS2_PLACEMENT_3D('',#3282,#2659,#2660);
#2218=AXIS2_PLACEMENT_3D('',#3284,#2662,#2663);
#2219=AXIS2_PLACEMENT_3D('',#3286,#2665,#2666);
#2220=AXIS2_PLACEMENT_3D('',#3287,#2667,#2668);
#2221=AXIS2_PLACEMENT_3D('',#3289,#2669,#2670);
#2222=AXIS2_PLACEMENT_3D('',#3291,#2672,#2673);
#2223=AXIS2_PLACEMENT_3D('',#3293,#2675,#2676);
#2224=AXIS2_PLACEMENT_3D('',#3294,#2677,#2678);
#2225=AXIS2_PLACEMENT_3D('',#3296,#2679,#2680);
#2226=AXIS2_PLACEMENT_3D('',#3298,#2682,#2683);
#2227=AXIS2_PLACEMENT_3D('',#3299,#2684,#2685);
#2228=AXIS2_PLACEMENT_3D('',#3301,#2687,#2688);
#2229=AXIS2_PLACEMENT_3D('',#3302,#2689,#2690);
#2230=AXIS2_PLACEMENT_3D('',#3308,#2694,#2695);
#2231=AXIS2_PLACEMENT_3D('',#3312,#2698,#2699);
#2232=AXIS2_PLACEMENT_3D('',#3316,#2702,#2703);
#2233=AXIS2_PLACEMENT_3D('',#3318,#2705,#2706);
#2234=AXIS2_PLACEMENT_3D('',#3327,#2711,#2712);
#2235=AXIS2_PLACEMENT_3D('',#3333,#2716,#2717);
#2236=AXIS2_PLACEMENT_3D('',#3339,#2721,#2722);
#2237=AXIS2_PLACEMENT_3D('',#3342,#2725,#2726);
#2238=AXIS2_PLACEMENT_3D('',#3343,#2727,#2728);
#2239=AXIS2_PLACEMENT_3D('',#3345,#2729,#2730);
#2240=AXIS2_PLACEMENT_3D('',#3346,#2731,#2732);
#2241=AXIS2_PLACEMENT_3D('',#3348,#2733,#2734);
#2242=AXIS2_PLACEMENT_3D('',#3349,#2735,#2736);
#2243=AXIS2_PLACEMENT_3D('',#3351,#2737,#2738);
#2244=AXIS2_PLACEMENT_3D('',#3353,#2740,#2741);
#2245=AXIS2_PLACEMENT_3D('',#3355,#2742,#2743);
#2246=AXIS2_PLACEMENT_3D('',#3357,#2745,#2746);
#2247=AXIS2_PLACEMENT_3D('',#3359,#2747,#2748);
#2248=AXIS2_PLACEMENT_3D('',#3362,#2750,#2751);
#2249=AXIS2_PLACEMENT_3D('',#3363,#2752,#2753);
#2250=AXIS2_PLACEMENT_3D('',#3369,#2757,#2758);
#2251=AXIS2_PLACEMENT_3D('',#3370,#2759,#2760);
#2252=AXIS2_PLACEMENT_3D('',#3372,#2761,#2762);
#2253=AXIS2_PLACEMENT_3D('',#3373,#2763,#2764);
#2254=AXIS2_PLACEMENT_3D('',#3375,#2765,#2766);
#2255=AXIS2_PLACEMENT_3D('',#3377,#2768,#2769);
#2256=AXIS2_PLACEMENT_3D('',#3379,#2770,#2771);
#2257=AXIS2_PLACEMENT_3D('',#3380,#2772,#2773);
#2258=AXIS2_PLACEMENT_3D('',#3382,#2774,#2775);
#2259=AXIS2_PLACEMENT_3D('',#3384,#2777,#2778);
#2260=AXIS2_PLACEMENT_3D('',#3388,#2781,#2782);
#2261=AXIS2_PLACEMENT_3D('',#3394,#2786,#2787);
#2262=AXIS2_PLACEMENT_3D('',#3400,#2791,#2792);
#2263=AXIS2_PLACEMENT_3D('',#3413,#2798,#2799);
#2264=AXIS2_PLACEMENT_3D('',#3416,#2802,#2803);
#2265=AXIS2_PLACEMENT_3D('',#3417,#2804,#2805);
#2266=AXIS2_PLACEMENT_3D('',#3419,#2807,#2808);
#2267=AXIS2_PLACEMENT_3D('',#3421,#2810,#2811);
#2268=AXIS2_PLACEMENT_3D('',#3422,#2812,#2813);
#2269=AXIS2_PLACEMENT_3D('',#3423,#2814,#2815);
#2270=AXIS2_PLACEMENT_3D('',#3424,#2816,#2817);
#2271=AXIS2_PLACEMENT_3D('',#3425,#2818,#2819);
#2272=AXIS2_PLACEMENT_3D('',#3426,#2820,#2821);
#2273=AXIS2_PLACEMENT_3D('',#3427,#2822,#2823);
#2274=AXIS2_PLACEMENT_3D('',#3429,#2824,#2825);
#2275=AXIS2_PLACEMENT_3D('',#3432,#2827,#2828);
#2276=AXIS2_PLACEMENT_3D('',#3433,#2829,#2830);
#2277=AXIS2_PLACEMENT_3D('',#3434,#2831,#2832);
#2278=AXIS2_PLACEMENT_3D('',#3443,#2837,#2838);
#2279=AXIS2_PLACEMENT_3D('',#3449,#2842,#2843);
#2280=AXIS2_PLACEMENT_3D('',#3455,#2847,#2848);
#2281=AXIS2_PLACEMENT_3D('',#3458,#2851,#2852);
#2282=AXIS2_PLACEMENT_3D('',#3464,#2856,#2857);
#2283=AXIS2_PLACEMENT_3D('',#3468,#2860,#2861);
#2284=AXIS2_PLACEMENT_3D('',#3472,#2864,#2865);
#2285=AXIS2_PLACEMENT_3D('',#3474,#2867,#2868);
#2286=AXIS2_PLACEMENT_3D('',#3475,#2869,#2870);
#2287=AXIS2_PLACEMENT_3D('',#3479,#2873,#2874);
#2288=AXIS2_PLACEMENT_3D('',#3481,#2876,#2877);
#2289=AXIS2_PLACEMENT_3D('',#3482,#2878,#2879);
#2290=AXIS2_PLACEMENT_3D('',#3484,#2880,#2881);
#2291=AXIS2_PLACEMENT_3D('',#3486,#2883,#2884);
#2292=AXIS2_PLACEMENT_3D('',#3487,#2885,#2886);
#2293=AXIS2_PLACEMENT_3D('',#3489,#2887,#2888);
#2294=AXIS2_PLACEMENT_3D('',#3491,#2890,#2891);
#2295=AXIS2_PLACEMENT_3D('',#3495,#2894,#2895);
#2296=AXIS2_PLACEMENT_3D('',#3497,#2897,#2898);
#2297=DIRECTION('axis',(0.,0.,1.));
#2298=DIRECTION('refdir',(1.,0.,0.));
#2299=DIRECTION('center_axis',(0.,0.,-1.));
#2300=DIRECTION('ref_axis',(1.,0.,0.));
#2301=DIRECTION('',(0.,0.,1.));
#2302=DIRECTION('center_axis',(0.,0.,-1.));
#2303=DIRECTION('ref_axis',(1.,0.,0.));
#2304=DIRECTION('',(0.,0.,-1.));
#2305=DIRECTION('center_axis',(0.,0.,1.));
#2306=DIRECTION('ref_axis',(1.,0.,0.));
#2307=DIRECTION('center_axis',(0.,0.,1.));
#2308=DIRECTION('ref_axis',(1.,0.,0.));
#2309=DIRECTION('center_axis',(1.22464679914735E-16,-1.,0.));
#2310=DIRECTION('ref_axis',(-1.,-1.22464679914735E-16,0.));
#2311=DIRECTION('center_axis',(0.,0.,-1.));
#2312=DIRECTION('ref_axis',(1.,0.,0.));
#2313=DIRECTION('center_axis',(-9.65411325761006E-17,1.,0.));
#2314=DIRECTION('ref_axis',(0.,0.,1.));
#2315=DIRECTION('center_axis',(-9.65411325761006E-17,1.,0.));
#2316=DIRECTION('ref_axis',(-1.,-9.25185853854297E-17,0.));
#2317=DIRECTION('center_axis',(-1.,-9.65411325761006E-17,0.));
#2318=DIRECTION('ref_axis',(0.,0.,-1.));
#2319=DIRECTION('center_axis',(9.65411325761006E-17,-1.,0.));
#2320=DIRECTION('ref_axis',(-1.,-9.65411325761006E-17,0.));
#2321=DIRECTION('center_axis',(-9.65411325761006E-17,1.,0.));
#2322=DIRECTION('ref_axis',(-1.,-9.25185853854297E-17,0.));
#2323=DIRECTION('center_axis',(9.65411325761006E-17,-1.,0.));
#2324=DIRECTION('ref_axis',(-1.,-9.65411325761006E-17,0.));
#2325=DIRECTION('',(1.,9.65411325761006E-17,0.));
#2326=DIRECTION('',(0.,0.,-1.));
#2327=DIRECTION('',(-1.,-9.65411325761006E-17,0.));
#2328=DIRECTION('',(0.,0.,-1.));
#2329=DIRECTION('center_axis',(9.65411325761006E-17,-1.,0.));
#2330=DIRECTION('ref_axis',(-1.,-9.65411325761006E-17,0.));
#2331=DIRECTION('',(0.,0.,-1.));
#2332=DIRECTION('',(-1.,-9.65411325761006E-17,0.));
#2333=DIRECTION('',(0.,0.,1.));
#2334=DIRECTION('',(1.,9.65411325761006E-17,0.));
#2335=DIRECTION('center_axis',(0.,-1.,0.));
#2336=DIRECTION('ref_axis',(-1.,0.,0.));
#2337=DIRECTION('center_axis',(0.,-1.,0.));
#2338=DIRECTION('ref_axis',(-1.,0.,0.));
#2339=DIRECTION('',(0.,1.,0.));
#2340=DIRECTION('center_axis',(-9.65411325761006E-17,1.,0.));
#2341=DIRECTION('ref_axis',(0.,0.,1.));
#2342=DIRECTION('center_axis',(-9.65411325761006E-17,1.,0.));
#2343=DIRECTION('ref_axis',(-1.,-9.25185853854296E-17,0.));
#2344=DIRECTION('center_axis',(-1.,-9.65411325761006E-17,0.));
#2345=DIRECTION('ref_axis',(0.,0.,-1.));
#2346=DIRECTION('center_axis',(-9.65411325761006E-17,1.,0.));
#2347=DIRECTION('ref_axis',(-1.,-9.25185853854296E-17,0.));
#2348=DIRECTION('center_axis',(0.,-1.,0.));
#2349=DIRECTION('ref_axis',(-1.,0.,0.));
#2350=DIRECTION('center_axis',(0.,-1.,0.));
#2351=DIRECTION('ref_axis',(-1.,0.,0.));
#2352=DIRECTION('',(0.,1.,0.));
#2353=DIRECTION('center_axis',(-1.,0.,0.));
#2354=DIRECTION('ref_axis',(0.,0.,1.));
#2355=DIRECTION('center_axis',(-1.,0.,0.));
#2356=DIRECTION('ref_axis',(0.,-1.,0.));
#2357=DIRECTION('center_axis',(0.,-1.,1.22464679914735E-16));
#2358=DIRECTION('ref_axis',(0.,-1.22464679914735E-16,-1.));
#2359=DIRECTION('center_axis',(1.,0.,0.));
#2360=DIRECTION('ref_axis',(0.,-1.,0.));
#2361=DIRECTION('center_axis',(-1.,0.,0.));
#2362=DIRECTION('ref_axis',(0.,-1.,0.));
#2363=DIRECTION('center_axis',(1.,0.,0.));
#2364=DIRECTION('ref_axis',(0.,-1.,0.));
#2365=DIRECTION('',(0.,1.,0.));
#2366=DIRECTION('',(0.,0.,-1.));
#2367=DIRECTION('',(0.,-1.,0.));
#2368=DIRECTION('',(0.,0.,-1.));
#2369=DIRECTION('',(0.,-1.,0.));
#2370=DIRECTION('',(0.,1.,0.));
#2371=DIRECTION('',(0.,0.,-1.));
#2372=DIRECTION('center_axis',(-1.,0.,0.));
#2373=DIRECTION('ref_axis',(0.,-1.,0.));
#2374=DIRECTION('center_axis',(-1.,0.,0.));
#2375=DIRECTION('ref_axis',(0.,-1.,0.));
#2376=DIRECTION('',(-1.,0.,0.));
#2377=DIRECTION('center_axis',(1.,0.,0.));
#2378=DIRECTION('ref_axis',(0.,0.,-1.));
#2379=DIRECTION('center_axis',(1.,0.,0.));
#2380=DIRECTION('ref_axis',(0.,-1.,0.));
#2381=DIRECTION('center_axis',(0.,-1.,-1.22464679914735E-16));
#2382=DIRECTION('ref_axis',(0.,-1.22464679914735E-16,1.));
#2383=DIRECTION('center_axis',(-1.,0.,0.));
#2384=DIRECTION('ref_axis',(0.,-1.,0.));
#2385=DIRECTION('center_axis',(1.,0.,0.));
#2386=DIRECTION('ref_axis',(0.,-1.,0.));
#2387=DIRECTION('center_axis',(-1.,0.,0.));
#2388=DIRECTION('ref_axis',(0.,1.,0.));
#2389=DIRECTION('',(0.,1.,0.));
#2390=DIRECTION('',(0.,0.,-1.));
#2391=DIRECTION('',(0.,-1.,0.));
#2392=DIRECTION('',(0.,0.,1.));
#2393=DIRECTION('',(0.,-1.,0.));
#2394=DIRECTION('',(0.,1.,0.));
#2395=DIRECTION('',(0.,0.,1.));
#2396=DIRECTION('center_axis',(-1.,0.,0.));
#2397=DIRECTION('ref_axis',(0.,-1.,0.));
#2398=DIRECTION('center_axis',(-1.,0.,0.));
#2399=DIRECTION('ref_axis',(0.,-1.,0.));
#2400=DIRECTION('',(1.,0.,0.));
#2401=DIRECTION('center_axis',(0.,0.,-1.));
#2402=DIRECTION('ref_axis',(-1.,0.,0.));
#2403=DIRECTION('center_axis',(0.,0.,-1.));
#2404=DIRECTION('ref_axis',(-1.,0.,0.));
#2405=DIRECTION('center_axis',(-1.22464679914735E-16,-1.,0.));
#2406=DIRECTION('ref_axis',(1.,-1.22464679914735E-16,0.));
#2407=DIRECTION('center_axis',(0.,0.,1.));
#2408=DIRECTION('ref_axis',(-1.,0.,0.));
#2409=DIRECTION('center_axis',(0.,0.,-1.));
#2410=DIRECTION('ref_axis',(1.,0.,0.));
#2411=DIRECTION('',(0.,1.,2.46169790350674E-13));
#2412=DIRECTION('',(1.,0.,0.));
#2413=DIRECTION('',(1.,0.,0.));
#2414=DIRECTION('',(0.,1.,0.));
#2415=DIRECTION('',(1.,0.,0.));
#2416=DIRECTION('',(0.,-1.,0.));
#2417=DIRECTION('',(1.,0.,0.));
#2418=DIRECTION('',(0.,-1.,0.));
#2419=DIRECTION('',(-1.,0.,0.));
#2420=DIRECTION('',(0.,1.,0.));
#2421=DIRECTION('',(-0.00615443345995604,-0.999981061295056,0.));
#2422=DIRECTION('',(-0.999981061295056,0.00615443345995637,0.));
#2423=DIRECTION('',(0.00615443345995725,0.999981061295056,0.));
#2424=DIRECTION('',(0.999981061295056,-0.00615443345995637,0.));
#2425=DIRECTION('center_axis',(0.,0.,1.));
#2426=DIRECTION('ref_axis',(-1.,0.,0.));
#2427=DIRECTION('center_axis',(0.,0.,1.));
#2428=DIRECTION('ref_axis',(-1.,0.,0.));
#2429=DIRECTION('',(0.,0.,-1.));
#2430=DIRECTION('center_axis',(-1.,0.,0.));
#2431=DIRECTION('ref_axis',(0.,-0.707106781186557,-0.707106781186538));
#2432=DIRECTION('',(1.,0.,0.));
#2433=DIRECTION('center_axis',(1.,0.,0.));
#2434=DIRECTION('ref_axis',(0.,-0.707106781186557,-0.707106781186538));
#2435=DIRECTION('center_axis',(-0.707106781186548,-0.707106781186548,0.));
#2436=DIRECTION('ref_axis',(0.707106781186548,-0.707106781186548,0.));
#2437=DIRECTION('center_axis',(0.,-1.,0.));
#2438=DIRECTION('ref_axis',(0.707106781186554,0.,-0.707106781186541));
#2439=DIRECTION('center_axis',(0.707106781186548,-0.707106781186548,0.));
#2440=DIRECTION('ref_axis',(0.707106781186548,0.707106781186548,0.));
#2441=DIRECTION('',(0.,1.,0.));
#2442=DIRECTION('center_axis',(1.,0.,0.));
#2443=DIRECTION('ref_axis',(0.,0.707106781186557,-0.707106781186538));
#2444=DIRECTION('center_axis',(-0.707106781186548,0.707106781186548,0.));
#2445=DIRECTION('ref_axis',(0.707106781186548,0.707106781186548,0.));
#2446=DIRECTION('center_axis',(1.,0.,0.));
#2447=DIRECTION('ref_axis',(0.,0.707106781186557,-0.707106781186538));
#2448=DIRECTION('',(-1.,0.,0.));
#2449=DIRECTION('center_axis',(0.,1.,0.));
#2450=DIRECTION('ref_axis',(-1.,0.,-2.46169790350674E-13));
#2451=DIRECTION('',(0.,0.,1.));
#2452=DIRECTION('',(-1.,0.,-2.46169790350674E-13));
#2453=DIRECTION('',(0.,0.,1.));
#2454=DIRECTION('center_axis',(-1.,0.,0.));
#2455=DIRECTION('ref_axis',(0.,-1.,0.));
#2456=DIRECTION('',(0.,0.,1.));
#2457=DIRECTION('',(0.,-1.,0.));
#2458=DIRECTION('center_axis',(0.,-1.,0.));
#2459=DIRECTION('ref_axis',(1.,0.,0.));
#2460=DIRECTION('',(0.,0.,1.));
#2461=DIRECTION('',(1.,0.,0.));
#2462=DIRECTION('center_axis',(-0.999981061295056,0.00615443345995637,0.));
#2463=DIRECTION('ref_axis',(0.00435184163389721,0.707093389499862,-0.707106781186541));
#2464=DIRECTION('',(-0.999981061295056,0.00615443345995637,0.));
#2465=DIRECTION('center_axis',(-1.,0.,0.));
#2466=DIRECTION('ref_axis',(0.,1.,9.71426748634012E-15));
#2467=DIRECTION('center_axis',(0.711445231133752,0.702741547865958,-3.12079938720604E-15));
#2468=DIRECTION('ref_axis',(0.702741547865958,-0.711445231133752,3.12079938720605E-15));
#2469=DIRECTION('center_axis',(-0.00615443345995725,-0.999981061295056,
0.));
#2470=DIRECTION('ref_axis',(-0.707093389499862,0.00435184163389721,-0.707106781186541));
#2471=DIRECTION('',(-0.00615443345995725,-0.999981061295056,0.));
#2472=DIRECTION('center_axis',(-0.702741547865956,0.711445231133754,0.));
#2473=DIRECTION('ref_axis',(0.711445231133754,0.702741547865956,0.));
#2474=DIRECTION('center_axis',(0.999981061295056,-0.00615443345995637,0.));
#2475=DIRECTION('ref_axis',(-0.00435184163389723,-0.707093389499859,-0.707106781186544));
#2476=DIRECTION('center_axis',(-0.999981061295056,0.00615443345995604,0.));
#2477=DIRECTION('ref_axis',(-0.00435184163389723,-0.707093389499859,-0.707106781186544));
#2478=DIRECTION('',(0.999981061295056,-0.00615443345995637,0.));
#2479=DIRECTION('center_axis',(-0.00615443345995637,-0.999981061295056,
0.));
#2480=DIRECTION('ref_axis',(0.999981061295056,-0.00615443345995637,0.));
#2481=DIRECTION('',(0.,0.,1.));
#2482=DIRECTION('',(0.999981061295056,-0.00615443345995637,0.));
#2483=DIRECTION('',(0.,0.,1.));
#2484=DIRECTION('center_axis',(0.999981061295056,-0.00615443345995725,0.));
#2485=DIRECTION('ref_axis',(0.00615443345995725,0.999981061295056,0.));
#2486=DIRECTION('',(0.,0.,1.));
#2487=DIRECTION('',(0.00615443345995725,0.999981061295056,0.));
#2488=DIRECTION('center_axis',(0.00615443345995637,0.999981061295056,0.));
#2489=DIRECTION('ref_axis',(-0.999981061295056,0.00615443345995637,2.46169790350674E-13));
#2490=DIRECTION('',(0.,0.,1.));
#2491=DIRECTION('',(-0.999981061295056,0.00615443345995637,2.46169790350674E-13));
#2492=DIRECTION('center_axis',(0.,1.,0.));
#2493=DIRECTION('ref_axis',(0.707106781186544,0.,0.707106781186551));
#2494=DIRECTION('center_axis',(0.,-1.,0.));
#2495=DIRECTION('ref_axis',(0.707106781186544,0.,0.707106781186551));
#2496=DIRECTION('',(0.,-1.,0.));
#2497=DIRECTION('center_axis',(0.,1.,0.));
#2498=DIRECTION('ref_axis',(0.707106781186544,0.,0.707106781186551));
#2499=DIRECTION('',(0.,1.,0.));
#2500=DIRECTION('center_axis',(1.,0.,0.));
#2501=DIRECTION('ref_axis',(0.,0.,-1.));
#2502=DIRECTION('',(0.,0.,1.));
#2503=DIRECTION('',(0.,-1.,0.));
#2504=DIRECTION('',(0.,0.,-1.));
#2505=DIRECTION('center_axis',(0.,-1.,0.));
#2506=DIRECTION('ref_axis',(-1.,0.,0.));
#2507=DIRECTION('',(0.,0.,-1.));
#2508=DIRECTION('',(1.,0.,0.));
#2509=DIRECTION('',(0.,0.,-1.));
#2510=DIRECTION('',(-1.,0.,0.));
#2511=DIRECTION('',(-1.,-3.10862446895044E-14,0.));
#2512=DIRECTION('',(0.,0.,-1.));
#2513=DIRECTION('',(-1.,0.,0.));
#2514=DIRECTION('',(0.,0.,-1.));
#2515=DIRECTION('center_axis',(0.,1.,0.));
#2516=DIRECTION('ref_axis',(1.,0.,0.));
#2517=DIRECTION('center_axis',(0.,1.,0.));
#2518=DIRECTION('ref_axis',(1.,0.,0.));
#2519=DIRECTION('center_axis',(0.,1.,0.));
#2520=DIRECTION('ref_axis',(1.,0.,0.));
#2521=DIRECTION('center_axis',(0.,1.,0.));
#2522=DIRECTION('ref_axis',(1.,0.,0.));
#2523=DIRECTION('',(-1.,0.,0.));
#2524=DIRECTION('center_axis',(0.,-1.,0.));
#2525=DIRECTION('ref_axis',(-0.707106781186554,0.,-0.707106781186541));
#2526=DIRECTION('center_axis',(0.,-1.,0.));
#2527=DIRECTION('ref_axis',(-0.707106781186544,0.,0.707106781186551));
#2528=DIRECTION('',(-1.,0.,8.88178419700125E-16));
#2529=DIRECTION('center_axis',(0.,1.,0.));
#2530=DIRECTION('ref_axis',(0.707106781186544,0.,-0.707106781186551));
#2531=DIRECTION('',(0.,0.,-1.));
#2532=DIRECTION('center_axis',(0.,-1.,0.));
#2533=DIRECTION('ref_axis',(-0.707106781186549,0.,0.707106781186546));
#2534=DIRECTION('',(-1.,0.,0.));
#2535=DIRECTION('',(0.,0.,-1.));
#2536=DIRECTION('',(-1.,-3.10862446895044E-14,0.));
#2537=DIRECTION('',(0.,0.,-1.));
#2538=DIRECTION('',(-1.,0.,0.));
#2539=DIRECTION('center_axis',(0.,-1.,0.));
#2540=DIRECTION('ref_axis',(0.707106781186549,0.,0.707106781186546));
#2541=DIRECTION('',(0.,0.,-1.));
#2542=DIRECTION('center_axis',(0.,1.,0.));
#2543=DIRECTION('ref_axis',(-0.707106781186551,0.,-0.707106781186544));
#2544=DIRECTION('',(1.,0.,-4.44089209850063E-16));
#2545=DIRECTION('center_axis',(0.,-1.,0.));
#2546=DIRECTION('ref_axis',(0.707106781186544,0.,0.707106781186551));
#2547=DIRECTION('center_axis',(0.,-1.,0.));
#2548=DIRECTION('ref_axis',(0.707106781186554,0.,-0.707106781186541));
#2549=DIRECTION('',(1.,0.,0.));
#2550=DIRECTION('center_axis',(0.,1.,0.));
#2551=DIRECTION('ref_axis',(-0.707106781186554,0.,0.707106781186541));
#2552=DIRECTION('',(0.,0.,1.));
#2553=DIRECTION('center_axis',(0.,-1.,0.));
#2554=DIRECTION('ref_axis',(0.707106781186557,0.,-0.707106781186538));
#2555=DIRECTION('center_axis',(0.,-1.,0.));
#2556=DIRECTION('ref_axis',(-0.707106781186544,0.,-0.707106781186551));
#2557=DIRECTION('center_axis',(0.,1.,0.));
#2558=DIRECTION('ref_axis',(0.707106781186557,0.,-0.707106781186538));
#2559=DIRECTION('',(0.,1.,0.));
#2560=DIRECTION('center_axis',(0.,1.,0.));
#2561=DIRECTION('ref_axis',(0.707106781186557,0.,-0.707106781186538));
#2562=DIRECTION('',(0.,1.,0.));
#2563=DIRECTION('center_axis',(1.,0.,0.));
#2564=DIRECTION('ref_axis',(0.,1.,2.46169790350674E-13));
#2565=DIRECTION('',(0.,0.,-1.));
#2566=DIRECTION('',(0.,1.,2.46169790350674E-13));
#2567=DIRECTION('center_axis',(0.,1.,0.));
#2568=DIRECTION('ref_axis',(-0.707106781186554,0.,0.707106781186541));
#2569=DIRECTION('center_axis',(0.,-1.,0.));
#2570=DIRECTION('ref_axis',(-0.707106781186554,0.,0.707106781186541));
#2571=DIRECTION('',(0.,-1.,0.));
#2572=DIRECTION('',(0.,1.,0.));
#2573=DIRECTION('center_axis',(0.,-1.,0.));
#2574=DIRECTION('ref_axis',(1.,0.,0.));
#2575=DIRECTION('',(1.,0.,0.));
#2576=DIRECTION('center_axis',(0.,1.,0.));
#2577=DIRECTION('ref_axis',(0.707106781186554,0.,-0.707106781186541));
#2578=DIRECTION('',(0.,0.,1.));
#2579=DIRECTION('center_axis',(0.,-1.,0.));
#2580=DIRECTION('ref_axis',(1.,0.,0.));
#2581=DIRECTION('center_axis',(0.,0.,1.));
#2582=DIRECTION('ref_axis',(1.,0.,0.));
#2583=DIRECTION('',(0.,-1.,0.));
#2584=DIRECTION('center_axis',(0.,-1.,0.));
#2585=DIRECTION('ref_axis',(0.707106781186554,0.,-0.707106781186541));
#2586=DIRECTION('center_axis',(0.,-1.,0.));
#2587=DIRECTION('ref_axis',(0.707106781186549,0.,0.707106781186546));
#2588=DIRECTION('center_axis',(0.,1.,0.));
#2589=DIRECTION('ref_axis',(0.707106781186549,0.,0.707106781186546));
#2590=DIRECTION('',(0.,-1.,0.));
#2591=DIRECTION('',(0.,1.,0.));
#2592=DIRECTION('center_axis',(-1.,0.,0.));
#2593=DIRECTION('ref_axis',(0.,0.,1.));
#2594=DIRECTION('',(0.,0.,1.));
#2595=DIRECTION('',(0.,1.,0.));
#2596=DIRECTION('center_axis',(0.,1.,0.));
#2597=DIRECTION('ref_axis',(-0.707106781186551,0.,-0.707106781186544));
#2598=DIRECTION('center_axis',(0.,-1.,0.));
#2599=DIRECTION('ref_axis',(-0.707106781186551,0.,-0.707106781186544));
#2600=DIRECTION('',(0.,-1.,0.));
#2601=DIRECTION('center_axis',(0.,1.,0.));
#2602=DIRECTION('ref_axis',(0.707106781186544,0.,0.707106781186551));
#2603=DIRECTION('center_axis',(0.,1.,0.));
#2604=DIRECTION('ref_axis',(0.707106781186544,0.,0.707106781186551));
#2605=DIRECTION('',(0.,1.,0.));
#2606=DIRECTION('center_axis',(0.,1.,0.));
#2607=DIRECTION('ref_axis',(0.707106781186544,0.,-0.707106781186551));
#2608=DIRECTION('center_axis',(0.,-1.,0.));
#2609=DIRECTION('ref_axis',(0.707106781186544,0.,-0.707106781186551));
#2610=DIRECTION('',(0.,-1.,0.));
#2611=DIRECTION('',(0.,1.,0.));
#2612=DIRECTION('center_axis',(1.,0.,0.));
#2613=DIRECTION('ref_axis',(0.,0.,-1.));
#2614=DIRECTION('',(0.,0.,-1.));
#2615=DIRECTION('',(0.,1.,0.));
#2616=DIRECTION('center_axis',(0.,1.,0.));
#2617=DIRECTION('ref_axis',(-0.707106781186549,0.,0.707106781186546));
#2618=DIRECTION('center_axis',(0.,1.,0.));
#2619=DIRECTION('ref_axis',(-0.707106781186549,0.,0.707106781186546));
#2620=DIRECTION('',(0.,-1.,0.));
#2621=DIRECTION('center_axis',(0.,0.,-1.));
#2622=DIRECTION('ref_axis',(-1.,0.,0.));
#2623=DIRECTION('',(0.,1.,0.));
#2624=DIRECTION('',(1.,0.,0.));
#2625=DIRECTION('',(0.,1.,0.));
#2626=DIRECTION('',(-1.,0.,0.));
#2627=DIRECTION('',(0.,1.,0.));
#2628=DIRECTION('',(-1.,0.,0.));
#2629=DIRECTION('',(2.9665159217984E-14,-1.,0.));
#2630=DIRECTION('',(-1.,0.,0.));
#2631=DIRECTION('',(-1.,0.,0.));
#2632=DIRECTION('center_axis',(0.,-1.,0.));
#2633=DIRECTION('ref_axis',(-0.707106781186544,0.,0.707106781186551));
#2634=DIRECTION('center_axis',(0.,1.,0.));
#2635=DIRECTION('ref_axis',(-0.707106781186544,0.,0.707106781186551));
#2636=DIRECTION('',(0.,-1.,0.));
#2637=DIRECTION('center_axis',(-8.88178419700125E-16,0.,-1.));
#2638=DIRECTION('ref_axis',(-1.,0.,8.88178419700125E-16));
#2639=DIRECTION('',(-1.,0.,8.88178419700125E-16));
#2640=DIRECTION('center_axis',(0.,-1.,0.));
#2641=DIRECTION('ref_axis',(-0.707106781186544,0.,-0.707106781186551));
#2642=DIRECTION('center_axis',(0.,1.,0.));
#2643=DIRECTION('ref_axis',(-0.707106781186544,0.,-0.707106781186551));
#2644=DIRECTION('center_axis',(0.,1.,0.));
#2645=DIRECTION('ref_axis',(-0.707106781186554,0.,-0.707106781186541));
#2646=DIRECTION('center_axis',(0.,1.,0.));
#2647=DIRECTION('ref_axis',(-0.707106781186554,0.,-0.707106781186541));
#2648=DIRECTION('',(0.,1.,0.));
#2649=DIRECTION('center_axis',(0.,0.,-1.));
#2650=DIRECTION('ref_axis',(1.,0.,0.));
#2651=DIRECTION('center_axis',(0.,0.,-1.));
#2652=DIRECTION('ref_axis',(-1.,0.,0.));
#2653=DIRECTION('center_axis',(0.,0.,-1.));
#2654=DIRECTION('ref_axis',(1.,0.,0.));
#2655=DIRECTION('center_axis',(0.,0.,-1.));
#2656=DIRECTION('ref_axis',(-1.,0.,0.));
#2657=DIRECTION('center_axis',(0.,1.,0.));
#2658=DIRECTION('ref_axis',(1.,0.,0.));
#2659=DIRECTION('center_axis',(0.,-1.,0.));
#2660=DIRECTION('ref_axis',(1.,0.,0.));
#2661=DIRECTION('',(0.,-1.,0.));
#2662=DIRECTION('center_axis',(-4.44089209850063E-16,0.,-1.));
#2663=DIRECTION('ref_axis',(-1.,0.,4.44089209850063E-16));
#2664=DIRECTION('',(-1.,0.,4.44089209850063E-16));
#2665=DIRECTION('center_axis',(0.,-1.,0.));
#2666=DIRECTION('ref_axis',(1.,0.,0.));
#2667=DIRECTION('center_axis',(0.,1.,0.));
#2668=DIRECTION('ref_axis',(1.,0.,0.));
#2669=DIRECTION('center_axis',(0.,-1.,0.));
#2670=DIRECTION('ref_axis',(1.,0.,0.));
#2671=DIRECTION('',(0.,-1.,0.));
#2672=DIRECTION('center_axis',(0.,0.,1.));
#2673=DIRECTION('ref_axis',(1.,0.,0.));
#2674=DIRECTION('',(1.,0.,0.));
#2675=DIRECTION('center_axis',(0.,-1.,0.));
#2676=DIRECTION('ref_axis',(1.,0.,0.));
#2677=DIRECTION('center_axis',(0.,1.,0.));
#2678=DIRECTION('ref_axis',(1.,0.,0.));
#2679=DIRECTION('center_axis',(0.,-1.,0.));
#2680=DIRECTION('ref_axis',(1.,0.,0.));
#2681=DIRECTION('',(0.,-1.,0.));
#2682=DIRECTION('center_axis',(0.,-1.,0.));
#2683=DIRECTION('ref_axis',(1.,0.,0.));
#2684=DIRECTION('center_axis',(0.,1.,0.));
#2685=DIRECTION('ref_axis',(1.,0.,0.));
#2686=DIRECTION('',(0.,-1.,0.));
#2687=DIRECTION('center_axis',(-1.,0.,0.));
#2688=DIRECTION('ref_axis',(0.,0.,1.));
#2689=DIRECTION('center_axis',(1.,0.,0.));
#2690=DIRECTION('ref_axis',(0.,0.,-1.));
#2691=DIRECTION('',(0.,1.,0.));
#2692=DIRECTION('',(0.,0.,1.));
#2693=DIRECTION('',(0.,1.,0.));
#2694=DIRECTION('center_axis',(0.,0.,1.));
#2695=DIRECTION('ref_axis',(1.,0.,0.));
#2696=DIRECTION('',(0.,1.,0.));
#2697=DIRECTION('',(-1.,0.,0.));
#2698=DIRECTION('center_axis',(-1.,0.,0.));
#2699=DIRECTION('ref_axis',(0.,0.,1.));
#2700=DIRECTION('',(0.,1.,0.));
#2701=DIRECTION('',(0.,0.,-1.));
#2702=DIRECTION('center_axis',(0.,0.,-1.));
#2703=DIRECTION('ref_axis',(-1.,0.,0.));
#2704=DIRECTION('',(1.,0.,0.));
#2705=DIRECTION('center_axis',(0.,0.,1.));
#2706=DIRECTION('ref_axis',(-1.,0.,0.));
#2707=DIRECTION('',(-1.,0.,0.));
#2708=DIRECTION('',(0.,-1.,0.));
#2709=DIRECTION('',(-1.,0.,0.));
#2710=DIRECTION('',(0.,-1.,0.));
#2711=DIRECTION('center_axis',(1.,0.,0.));
#2712=DIRECTION('ref_axis',(0.,0.,1.));
#2713=DIRECTION('',(0.,0.,1.));
#2714=DIRECTION('',(0.,-1.,0.));
#2715=DIRECTION('',(0.,0.,1.));
#2716=DIRECTION('center_axis',(0.,0.,-1.));
#2717=DIRECTION('ref_axis',(1.,0.,0.));
#2718=DIRECTION('',(1.,0.,0.));
#2719=DIRECTION('',(0.,-1.,0.));
#2720=DIRECTION('',(1.,0.,0.));
#2721=DIRECTION('center_axis',(-1.,0.,-6.16790569236198E-17));
#2722=DIRECTION('ref_axis',(6.16790569236198E-17,0.,-1.));
#2723=DIRECTION('',(6.16790569236198E-17,0.,-1.));
#2724=DIRECTION('',(6.16790569236198E-17,0.,-1.));
#2725=DIRECTION('center_axis',(0.,-1.,0.));
#2726=DIRECTION('ref_axis',(0.,0.,-1.));
#2727=DIRECTION('center_axis',(0.,1.,0.));
#2728=DIRECTION('ref_axis',(-1.,0.,0.));
#2729=DIRECTION('center_axis',(0.,1.,0.));
#2730=DIRECTION('ref_axis',(-1.,0.,0.));
#2731=DIRECTION('center_axis',(0.,1.,0.));
#2732=DIRECTION('ref_axis',(-1.,0.,0.));
#2733=DIRECTION('center_axis',(0.,1.,0.));
#2734=DIRECTION('ref_axis',(-1.,0.,0.));
#2735=DIRECTION('center_axis',(0.,-1.,0.));
#2736=DIRECTION('ref_axis',(-1.,0.,0.));
#2737=DIRECTION('center_axis',(0.,-1.,0.));
#2738=DIRECTION('ref_axis',(-1.,0.,0.));
#2739=DIRECTION('',(0.,-1.,0.));
#2740=DIRECTION('center_axis',(0.,-1.,0.));
#2741=DIRECTION('ref_axis',(-1.,0.,0.));
#2742=DIRECTION('center_axis',(0.,-1.,0.));
#2743=DIRECTION('ref_axis',(-1.,0.,0.));
#2744=DIRECTION('',(0.,-1.,0.));
#2745=DIRECTION('center_axis',(-1.,0.,0.));
#2746=DIRECTION('ref_axis',(0.,1.,0.));
#2747=DIRECTION('center_axis',(-1.,0.,0.));
#2748=DIRECTION('ref_axis',(0.,1.,0.));
#2749=DIRECTION('',(1.,0.,0.));
#2750=DIRECTION('center_axis',(1.,0.,0.));
#2751=DIRECTION('ref_axis',(0.,-1.,0.));
#2752=DIRECTION('center_axis',(-1.,0.,0.));
#2753=DIRECTION('ref_axis',(0.,1.,0.));
#2754=DIRECTION('',(0.,-1.,0.));
#2755=DIRECTION('',(0.,0.,-1.));
#2756=DIRECTION('',(0.,1.,0.));
#2757=DIRECTION('center_axis',(-1.,0.,0.));
#2758=DIRECTION('ref_axis',(0.,-1.,0.));
#2759=DIRECTION('center_axis',(-1.,0.,0.));
#2760=DIRECTION('ref_axis',(0.,-1.,0.));
#2761=DIRECTION('center_axis',(1.,0.,0.));
#2762=DIRECTION('ref_axis',(0.,-1.,0.));
#2763=DIRECTION('center_axis',(-1.,0.,0.));
#2764=DIRECTION('ref_axis',(0.,1.,0.));
#2765=DIRECTION('center_axis',(-1.,0.,0.));
#2766=DIRECTION('ref_axis',(0.,1.,0.));
#2767=DIRECTION('',(-1.,0.,0.));
#2768=DIRECTION('center_axis',(0.,0.,1.));
#2769=DIRECTION('ref_axis',(-1.,0.,0.));
#2770=DIRECTION('center_axis',(0.,0.,-1.));
#2771=DIRECTION('ref_axis',(-1.,0.,0.));
#2772=DIRECTION('center_axis',(0.,0.,-1.));
#2773=DIRECTION('ref_axis',(1.,0.,0.));
#2774=DIRECTION('center_axis',(0.,0.,1.));
#2775=DIRECTION('ref_axis',(1.,0.,0.));
#2776=DIRECTION('',(0.,0.,1.));
#2777=DIRECTION('center_axis',(0.,0.,-1.));
#2778=DIRECTION('ref_axis',(1.,0.,0.));
#2779=DIRECTION('',(1.,4.44089209850063E-17,0.));
#2780=DIRECTION('',(0.,-1.,0.));
#2781=DIRECTION('center_axis',(0.,0.,-1.));
#2782=DIRECTION('ref_axis',(1.,0.,0.));
#2783=DIRECTION('',(1.72701359386135E-15,1.,0.));
#2784=DIRECTION('',(-1.,-4.2700885562506E-17,0.));
#2785=DIRECTION('',(3.7007434154172E-16,-1.,0.));
#2786=DIRECTION('center_axis',(0.,0.,-1.));
#2787=DIRECTION('ref_axis',(-1.,0.,0.));
#2788=DIRECTION('',(-1.63819575189134E-14,1.,0.));
#2789=DIRECTION('',(1.,0.,0.));
#2790=DIRECTION('',(1.64313007644523E-14,-1.,0.));
#2791=DIRECTION('center_axis',(4.2700885562506E-17,-1.,0.));
#2792=DIRECTION('ref_axis',(-1.,-4.2700885562506E-17,0.));
#2793=DIRECTION('',(0.,0.,-1.));
#2794=DIRECTION('',(1.,4.2700885562506E-17,0.));
#2795=DIRECTION('',(0.,0.,-1.));
#2796=DIRECTION('',(0.,0.,-1.));
#2797=DIRECTION('',(1.,4.2700885562506E-17,0.));
#2798=DIRECTION('center_axis',(0.,1.,0.));
#2799=DIRECTION('ref_axis',(1.,0.,0.));
#2800=DIRECTION('',(0.,0.,-1.));
#2801=DIRECTION('',(0.,0.,-1.));
#2802=DIRECTION('center_axis',(-1.,-2.9665159217984E-14,0.));
#2803=DIRECTION('ref_axis',(-2.9665159217984E-14,1.,0.));
#2804=DIRECTION('center_axis',(1.,3.7007434154172E-16,0.));
#2805=DIRECTION('ref_axis',(3.7007434154172E-16,-1.,0.));
#2806=DIRECTION('',(-3.7007434154172E-16,1.,0.));
#2807=DIRECTION('center_axis',(-1.,1.72701359386135E-15,0.));
#2808=DIRECTION('ref_axis',(1.72701359386135E-15,1.,0.));
#2809=DIRECTION('',(-1.72701359386135E-15,-1.,0.));
#2810=DIRECTION('center_axis',(0.,0.,-1.));
#2811=DIRECTION('ref_axis',(-1.,0.,0.));
#2812=DIRECTION('center_axis',(0.,0.,-1.));
#2813=DIRECTION('ref_axis',(1.,0.,0.));
#2814=DIRECTION('center_axis',(0.,0.,1.));
#2815=DIRECTION('ref_axis',(1.,0.,0.));
#2816=DIRECTION('center_axis',(0.,0.,1.));
#2817=DIRECTION('ref_axis',(1.,0.,0.));
#2818=DIRECTION('center_axis',(0.,0.,-1.));
#2819=DIRECTION('ref_axis',(1.,0.,0.));
#2820=DIRECTION('center_axis',(0.,0.,-1.));
#2821=DIRECTION('ref_axis',(1.,0.,0.));
#2822=DIRECTION('center_axis',(0.,0.,-1.));
#2823=DIRECTION('ref_axis',(1.,0.,0.));
#2824=DIRECTION('center_axis',(0.,0.,1.));
#2825=DIRECTION('ref_axis',(1.,0.,0.));
#2826=DIRECTION('',(0.,0.,1.));
#2827=DIRECTION('center_axis',(0.,0.,-1.));
#2828=DIRECTION('ref_axis',(1.,0.,0.));
#2829=DIRECTION('center_axis',(0.,0.,-1.));
#2830=DIRECTION('ref_axis',(1.,0.,0.));
#2831=DIRECTION('center_axis',(1.,0.,0.));
#2832=DIRECTION('ref_axis',(0.,1.,0.));
#2833=DIRECTION('',(0.,-1.,0.));
#2834=DIRECTION('',(0.,0.,1.));
#2835=DIRECTION('',(0.,-1.,0.));
#2836=DIRECTION('',(0.,0.,1.));
#2837=DIRECTION('center_axis',(0.,1.,0.));
#2838=DIRECTION('ref_axis',(-1.,0.,0.));
#2839=DIRECTION('',(1.,0.,0.));
#2840=DIRECTION('',(1.,0.,0.));
#2841=DIRECTION('',(0.,0.,1.));
#2842=DIRECTION('center_axis',(0.,-1.,0.));
#2843=DIRECTION('ref_axis',(1.,0.,0.));
#2844=DIRECTION('',(-1.,0.,0.));
#2845=DIRECTION('',(0.,0.,1.));
#2846=DIRECTION('',(-1.,0.,0.));
#2847=DIRECTION('center_axis',(-1.,0.,0.));
#2848=DIRECTION('ref_axis',(0.,-1.,0.));
#2849=DIRECTION('',(0.,1.,0.));
#2850=DIRECTION('',(0.,1.,0.));
#2851=DIRECTION('center_axis',(-1.,0.,0.));
#2852=DIRECTION('ref_axis',(0.,-1.,0.));
#2853=DIRECTION('',(0.,0.,1.));
#2854=DIRECTION('',(0.,-1.,0.));
#2855=DIRECTION('',(0.,0.,1.));
#2856=DIRECTION('center_axis',(0.,1.,0.));
#2857=DIRECTION('ref_axis',(-1.,0.,0.));
#2858=DIRECTION('',(0.,0.,1.));
#2859=DIRECTION('',(-1.,0.,0.));
#2860=DIRECTION('center_axis',(1.,0.,0.));
#2861=DIRECTION('ref_axis',(0.,1.,0.));
#2862=DIRECTION('',(0.,0.,1.));
#2863=DIRECTION('',(0.,1.,0.));
#2864=DIRECTION('center_axis',(0.,-1.,0.));
#2865=DIRECTION('ref_axis',(1.,0.,0.));
#2866=DIRECTION('',(1.,0.,0.));
#2867=DIRECTION('center_axis',(0.,0.,1.));
#2868=DIRECTION('ref_axis',(1.,0.,0.));
#2869=DIRECTION('center_axis',(1.,0.,0.));
#2870=DIRECTION('ref_axis',(0.,-1.,0.));
#2871=DIRECTION('',(0.,1.,0.));
#2872=DIRECTION('',(0.,0.,-1.));
#2873=DIRECTION('center_axis',(0.,1.,0.));
#2874=DIRECTION('ref_axis',(1.,0.,0.));
#2875=DIRECTION('',(-1.,0.,0.));
#2876=DIRECTION('center_axis',(0.,0.,-1.));
#2877=DIRECTION('ref_axis',(-1.,0.,0.));
#2878=DIRECTION('center_axis',(0.,0.,1.));
#2879=DIRECTION('ref_axis',(-1.,0.,0.));
#2880=DIRECTION('center_axis',(0.,0.,-1.));
#2881=DIRECTION('ref_axis',(-1.,0.,0.));
#2882=DIRECTION('',(0.,0.,-1.));
#2883=DIRECTION('center_axis',(-2.46169790350674E-13,0.,1.));
#2884=DIRECTION('ref_axis',(-1.,0.,-2.46169790350674E-13));
#2885=DIRECTION('center_axis',(0.,0.,1.));
#2886=DIRECTION('ref_axis',(-1.,0.,0.));
#2887=DIRECTION('center_axis',(0.,0.,-1.));
#2888=DIRECTION('ref_axis',(-1.,0.,0.));
#2889=DIRECTION('',(0.,0.,-1.));
#2890=DIRECTION('center_axis',(-1.,0.,0.));
#2891=DIRECTION('ref_axis',(0.,-1.,0.));
#2892=DIRECTION('',(0.,-1.,0.));
#2893=DIRECTION('',(0.,0.,1.));
#2894=DIRECTION('center_axis',(-0.999981061295056,0.00615443345995604,0.));
#2895=DIRECTION('ref_axis',(-0.00615443345995604,-0.999981061295056,0.));
#2896=DIRECTION('',(-0.00615443345995604,-0.999981061295056,0.));
#2897=DIRECTION('center_axis',(0.,0.,1.));
#2898=DIRECTION('ref_axis',(-1.,0.,0.));
#2899=CARTESIAN_POINT('',(0.,0.,0.));
#2900=CARTESIAN_POINT('Origin',(6.66133814775094E-15,-8.88178419700125E-15,
-15.));
#2901=CARTESIAN_POINT('',(-7.99999999999999,-7.90206675768337E-15,-25.));
#2902=CARTESIAN_POINT('',(-7.99999999999999,-9.86150163631914E-15,-17.));
#2903=CARTESIAN_POINT('',(-7.99999999999999,-7.90206675768337E-15,-15.));
#2904=CARTESIAN_POINT('',(6.66133814775094E-15,8.00000000000017,-25.));
#2905=CARTESIAN_POINT('Origin',(6.66133814775094E-15,-8.88178419700125E-15,
-25.));
#2906=CARTESIAN_POINT('',(6.31973106325088E-15,8.00000000000017,-17.));
#2907=CARTESIAN_POINT('',(6.66133814775094E-15,8.00000000000017,-15.));
#2908=CARTESIAN_POINT('Origin',(6.66133814775094E-15,-8.88178419700125E-15,
-17.));
#2909=CARTESIAN_POINT('Origin',(6.66133814775094E-15,-8.88178419700125E-15,
-17.));
#2910=CARTESIAN_POINT('',(-9.99999999999999,-1.01064309961486E-14,-15.));
#2911=CARTESIAN_POINT('Origin',(-9.99999999999999,-1.01064309961486E-14,
-17.));
#2912=CARTESIAN_POINT('',(5.99999999999977,8.00000000000017,-15.));
#2913=CARTESIAN_POINT('Ctrl Pts',(6.31973106325088E-15,8.00000000000017,
-17.));
#2914=CARTESIAN_POINT('Ctrl Pts',(1.80971135718304,8.00000000000017,-16.0951443214085));
#2915=CARTESIAN_POINT('Ctrl Pts',(3.97668119284244,8.00000000000017,-15.));
#2916=CARTESIAN_POINT('Ctrl Pts',(5.99999999999977,8.00000000000017,-15.));
#2917=CARTESIAN_POINT('Origin',(6.66133814775094E-15,-8.88178419700125E-15,
-15.));
#2918=CARTESIAN_POINT('Origin',(20.,29.,-31.5));
#2919=CARTESIAN_POINT('',(26.,29.,-31.5));
#2920=CARTESIAN_POINT('',(20.,29.,-37.5));
#2921=CARTESIAN_POINT('Origin',(20.,29.,-31.5));
#2922=CARTESIAN_POINT('',(20.,31.,-39.5));
#2923=CARTESIAN_POINT('Origin',(20.,29.,-39.5));
#2924=CARTESIAN_POINT('Origin',(20.,31.,-31.5));
#2925=CARTESIAN_POINT('Origin',(20.,29.,-31.5));
#2926=CARTESIAN_POINT('Origin',(46.,31.,-15.));
#2927=CARTESIAN_POINT('',(-46.,31.,-15.));
#2928=CARTESIAN_POINT('',(46.,31.,-15.));
#2929=CARTESIAN_POINT('',(23.,31.,-15.));
#2930=CARTESIAN_POINT('',(-46.,31.,-135.));
#2931=CARTESIAN_POINT('',(-46.,31.,-15.));
#2932=CARTESIAN_POINT('',(46.,31.,-135.));
#2933=CARTESIAN_POINT('',(-46.,31.,-135.));
#2934=CARTESIAN_POINT('',(46.,31.,-15.));
#2935=CARTESIAN_POINT('',(20.,31.,-78.5));
#2936=CARTESIAN_POINT('Origin',(20.,31.,-70.5));
#2937=CARTESIAN_POINT('',(32.125,31.,-46.5));
#2938=CARTESIAN_POINT('',(32.125,31.,-55.5));
#2939=CARTESIAN_POINT('',(32.125,31.,-30.75));
#2940=CARTESIAN_POINT('',(28.875,31.,-55.5));
#2941=CARTESIAN_POINT('',(39.0625,31.,-55.5));
#2942=CARTESIAN_POINT('',(28.875,31.,-46.5));
#2943=CARTESIAN_POINT('',(28.875,31.,-35.25));
#2944=CARTESIAN_POINT('',(37.4375,31.,-46.5));
#2945=CARTESIAN_POINT('Origin',(20.,35.,-31.5));
#2946=CARTESIAN_POINT('',(26.,25.,-31.5));
#2947=CARTESIAN_POINT('Origin',(20.,25.,-31.5));
#2948=CARTESIAN_POINT('',(26.,35.,-31.5));
#2949=CARTESIAN_POINT('Origin',(20.,29.,-70.5));
#2950=CARTESIAN_POINT('',(26.,29.,-70.5));
#2951=CARTESIAN_POINT('',(20.,29.,-76.5));
#2952=CARTESIAN_POINT('Origin',(20.,29.,-70.5));
#2953=CARTESIAN_POINT('Origin',(20.,29.,-78.5));
#2954=CARTESIAN_POINT('Origin',(20.,29.,-70.5));
#2955=CARTESIAN_POINT('Origin',(20.,35.,-70.5));
#2956=CARTESIAN_POINT('',(26.,25.,-70.5));
#2957=CARTESIAN_POINT('Origin',(20.,25.,-70.5));
#2958=CARTESIAN_POINT('',(26.,35.,-70.5));
#2959=CARTESIAN_POINT('Origin',(-44.,-4.13782530189674E-15,-125.));
#2960=CARTESIAN_POINT('',(-44.,7.,-125.));
#2961=CARTESIAN_POINT('',(-44.,-4.99507806129988E-15,-132.));
#2962=CARTESIAN_POINT('Origin',(-44.,-4.13782530189674E-15,-125.));
#2963=CARTESIAN_POINT('',(-46.,-5.24000742112935E-15,-134.));
#2964=CARTESIAN_POINT('Origin',(-44.,-5.24000742112935E-15,-134.));
#2965=CARTESIAN_POINT('Origin',(-46.,-4.13782530189674E-15,-125.));
#2966=CARTESIAN_POINT('Origin',(-44.,-4.13782530189674E-15,-125.));
#2967=CARTESIAN_POINT('Origin',(-46.,31.,-15.));
#2968=CARTESIAN_POINT('',(-46.,-35.,-26.));
#2969=CARTESIAN_POINT('',(-46.,-25.,-26.));
#2970=CARTESIAN_POINT('',(-46.,-2.00000000000002,-26.));
#2971=CARTESIAN_POINT('',(-46.,-35.,-124.));
#2972=CARTESIAN_POINT('',(-46.,-35.,-15.));
#2973=CARTESIAN_POINT('',(-46.,-25.,-124.));
#2974=CARTESIAN_POINT('',(-46.,-2.00000000000002,-124.));
#2975=CARTESIAN_POINT('',(-46.,-25.,-135.));
#2976=CARTESIAN_POINT('',(-46.,-25.,-72.5));
#2977=CARTESIAN_POINT('',(-46.,-31.,-135.));
#2978=CARTESIAN_POINT('',(-46.,-25.,-15.));
#2979=CARTESIAN_POINT('',(-46.,15.5,-15.));
#2980=CARTESIAN_POINT('',(-46.,-25.,-17.5));
#2981=CARTESIAN_POINT('Origin',(-46.,-4.13782530189674E-15,-125.));
#2982=CARTESIAN_POINT('',(-40.,7.,-125.));
#2983=CARTESIAN_POINT('Origin',(-40.,-4.13782530189674E-15,-125.));
#2984=CARTESIAN_POINT('',(-46.,7.,-125.));
#2985=CARTESIAN_POINT('Origin',(44.,-4.13782530189674E-15,-125.));
#2986=CARTESIAN_POINT('',(44.,7.,-125.));
#2987=CARTESIAN_POINT('',(44.,-4.99507806129988E-15,-118.));
#2988=CARTESIAN_POINT('Origin',(44.,-4.13782530189674E-15,-125.));
#2989=CARTESIAN_POINT('',(46.,-5.24000742112935E-15,-116.));
#2990=CARTESIAN_POINT('Origin',(44.,-5.24000742112935E-15,-116.));
#2991=CARTESIAN_POINT('Origin',(46.,-4.13782530189674E-15,-125.));
#2992=CARTESIAN_POINT('Origin',(44.,-4.13782530189674E-15,-125.));
#2993=CARTESIAN_POINT('Origin',(46.,-35.,-15.));
#2994=CARTESIAN_POINT('',(46.,-35.,-124.));
#2995=CARTESIAN_POINT('',(46.,-25.,-124.));
#2996=CARTESIAN_POINT('',(46.,-35.,-124.));
#2997=CARTESIAN_POINT('',(46.,-35.,-26.));
#2998=CARTESIAN_POINT('',(46.,-35.,-15.));
#2999=CARTESIAN_POINT('',(46.,-25.,-26.));
#3000=CARTESIAN_POINT('',(46.,-35.,-26.));
#3001=CARTESIAN_POINT('',(46.,-25.,-15.));
#3002=CARTESIAN_POINT('',(46.,-25.,-17.5));
#3003=CARTESIAN_POINT('',(46.,-17.5,-15.));
#3004=CARTESIAN_POINT('',(46.,-25.,-135.));
#3005=CARTESIAN_POINT('',(46.,-31.,-135.));
#3006=CARTESIAN_POINT('',(46.,-25.,-72.5));
#3007=CARTESIAN_POINT('Origin',(46.,-4.13782530189674E-15,-125.));
#3008=CARTESIAN_POINT('',(40.,7.,-125.));
#3009=CARTESIAN_POINT('Origin',(40.,-4.13782530189674E-15,-125.));
#3010=CARTESIAN_POINT('',(46.,7.,-125.));
#3011=CARTESIAN_POINT('Origin',(0.,0.,-133.));
#3012=CARTESIAN_POINT('',(8.75,-1.07156594925393E-15,-133.));
#3013=CARTESIAN_POINT('Origin',(0.,0.,-133.));
#3014=CARTESIAN_POINT('',(10.75,1.3164953090834E-15,-135.));
#3015=CARTESIAN_POINT('Origin',(10.75,-1.3164953090834E-15,-133.));
#3016=CARTESIAN_POINT('Origin',(0.,0.,-135.));
#3017=CARTESIAN_POINT('Origin',(8.88178419700125E-15,-8.88178419700125E-15,
-135.));
#3018=CARTESIAN_POINT('',(35.0342347724866,-25.,-135.000000000001));
#3019=CARTESIAN_POINT('',(35.0342347724866,-20.874866052847,-135.));
#3020=CARTESIAN_POINT('',(35.0342347724866,-31.874866052847,-135.000000000002));
#3021=CARTESIAN_POINT('',(20.5,-25.,-135.));
#3022=CARTESIAN_POINT('',(-35.,-25.,-135.));
#3023=CARTESIAN_POINT('',(-20.5,-25.,-135.));
#3024=CARTESIAN_POINT('',(-35.,-35.,-135.));
#3025=CARTESIAN_POINT('',(-35.,-17.5,-135.));
#3026=CARTESIAN_POINT('',(35.,-35.,-135.));
#3027=CARTESIAN_POINT('',(-50.,-35.,-135.));
#3028=CARTESIAN_POINT('',(35.,-32.874866052847,-135.));
#3029=CARTESIAN_POINT('',(35.,-17.5,-135.));
#3030=CARTESIAN_POINT('',(24.0342347724866,-32.874866052847,-135.));
#3031=CARTESIAN_POINT('',(12.5171173862433,-32.874866052847,-135.));
#3032=CARTESIAN_POINT('',(24.0342347724866,-20.874866052847,-135.));
#3033=CARTESIAN_POINT('',(24.0342347724866,-10.9374330264235,-135.));
#3034=CARTESIAN_POINT('',(17.5171173862433,-20.874866052847,-135.));
#3035=CARTESIAN_POINT('',(-34.9657652275134,-32.6596651318761,-135.));
#3036=CARTESIAN_POINT('',(-34.9657652275134,-21.7671624474147,-135.));
#3037=CARTESIAN_POINT('',(-34.9657652275134,-32.874866052847,-135.));
#3038=CARTESIAN_POINT('',(-34.9589479393805,-20.6594798204535,-135.));
#3039=CARTESIAN_POINT('',(-34.8974036047809,-10.6596692075029,-135.));
#3040=CARTESIAN_POINT('',(-23.9591562651348,-20.727178588513,-135.));
#3041=CARTESIAN_POINT('',(-12.5438032270783,-20.7974349497721,-135.));
#3042=CARTESIAN_POINT('',(-24.0330094666543,-32.7269513240536,-135.));
#3043=CARTESIAN_POINT('',(-23.9287710853012,-15.7901515533902,-135.));
#3044=CARTESIAN_POINT('',(-17.5871209951098,-32.7666228670697,-135.));
#3045=CARTESIAN_POINT('Origin',(0.,0.,-135.));
#3046=CARTESIAN_POINT('',(8.75,1.07156594925393E-15,-125.));
#3047=CARTESIAN_POINT('Origin',(0.,0.,-125.));
#3048=CARTESIAN_POINT('',(8.75,1.07156594925393E-15,-135.));
#3049=CARTESIAN_POINT('Origin',(17.5171173862433,-20.874866052847,-134.));
#3050=CARTESIAN_POINT('',(25.0342347724866,-21.874866052847,-134.));
#3051=CARTESIAN_POINT('',(35.0342347724866,-21.874866052847,-134.));
#3052=CARTESIAN_POINT('',(17.5171173862433,-21.874866052847,-134.));
#3053=CARTESIAN_POINT('Origin',(35.0342347724866,-20.874866052847,-134.));
#3054=CARTESIAN_POINT('Origin',(24.0342347724866,-20.874866052847,-134.));
#3055=CARTESIAN_POINT('Origin',(24.0342347724866,-10.9374330264235,-134.));
#3056=CARTESIAN_POINT('',(25.0342347724866,-31.874866052847,-134.));
#3057=CARTESIAN_POINT('Origin',(24.0342347724866,-32.874866052847,-134.));
#3058=CARTESIAN_POINT('',(25.0342347724866,-10.9374330264235,-134.));
#3059=CARTESIAN_POINT('Origin',(12.5171173862433,-32.874866052847,-134.));
#3060=CARTESIAN_POINT('',(35.0342347724866,-32.8406312803603,-134.999413818372));
#3061=CARTESIAN_POINT('Origin',(35.,-32.874866052847,-134.));
#3062=CARTESIAN_POINT('',(35.0342347724866,-31.874866052847,-134.));
#3063=CARTESIAN_POINT('Origin',(35.0342347724866,-32.874866052847,-134.));
#3064=CARTESIAN_POINT('',(12.5171173862433,-31.874866052847,-134.));
#3065=CARTESIAN_POINT('Origin',(35.0342347724866,-21.874866052847,-135.));
#3066=CARTESIAN_POINT('',(25.0342347724866,-21.874866052847,-125.000000000002));
#3067=CARTESIAN_POINT('',(25.0342347724866,-21.874866052847,-135.000000000002));
#3068=CARTESIAN_POINT('',(35.0342347724866,-21.874866052847,-125.));
#3069=CARTESIAN_POINT('',(35.0342347724866,-21.874866052847,-125.));
#3070=CARTESIAN_POINT('',(35.0342347724866,-21.874866052847,-135.));
#3071=CARTESIAN_POINT('Origin',(25.0342347724866,-21.874866052847,-135.000000000002));
#3072=CARTESIAN_POINT('',(25.0342347724866,-31.874866052847,-125.000000000002));
#3073=CARTESIAN_POINT('',(25.0342347724866,-31.874866052847,-135.000000000002));
#3074=CARTESIAN_POINT('',(25.0342347724866,-21.874866052847,-125.000000000002));
#3075=CARTESIAN_POINT('Origin',(25.0342347724866,-31.874866052847,-135.000000000002));
#3076=CARTESIAN_POINT('',(35.0342347724866,-31.874866052847,-125.000000000002));
#3077=CARTESIAN_POINT('',(35.0342347724866,-31.874866052847,-135.000000000002));
#3078=CARTESIAN_POINT('',(25.0342347724866,-31.874866052847,-125.000000000002));
#3079=CARTESIAN_POINT('Origin',(-17.5871209951098,-32.7666228670697,-134.));
#3080=CARTESIAN_POINT('',(-25.0268360944894,-31.7208158292986,-134.));
#3081=CARTESIAN_POINT('',(-34.9657652275134,-31.6596461928125,-134.));
#3082=CARTESIAN_POINT('',(-17.5809665616499,-31.7666418057747,-134.));
#3083=CARTESIAN_POINT('Origin',(-34.9657652275134,-32.6596651318761,-134.));
#3084=CARTESIAN_POINT('Origin',(-24.0330094666543,-32.7269513240536,-134.));
#3085=CARTESIAN_POINT('Origin',(-23.9287710853012,-15.7901515533902,-134.));
#3086=CARTESIAN_POINT('',(-24.9652917598898,-21.7210052163481,-134.));
#3087=CARTESIAN_POINT('',(-24.9287521465963,-15.7839971199302,-134.));
#3088=CARTESIAN_POINT('Origin',(-23.9591562651348,-20.727178588513,-134.));
#3089=CARTESIAN_POINT('Origin',(-12.5438032270783,-20.7974349497721,-134.));
#3090=CARTESIAN_POINT('',(-34.9651023728404,-21.6594608817485,-134.));
#3091=CARTESIAN_POINT('Origin',(-34.9589479393805,-20.6594798204535,-134.));
#3092=CARTESIAN_POINT('',(-12.5499576605383,-21.7974160110671,-134.));
#3093=CARTESIAN_POINT('Origin',(-34.9657652275134,-31.6596461928125,-135.000000000002));
#3094=CARTESIAN_POINT('',(-25.0268360944894,-31.7208158292986,-125.000000000002));
#3095=CARTESIAN_POINT('',(-25.0268360944894,-31.7208158292986,-135.000000000002));
#3096=CARTESIAN_POINT('',(-34.9657652275134,-31.6596461928125,-125.000000000002));
#3097=CARTESIAN_POINT('',(-25.0268360944894,-31.7208158292986,-125.000000000002));
#3098=CARTESIAN_POINT('',(-34.9657652275134,-31.6596461928125,-135.000000000002));
#3099=CARTESIAN_POINT('Origin',(-25.0268360944894,-31.7208158292986,-135.000000000002));
#3100=CARTESIAN_POINT('',(-24.9652917598898,-21.7210052163481,-125.000000000002));
#3101=CARTESIAN_POINT('',(-24.9652917598898,-21.7210052163481,-135.000000000002));
#3102=CARTESIAN_POINT('',(-24.9652917598898,-21.7210052163481,-125.000000000002));
#3103=CARTESIAN_POINT('Origin',(-24.9652917598898,-21.7210052163481,-135.000000000002));
#3104=CARTESIAN_POINT('',(-34.9651023728404,-21.6594608817485,-125.));
#3105=CARTESIAN_POINT('',(-34.9651023728404,-21.6594608817485,-135.));
#3106=CARTESIAN_POINT('',(-34.9651023728404,-21.6594608817485,-125.));
#3107=CARTESIAN_POINT('Origin',(-37.,-35.,-126.));
#3108=CARTESIAN_POINT('',(-36.,-25.,-126.));
#3109=CARTESIAN_POINT('',(-37.,-25.,-125.));
#3110=CARTESIAN_POINT('Origin',(-37.,-25.,-126.));
#3111=CARTESIAN_POINT('',(-37.,-35.,-125.));
#3112=CARTESIAN_POINT('',(-37.,-35.,-125.));
#3113=CARTESIAN_POINT('',(-36.,-35.,-126.));
#3114=CARTESIAN_POINT('Origin',(-37.,-35.,-126.));
#3115=CARTESIAN_POINT('',(-36.,-35.,-126.));
#3116=CARTESIAN_POINT('Origin',(-36.,-35.,-125.));
#3117=CARTESIAN_POINT('',(-36.,-35.,-134.));
#3118=CARTESIAN_POINT('',(-36.,-35.,-135.));
#3119=CARTESIAN_POINT('',(-36.,-25.,-134.));
#3120=CARTESIAN_POINT('',(-36.,-17.5,-134.));
#3121=CARTESIAN_POINT('',(-36.,-25.,-135.));
#3122=CARTESIAN_POINT('Origin',(50.,-35.,-11.));
#3123=CARTESIAN_POINT('',(50.,-35.,-11.));
#3124=CARTESIAN_POINT('',(50.,-35.,-139.));
#3125=CARTESIAN_POINT('',(50.,-35.,-11.));
#3126=CARTESIAN_POINT('',(-50.,-35.,-11.));
#3127=CARTESIAN_POINT('',(-50.,-35.,-11.));
#3128=CARTESIAN_POINT('',(-50.,-35.,-139.));
#3129=CARTESIAN_POINT('',(-50.,-35.,-11.));
#3130=CARTESIAN_POINT('',(-50.,-35.,-139.));
#3131=CARTESIAN_POINT('',(13.,-35.0000000000001,-35.));
#3132=CARTESIAN_POINT('',(-13.,-35.,-35.));
#3133=CARTESIAN_POINT('',(15.,-35.,-35.));
#3134=CARTESIAN_POINT('',(-13.,-35.,-15.));
#3135=CARTESIAN_POINT('',(-13.,-35.,-15.));
#3136=CARTESIAN_POINT('',(13.,-35.0000000000001,-15.));
#3137=CARTESIAN_POINT('',(-50.,-35.,-15.));
#3138=CARTESIAN_POINT('',(13.,-35.0000000000001,-15.));
#3139=CARTESIAN_POINT('',(38.,-35.,-130.));
#3140=CARTESIAN_POINT('Origin',(41.,-35.,-130.));
#3141=CARTESIAN_POINT('',(-44.,-35.,-20.));
#3142=CARTESIAN_POINT('Origin',(-41.,-35.,-20.));
#3143=CARTESIAN_POINT('',(-44.,-35.,-130.));
#3144=CARTESIAN_POINT('Origin',(-41.,-35.,-130.));
#3145=CARTESIAN_POINT('',(38.,-35.,-20.));
#3146=CARTESIAN_POINT('Origin',(41.,-35.,-20.));
#3147=CARTESIAN_POINT('',(-45.,-35.,-125.));
#3148=CARTESIAN_POINT('',(-36.,-35.,-125.));
#3149=CARTESIAN_POINT('Origin',(-45.,-35.,-124.));
#3150=CARTESIAN_POINT('',(-45.,-35.,-25.));
#3151=CARTESIAN_POINT('Origin',(-45.,-35.,-26.));
#3152=CARTESIAN_POINT('',(-37.,-35.,-25.));
#3153=CARTESIAN_POINT('',(-36.,-35.,-25.));
#3154=CARTESIAN_POINT('',(-36.,-35.,-24.));
#3155=CARTESIAN_POINT('Origin',(-37.,-35.,-24.));
#3156=CARTESIAN_POINT('',(-36.,-35.,-16.));
#3157=CARTESIAN_POINT('',(-36.,-35.,-15.));
#3158=CARTESIAN_POINT('',(-35.,-35.,-15.));
#3159=CARTESIAN_POINT('Origin',(-35.,-35.,-16.));
#3160=CARTESIAN_POINT('',(-15.,-35.,-15.));
#3161=CARTESIAN_POINT('',(-50.,-35.,-15.));
#3162=CARTESIAN_POINT('',(-15.,-35.,-37.));
#3163=CARTESIAN_POINT('',(-15.,-35.,-15.));
#3164=CARTESIAN_POINT('',(15.,-35.,-37.));
#3165=CARTESIAN_POINT('',(15.,-35.,-37.));
#3166=CARTESIAN_POINT('',(15.,-35.,-15.));
#3167=CARTESIAN_POINT('',(15.,-35.,-15.));
#3168=CARTESIAN_POINT('',(35.,-35.,-15.));
#3169=CARTESIAN_POINT('',(-50.,-35.,-15.));
#3170=CARTESIAN_POINT('',(36.,-35.,-16.));
#3171=CARTESIAN_POINT('Origin',(35.,-35.,-16.));
#3172=CARTESIAN_POINT('',(36.,-35.,-24.));
#3173=CARTESIAN_POINT('',(36.,-35.,-15.));
#3174=CARTESIAN_POINT('',(37.,-35.,-25.));
#3175=CARTESIAN_POINT('Origin',(37.,-35.,-24.));
#3176=CARTESIAN_POINT('',(45.,-35.,-25.));
#3177=CARTESIAN_POINT('',(36.,-35.,-25.));
#3178=CARTESIAN_POINT('Origin',(45.,-35.,-26.));
#3179=CARTESIAN_POINT('',(45.,-35.,-125.));
#3180=CARTESIAN_POINT('Origin',(45.,-35.,-124.));
#3181=CARTESIAN_POINT('',(37.,-35.,-125.));
#3182=CARTESIAN_POINT('',(36.,-35.,-125.));
#3183=CARTESIAN_POINT('',(36.,-35.,-126.));
#3184=CARTESIAN_POINT('Origin',(37.,-35.,-126.));
#3185=CARTESIAN_POINT('',(36.,-35.,-134.));
#3186=CARTESIAN_POINT('',(36.,-35.,-135.));
#3187=CARTESIAN_POINT('Origin',(35.,-35.,-134.));
#3188=CARTESIAN_POINT('Origin',(-35.,-35.,-134.));
#3189=CARTESIAN_POINT('Origin',(35.,-17.5,-134.));
#3190=CARTESIAN_POINT('',(36.,-25.,-134.));
#3191=CARTESIAN_POINT('',(36.,-17.5,-134.));
#3192=CARTESIAN_POINT('',(35.0342347724866,-25.,-134.999413818372));
#3193=CARTESIAN_POINT('Origin',(35.,-25.,-134.));
#3194=CARTESIAN_POINT('',(35.0342347724866,-17.5,-134.999413818372));
#3195=CARTESIAN_POINT('Origin',(35.0342347724866,-31.874866052847,-135.000000000002));
#3196=CARTESIAN_POINT('',(35.0342347724866,-25.,-132.500000000001));
#3197=CARTESIAN_POINT('',(35.0342347724866,-31.874866052847,-125.000000000002));
#3198=CARTESIAN_POINT('Origin',(37.,-35.,-126.));
#3199=CARTESIAN_POINT('',(37.,-25.,-125.));
#3200=CARTESIAN_POINT('',(36.,-25.,-126.));
#3201=CARTESIAN_POINT('Origin',(37.,-25.,-126.));
#3202=CARTESIAN_POINT('',(36.,-35.,-126.));
#3203=CARTESIAN_POINT('',(37.,-35.,-125.));
#3204=CARTESIAN_POINT('Origin',(41.,-25.,-130.));
#3205=CARTESIAN_POINT('',(45.,-25.,-125.));
#3206=CARTESIAN_POINT('',(36.,-25.,-125.));
#3207=CARTESIAN_POINT('Origin',(45.,-25.,-124.));
#3208=CARTESIAN_POINT('',(36.,-25.,-135.));
#3209=CARTESIAN_POINT('',(38.,-25.,-130.));
#3210=CARTESIAN_POINT('Origin',(41.,-25.,-130.));
#3211=CARTESIAN_POINT('Origin',(36.,-35.,-125.));
#3212=CARTESIAN_POINT('',(45.,-35.,-125.));
#3213=CARTESIAN_POINT('Origin',(45.,-35.,-124.));
#3214=CARTESIAN_POINT('Origin',(35.,-17.5,-16.));
#3215=CARTESIAN_POINT('',(35.,-25.,-15.));
#3216=CARTESIAN_POINT('',(36.,-25.,-16.));
#3217=CARTESIAN_POINT('Origin',(35.,-25.,-16.));
#3218=CARTESIAN_POINT('',(36.,-17.5,-16.));
#3219=CARTESIAN_POINT('',(35.,-17.5,-15.));
#3220=CARTESIAN_POINT('Origin',(36.,-35.,-25.));
#3221=CARTESIAN_POINT('',(36.,-25.,-24.));
#3222=CARTESIAN_POINT('',(36.,-25.,-15.));
#3223=CARTESIAN_POINT('',(36.,-35.,-24.));
#3224=CARTESIAN_POINT('Origin',(37.,-35.,-24.));
#3225=CARTESIAN_POINT('',(37.,-25.,-25.));
#3226=CARTESIAN_POINT('Origin',(37.,-25.,-24.));
#3227=CARTESIAN_POINT('',(37.,-35.,-25.));
#3228=CARTESIAN_POINT('Origin',(45.,-35.,-26.));
#3229=CARTESIAN_POINT('',(45.,-25.,-25.));
#3230=CARTESIAN_POINT('Origin',(45.,-25.,-26.));
#3231=CARTESIAN_POINT('',(45.,-35.,-25.));
#3232=CARTESIAN_POINT('Origin',(-37.,-35.,-24.));
#3233=CARTESIAN_POINT('',(-37.,-25.,-25.));
#3234=CARTESIAN_POINT('',(-36.,-25.,-24.));
#3235=CARTESIAN_POINT('Origin',(-37.,-25.,-24.));
#3236=CARTESIAN_POINT('',(-36.,-35.,-24.));
#3237=CARTESIAN_POINT('',(-37.,-35.,-25.));
#3238=CARTESIAN_POINT('Origin',(-36.,-35.,-15.));
#3239=CARTESIAN_POINT('',(-36.,-25.,-16.));
#3240=CARTESIAN_POINT('',(-36.,-25.,-15.));
#3241=CARTESIAN_POINT('',(-36.,-17.5,-16.));
#3242=CARTESIAN_POINT('Origin',(-35.,-17.5,-16.));
#3243=CARTESIAN_POINT('',(-35.,-25.,-15.));
#3244=CARTESIAN_POINT('Origin',(-35.,-25.,-16.));
#3245=CARTESIAN_POINT('',(-35.,-17.5,-15.));
#3246=CARTESIAN_POINT('Origin',(8.88178419700125E-15,-8.88178419700125E-15,
-15.));
#3247=CARTESIAN_POINT('',(15.,-8.00000000000001,-15.));
#3248=CARTESIAN_POINT('',(14.9999999999993,5.00000000000008,-15.));
#3249=CARTESIAN_POINT('',(25.,-8.00000000000001,-15.));
#3250=CARTESIAN_POINT('',(7.50000000000001,-8.00000000000001,-15.));
#3251=CARTESIAN_POINT('',(25.,7.99999999999999,-15.));
#3252=CARTESIAN_POINT('',(25.,-4.00000000000001,-15.));
#3253=CARTESIAN_POINT('',(15.,7.99999999999999,-15.));
#3254=CARTESIAN_POINT('',(12.5,7.99999999999999,-15.));
#3255=CARTESIAN_POINT('',(14.9999999999993,10.0000000000002,-15.));
#3256=CARTESIAN_POINT('',(14.9999999999993,5.00000000000008,-15.));
#3257=CARTESIAN_POINT('',(-15.0000000000007,10.0000000000002,-15.));
#3258=CARTESIAN_POINT('',(-7.50000000000036,10.0000000000002,-15.));
#3259=CARTESIAN_POINT('',(-15.0000000000005,-17.5000000000002,-15.));
#3260=CARTESIAN_POINT('',(-20.5,-25.,-15.));
#3261=CARTESIAN_POINT('',(20.5,-25.,-15.));
#3262=CARTESIAN_POINT('Origin',(-45.,-2.00000000000002,-26.));
#3263=CARTESIAN_POINT('',(-45.,-25.,-25.));
#3264=CARTESIAN_POINT('Origin',(-45.,-25.,-26.));
#3265=CARTESIAN_POINT('',(-45.,-2.00000000000002,-25.));
#3266=CARTESIAN_POINT('Origin',(-36.,-35.,-25.));
#3267=CARTESIAN_POINT('',(-36.,-25.,-25.));
#3268=CARTESIAN_POINT('Origin',(-35.,-17.5,-134.));
#3269=CARTESIAN_POINT('Origin',(-35.,-25.,-134.));
#3270=CARTESIAN_POINT('Origin',(-45.,-2.00000000000002,-124.));
#3271=CARTESIAN_POINT('',(-45.,-25.,-125.));
#3272=CARTESIAN_POINT('Origin',(-45.,-25.,-124.));
#3273=CARTESIAN_POINT('',(-45.,-2.00000000000002,-125.));
#3274=CARTESIAN_POINT('Origin',(8.88178419700125E-15,-8.88178419700125E-15,
-135.));
#3275=CARTESIAN_POINT('',(-27.1209692336649,-26.6901383555236,-135.000000000001));
#3276=CARTESIAN_POINT('Origin',(-29.9959692336649,-26.6901383555236,-135.000000000001));
#3277=CARTESIAN_POINT('Origin',(8.88178419700125E-15,-8.88178419700125E-15,
-135.));
#3278=CARTESIAN_POINT('',(32.9092347724866,-26.874866052847,-135.000000000001));
#3279=CARTESIAN_POINT('Origin',(30.0342347724866,-26.874866052847,-135.000000000001));
#3280=CARTESIAN_POINT('Origin',(41.,-35.,-20.));
#3281=CARTESIAN_POINT('',(38.,-25.,-20.));
#3282=CARTESIAN_POINT('Origin',(41.,-25.,-20.));
#3283=CARTESIAN_POINT('',(38.,-35.,-20.));
#3284=CARTESIAN_POINT('Origin',(46.,-35.,-25.));
#3285=CARTESIAN_POINT('',(36.,-25.,-25.));
#3286=CARTESIAN_POINT('Origin',(41.,-25.,-20.));
#3287=CARTESIAN_POINT('Origin',(-41.,-35.,-130.));
#3288=CARTESIAN_POINT('',(-44.,-25.,-130.));
#3289=CARTESIAN_POINT('Origin',(-41.,-25.,-130.));
#3290=CARTESIAN_POINT('',(-44.,-35.,-130.));
#3291=CARTESIAN_POINT('Origin',(-46.,-35.,-125.));
#3292=CARTESIAN_POINT('',(-36.,-25.,-125.));
#3293=CARTESIAN_POINT('Origin',(-41.,-25.,-130.));
#3294=CARTESIAN_POINT('Origin',(-41.,-35.,-20.));
#3295=CARTESIAN_POINT('',(-44.,-25.,-20.));
#3296=CARTESIAN_POINT('Origin',(-41.,-25.,-20.));
#3297=CARTESIAN_POINT('',(-44.,-35.,-20.));
#3298=CARTESIAN_POINT('Origin',(-41.,-25.,-20.));
#3299=CARTESIAN_POINT('Origin',(41.,-35.,-130.));
#3300=CARTESIAN_POINT('',(38.,-35.,-130.));
#3301=CARTESIAN_POINT('Origin',(36.,-35.,-135.));
#3302=CARTESIAN_POINT('Origin',(32.125,31.,-46.5));
#3303=CARTESIAN_POINT('',(32.125,33.,-46.5));
#3304=CARTESIAN_POINT('',(32.125,31.,-46.5));
#3305=CARTESIAN_POINT('',(32.125,33.,-55.5));
#3306=CARTESIAN_POINT('',(32.125,33.,-48.75));
#3307=CARTESIAN_POINT('',(32.125,31.,-55.5));
#3308=CARTESIAN_POINT('Origin',(28.875,31.,-46.5));
#3309=CARTESIAN_POINT('',(28.875,33.,-46.5));
#3310=CARTESIAN_POINT('',(28.875,31.,-46.5));
#3311=CARTESIAN_POINT('',(24.4375,33.,-46.5));
#3312=CARTESIAN_POINT('Origin',(28.875,31.,-55.5));
#3313=CARTESIAN_POINT('',(28.875,33.,-55.5));
#3314=CARTESIAN_POINT('',(28.875,31.,-55.5));
#3315=CARTESIAN_POINT('',(28.875,33.,-53.25));
#3316=CARTESIAN_POINT('Origin',(32.125,31.,-55.5));
#3317=CARTESIAN_POINT('',(26.0625,33.,-55.5));
#3318=CARTESIAN_POINT('Origin',(36.5,35.,-42.));
#3319=CARTESIAN_POINT('',(36.5,35.,-42.));
#3320=CARTESIAN_POINT('',(3.50000000000002,35.,-42.));
#3321=CARTESIAN_POINT('',(-6.74999999999998,35.,-42.));
#3322=CARTESIAN_POINT('',(36.5,33.,-42.));
#3323=CARTESIAN_POINT('',(36.5,35.,-42.));
#3324=CARTESIAN_POINT('',(3.50000000000002,33.,-42.));
#3325=CARTESIAN_POINT('',(3.50000000000002,33.,-42.));
#3326=CARTESIAN_POINT('',(3.50000000000002,35.,-42.));
#3327=CARTESIAN_POINT('Origin',(36.5,35.,-60.));
#3328=CARTESIAN_POINT('',(36.5,35.,-60.));
#3329=CARTESIAN_POINT('',(36.5,35.,-35.5));
#3330=CARTESIAN_POINT('',(36.5,33.,-60.));
#3331=CARTESIAN_POINT('',(36.5,35.,-60.));
#3332=CARTESIAN_POINT('',(36.5,33.,-42.));
#3333=CARTESIAN_POINT('Origin',(3.50000000000002,35.,-60.));
#3334=CARTESIAN_POINT('',(3.50000000000002,35.,-60.));
#3335=CARTESIAN_POINT('',(-23.25,35.,-60.));
#3336=CARTESIAN_POINT('',(3.50000000000002,33.,-60.));
#3337=CARTESIAN_POINT('',(3.50000000000002,35.,-60.));
#3338=CARTESIAN_POINT('',(36.5,33.,-60.));
#3339=CARTESIAN_POINT('Origin',(3.50000000000002,35.,-42.));
#3340=CARTESIAN_POINT('',(3.50000000000002,35.,-26.5));
#3341=CARTESIAN_POINT('',(3.50000000000002,33.,-60.));
#3342=CARTESIAN_POINT('Origin',(20.,33.,-51.));
#3343=CARTESIAN_POINT('Origin',(20.,25.,-31.5));
#3344=CARTESIAN_POINT('',(23.,25.,-31.5));
#3345=CARTESIAN_POINT('Origin',(20.,25.,-31.5));
#3346=CARTESIAN_POINT('Origin',(20.,25.,-70.5));
#3347=CARTESIAN_POINT('',(23.,25.,-70.5));
#3348=CARTESIAN_POINT('Origin',(20.,25.,-70.5));
#3349=CARTESIAN_POINT('Origin',(20.,35.,-31.5));
#3350=CARTESIAN_POINT('',(23.,35.,-31.5));
#3351=CARTESIAN_POINT('Origin',(20.,35.,-31.5));
#3352=CARTESIAN_POINT('',(23.,35.,-31.5));
#3353=CARTESIAN_POINT('Origin',(20.,35.,-70.5));
#3354=CARTESIAN_POINT('',(23.,35.,-70.5));
#3355=CARTESIAN_POINT('Origin',(20.,35.,-70.5));
#3356=CARTESIAN_POINT('',(23.,35.,-70.5));
#3357=CARTESIAN_POINT('Origin',(-50.,-4.13782530189674E-15,-125.));
#3358=CARTESIAN_POINT('',(-50.,-3.,-125.));
#3359=CARTESIAN_POINT('Origin',(-50.,-4.13782530189674E-15,-125.));
#3360=CARTESIAN_POINT('',(-40.,-3.,-125.));
#3361=CARTESIAN_POINT('',(-50.,-3.,-125.));
#3362=CARTESIAN_POINT('Origin',(-40.,-4.13782530189674E-15,-125.));
#3363=CARTESIAN_POINT('Origin',(-50.,-35.,-11.));
#3364=CARTESIAN_POINT('',(-50.,35.,-11.));
#3365=CARTESIAN_POINT('',(-50.,35.,-11.));
#3366=CARTESIAN_POINT('',(-50.,35.,-139.));
#3367=CARTESIAN_POINT('',(-50.,35.,-11.));
#3368=CARTESIAN_POINT('',(-50.,35.,-139.));
#3369=CARTESIAN_POINT('Origin',(-40.,-4.44089209850063E-15,-125.));
#3370=CARTESIAN_POINT('Origin',(40.,-4.44089209850063E-15,-125.));
#3371=CARTESIAN_POINT('',(40.,-3.,-125.));
#3372=CARTESIAN_POINT('Origin',(40.,-4.13782530189674E-15,-125.));
#3373=CARTESIAN_POINT('Origin',(50.,-4.13782530189674E-15,-125.));
#3374=CARTESIAN_POINT('',(50.,-3.,-125.));
#3375=CARTESIAN_POINT('Origin',(50.,-4.13782530189674E-15,-125.));
#3376=CARTESIAN_POINT('',(50.,-3.,-125.));
#3377=CARTESIAN_POINT('Origin',(0.,0.,-125.));
#3378=CARTESIAN_POINT('',(-3.75,4.59242549680257E-16,-125.));
#3379=CARTESIAN_POINT('Origin',(0.,0.,-125.));
#3380=CARTESIAN_POINT('Origin',(0.,0.,-135.));
#3381=CARTESIAN_POINT('',(-3.75,4.59242549680257E-16,-139.));
#3382=CARTESIAN_POINT('Origin',(0.,0.,-139.));
#3383=CARTESIAN_POINT('',(-3.75,4.59242549680257E-16,-135.));
#3384=CARTESIAN_POINT('Origin',(8.88178419700125E-15,-8.88178419700125E-15,
-139.));
#3385=CARTESIAN_POINT('',(50.,35.,-139.));
#3386=CARTESIAN_POINT('',(50.,35.,-139.));
#3387=CARTESIAN_POINT('',(50.,-35.,-139.));
#3388=CARTESIAN_POINT('Origin',(-3.61932706027801E-13,-12.5,-35.));
#3389=CARTESIAN_POINT('',(12.9999999999993,8.00000000000018,-35.));
#3390=CARTESIAN_POINT('',(12.9999999999993,-9.99999999999983,-35.));
#3391=CARTESIAN_POINT('',(-13.0000000000007,8.00000000000017,-35.));
#3392=CARTESIAN_POINT('',(12.9999999999993,8.00000000000017,-35.));
#3393=CARTESIAN_POINT('',(-13.0000000000007,8.00000000000017,-35.));
#3394=CARTESIAN_POINT('Origin',(-3.61932706027801E-13,-12.5,-37.));
#3395=CARTESIAN_POINT('',(-15.0000000000007,10.0000000000002,-37.));
#3396=CARTESIAN_POINT('',(-15.,-35.,-37.));
#3397=CARTESIAN_POINT('',(14.9999999999993,10.0000000000002,-37.));
#3398=CARTESIAN_POINT('',(-15.0000000000007,10.0000000000002,-37.));
#3399=CARTESIAN_POINT('',(14.9999999999993,10.0000000000002,-37.));
#3400=CARTESIAN_POINT('Origin',(12.9999999999993,8.00000000000017,-15.));
#3401=CARTESIAN_POINT('',(6.66133814775094E-15,8.00000000000017,-15.));
#3402=CARTESIAN_POINT('',(-5.99999999999975,8.00000000000017,-15.));
#3403=CARTESIAN_POINT('Ctrl Pts',(-5.99999999999975,8.00000000000017,-15.));
#3404=CARTESIAN_POINT('Ctrl Pts',(-3.97668119284243,8.00000000000017,-15.));
#3405=CARTESIAN_POINT('Ctrl Pts',(-1.80971135718302,8.00000000000017,-16.0951443214085));
#3406=CARTESIAN_POINT('Ctrl Pts',(6.31973106325088E-15,8.00000000000017,
-17.));
#3407=CARTESIAN_POINT('',(-13.0000000000007,8.00000000000017,-15.));
#3408=CARTESIAN_POINT('',(6.49999999999965,8.00000000000017,-15.));
#3409=CARTESIAN_POINT('',(-13.0000000000007,8.00000000000017,-15.));
#3410=CARTESIAN_POINT('',(12.9999999999993,8.00000000000017,-15.));
#3411=CARTESIAN_POINT('',(12.9999999999993,8.00000000000017,-15.));
#3412=CARTESIAN_POINT('',(6.49999999999965,8.00000000000017,-15.));
#3413=CARTESIAN_POINT('Origin',(-15.0000000000007,10.0000000000002,-15.));
#3414=CARTESIAN_POINT('',(14.9999999999993,10.0000000000002,-15.));
#3415=CARTESIAN_POINT('',(-15.0000000000007,10.0000000000002,-15.));
#3416=CARTESIAN_POINT('Origin',(-15.,-35.,-15.));
#3417=CARTESIAN_POINT('Origin',(-13.0000000000007,8.00000000000017,-15.));
#3418=CARTESIAN_POINT('',(-13.0000000000007,4.00000000000008,-15.));
#3419=CARTESIAN_POINT('Origin',(12.9999999999992,-35.0000000000001,-15.));
#3420=CARTESIAN_POINT('',(12.9999999999993,-17.5,-15.));
#3421=CARTESIAN_POINT('Origin',(8.88178419700125E-15,-8.88178419700125E-15,
-15.));
#3422=CARTESIAN_POINT('Origin',(6.66133814775094E-15,-8.88178419700125E-15,
-15.));
#3423=CARTESIAN_POINT('Origin',(6.66133814775094E-15,-8.88178419700125E-15,
-17.));
#3424=CARTESIAN_POINT('Origin',(6.66133814775094E-15,-8.88178419700125E-15,
-17.));
#3425=CARTESIAN_POINT('Origin',(6.66133814775094E-15,-8.88178419700125E-15,
-15.));
#3426=CARTESIAN_POINT('Origin',(6.66133814775094E-15,-8.88178419700125E-15,
-25.));
#3427=CARTESIAN_POINT('Origin',(6.66133814775094E-15,-8.88178419700125E-15,
-15.));
#3428=CARTESIAN_POINT('',(-2.99999999999999,-8.51439015725705E-15,-25.));
#3429=CARTESIAN_POINT('Origin',(6.66133814775094E-15,-8.88178419700125E-15,
-25.));
#3430=CARTESIAN_POINT('',(-2.99999999999999,-8.51439015725705E-15,-11.));
#3431=CARTESIAN_POINT('',(-2.99999999999999,-8.51439015725705E-15,-15.));
#3432=CARTESIAN_POINT('Origin',(6.66133814775094E-15,-8.88178419700125E-15,
-11.));
#3433=CARTESIAN_POINT('Origin',(6.66133814775094E-15,-8.88178419700125E-15,
-25.));
#3434=CARTESIAN_POINT('Origin',(21.,-2.42500000000001,-15.));
#3435=CARTESIAN_POINT('',(21.,2.42499999999999,-13.));
#3436=CARTESIAN_POINT('',(21.,-2.42500000000001,-13.));
#3437=CARTESIAN_POINT('',(21.,2.42499999999999,-13.));
#3438=CARTESIAN_POINT('',(21.,-2.42500000000001,-11.));
#3439=CARTESIAN_POINT('',(21.,-2.42500000000001,-15.));
#3440=CARTESIAN_POINT('',(21.,2.42499999999999,-11.));
#3441=CARTESIAN_POINT('',(21.,-1.21250000000001,-11.));
#3442=CARTESIAN_POINT('',(21.,2.42499999999999,-15.));
#3443=CARTESIAN_POINT('Origin',(21.,2.42499999999999,-15.));
#3444=CARTESIAN_POINT('',(19.,2.42499999999999,-13.));
#3445=CARTESIAN_POINT('',(19.,2.42499999999999,-13.));
#3446=CARTESIAN_POINT('',(19.,2.42499999999999,-11.));
#3447=CARTESIAN_POINT('',(10.5,2.42499999999999,-11.));
#3448=CARTESIAN_POINT('',(19.,2.42499999999999,-15.));
#3449=CARTESIAN_POINT('Origin',(19.,-2.42500000000001,-15.));
#3450=CARTESIAN_POINT('',(19.,-2.42500000000001,-13.));
#3451=CARTESIAN_POINT('',(21.,-2.42500000000001,-13.));
#3452=CARTESIAN_POINT('',(19.,-2.42500000000001,-11.));
#3453=CARTESIAN_POINT('',(19.,-2.42500000000001,-15.));
#3454=CARTESIAN_POINT('',(9.50000000000001,-2.42500000000001,-11.));
#3455=CARTESIAN_POINT('Origin',(19.,2.42499999999999,-15.));
#3456=CARTESIAN_POINT('',(19.,-2.42500000000001,-13.));
#3457=CARTESIAN_POINT('',(19.,1.21249999999999,-11.));
#3458=CARTESIAN_POINT('Origin',(14.9999999999993,7.99999999999999,-15.));
#3459=CARTESIAN_POINT('',(15.,7.99999999999999,-13.));
#3460=CARTESIAN_POINT('',(15.,7.99999999999999,-15.));
#3461=CARTESIAN_POINT('',(15.,-8.00000000000001,-13.));
#3462=CARTESIAN_POINT('',(14.9999999999993,-9.99999999999983,-13.));
#3463=CARTESIAN_POINT('',(15.,-8.00000000000001,-15.));
#3464=CARTESIAN_POINT('Origin',(25.,7.99999999999999,-15.));
#3465=CARTESIAN_POINT('',(25.,7.99999999999999,-13.));
#3466=CARTESIAN_POINT('',(25.,7.99999999999999,-15.));
#3467=CARTESIAN_POINT('',(15.,7.99999999999999,-13.));
#3468=CARTESIAN_POINT('Origin',(25.,-8.00000000000001,-15.));
#3469=CARTESIAN_POINT('',(25.,-8.00000000000001,-13.));
#3470=CARTESIAN_POINT('',(25.,-8.00000000000001,-15.));
#3471=CARTESIAN_POINT('',(25.,7.99999999999999,-13.));
#3472=CARTESIAN_POINT('Origin',(15.,-8.00000000000001,-15.));
#3473=CARTESIAN_POINT('',(25.,-8.00000000000001,-13.));
#3474=CARTESIAN_POINT('Origin',(19.9999999999996,-1.22124532708767E-14,
-13.));
#3475=CARTESIAN_POINT('Origin',(50.,35.,-11.));
#3476=CARTESIAN_POINT('',(50.,35.,-11.));
#3477=CARTESIAN_POINT('',(50.,-35.,-11.));
#3478=CARTESIAN_POINT('',(50.,35.,-11.));
#3479=CARTESIAN_POINT('Origin',(-50.,35.,-11.));
#3480=CARTESIAN_POINT('',(50.,35.,-11.));
#3481=CARTESIAN_POINT('Origin',(8.88178419700125E-15,-8.88178419700125E-15,
-11.));
#3482=CARTESIAN_POINT('Origin',(30.0342347724866,-26.874866052847,-135.000000000001));
#3483=CARTESIAN_POINT('',(32.9092347724866,-26.874866052847,-125.000000000001));
#3484=CARTESIAN_POINT('Origin',(30.0342347724866,-26.874866052847,-125.000000000001));
#3485=CARTESIAN_POINT('',(32.9092347724866,-26.874866052847,-135.000000000001));
#3486=CARTESIAN_POINT('Origin',(30.0342347724866,-26.874866052847,-125.000000000001));
#3487=CARTESIAN_POINT('Origin',(-29.9959692336649,-26.6901383555236,-135.000000000001));
#3488=CARTESIAN_POINT('',(-27.1209692336649,-26.6901383555236,-125.000000000001));
#3489=CARTESIAN_POINT('Origin',(-29.9959692336649,-26.6901383555236,-125.000000000001));
#3490=CARTESIAN_POINT('',(-27.1209692336649,-26.6901383555236,-135.000000000001));
#3491=CARTESIAN_POINT('Origin',(-34.9657652275134,-21.7671624474147,-135.));
#3492=CARTESIAN_POINT('',(-34.9657652275134,-21.7671624474147,-125.));
#3493=CARTESIAN_POINT('',(-34.9657652275134,-32.874866052847,-125.));
#3494=CARTESIAN_POINT('',(-34.9657652275134,-21.7671624474147,-135.));
#3495=CARTESIAN_POINT('Origin',(-34.9651023728404,-21.6594608817485,-135.));
#3496=CARTESIAN_POINT('',(-34.8974036047809,-10.6596692075029,-125.));
#3497=CARTESIAN_POINT('Origin',(-29.9655284937016,-26.6901383555236,-125.));
#3498=UNCERTAINTY_MEASURE_WITH_UNIT(LENGTH_MEASURE(0.01),#3502,
'DISTANCE_ACCURACY_VALUE',
'Maximum model space distance between geometric entities at asserted c
onnectivities');
#3499=UNCERTAINTY_MEASURE_WITH_UNIT(LENGTH_MEASURE(0.01),#3502,
'DISTANCE_ACCURACY_VALUE',
'Maximum model space distance between geometric entities at asserted c
onnectivities');
#3500=(
GEOMETRIC_REPRESENTATION_CONTEXT(3)
GLOBAL_UNCERTAINTY_ASSIGNED_CONTEXT((#3498))
GLOBAL_UNIT_ASSIGNED_CONTEXT((#3502,#3504,#3505))
REPRESENTATION_CONTEXT('','3D')
);
#3501=(
GEOMETRIC_REPRESENTATION_CONTEXT(3)
GLOBAL_UNCERTAINTY_ASSIGNED_CONTEXT((#3499))
GLOBAL_UNIT_ASSIGNED_CONTEXT((#3502,#3504,#3505))
REPRESENTATION_CONTEXT('','3D')
);
#3502=(
LENGTH_UNIT()
NAMED_UNIT(*)
SI_UNIT(.MILLI.,.METRE.)
);
#3503=(
LENGTH_UNIT()
NAMED_UNIT(*)
SI_UNIT($,.METRE.)
);
#3504=(
NAMED_UNIT(*)
PLANE_ANGLE_UNIT()
SI_UNIT($,.RADIAN.)
);
#3505=(
NAMED_UNIT(*)
SI_UNIT($,.STERADIAN.)
SOLID_ANGLE_UNIT()
);
#3506=SHAPE_DEFINITION_REPRESENTATION(#3507,#3508);
#3507=PRODUCT_DEFINITION_SHAPE('',$,#3510);
#3508=SHAPE_REPRESENTATION('',(#2096),#3500);
#3509=PRODUCT_DEFINITION_CONTEXT('part definition',#3514,'design');
#3510=PRODUCT_DEFINITION('Main body','Main body',#3511,#3509);
#3511=PRODUCT_DEFINITION_FORMATION('',$,#3516);
#3512=PRODUCT_RELATED_PRODUCT_CATEGORY('Main body','Main body',(#3516));
#3513=APPLICATION_PROTOCOL_DEFINITION('international standard',
'automotive_design',2009,#3514);
#3514=APPLICATION_CONTEXT(
'Core Data for Automotive Mechanical Design Process');
#3515=PRODUCT_CONTEXT('part definition',#3514,'mechanical');
#3516=PRODUCT('Main body','Main body',$,(#3515));
#3517=PRESENTATION_STYLE_ASSIGNMENT((#3518));
#3518=SURFACE_STYLE_USAGE(.BOTH.,#3519);
#3519=SURFACE_SIDE_STYLE('',(#3520));
#3520=SURFACE_STYLE_FILL_AREA(#3521);
#3521=FILL_AREA_STYLE('ABS (White)',(#3522));
#3522=FILL_AREA_STYLE_COLOUR('ABS (White)',#3523);
#3523=COLOUR_RGB('ABS (White)',0.964705882352941,0.964705882352941,0.952941176470588);
ENDSEC;
END-ISO-10303-21;
