ISO-10303-21;
HEADER;
/* Generated by software containing ST-Developer
 * from STEP Tools, Inc. (www.steptools.com) 
 */

FILE_DESCRIPTION(
/* description */ (''),
/* implementation_level */ '2;1');

FILE_NAME(
/* name */ 'Screen and buttons bracket.step',
/* time_stamp */ '2026-05-13T02:05:44+03:00',
/* author */ (''),
/* organization */ (''),
/* preprocessor_version */ 'ST-DEVELOPER v20.1',
/* originating_system */ 'Autodesk Translation Framework v15.8.0.0',
/* authorisation */ '');

FILE_SCHEMA (('AUTOMOTIVE_DESIGN { 1 0 10303 214 3 1 1 }'));
ENDSEC;

DATA;
#10=MECHANICAL_DESIGN_GEOMETRIC_PRESENTATION_REPRESENTATION('',(#13),#2440);
#11=SHAPE_REPRESENTATION_RELATIONSHIP('SRR','None',#2447,#12);
#12=ADVANCED_BREP_SHAPE_REPRESENTATION('',(#14),#2439);
#13=STYLED_ITEM('',(#2457),#14);
#14=MANIFOLD_SOLID_BREP('Body1',#1536);
#15=CIRCLE('',#1597,0.925);
#16=CIRCLE('',#1598,0.925);
#17=CIRCLE('',#1600,0.925);
#18=CIRCLE('',#1601,0.925);
#19=CIRCLE('',#1603,0.925);
#20=CIRCLE('',#1604,0.925);
#21=CIRCLE('',#1606,0.925);
#22=CIRCLE('',#1607,0.925);
#23=CIRCLE('',#1611,2.875);
#24=CIRCLE('',#1612,2.875);
#25=CIRCLE('',#1625,2.875);
#26=CIRCLE('',#1631,2.875);
#27=CYLINDRICAL_SURFACE('',#1596,0.925);
#28=CYLINDRICAL_SURFACE('',#1599,0.925);
#29=CYLINDRICAL_SURFACE('',#1602,0.925);
#30=CYLINDRICAL_SURFACE('',#1605,0.925);
#31=CYLINDRICAL_SURFACE('',#1624,2.875);
#32=CYLINDRICAL_SURFACE('',#1630,2.875);
#33=FACE_BOUND('',#142,.T.);
#34=FACE_BOUND('',#152,.T.);
#35=FACE_BOUND('',#169,.T.);
#36=FACE_BOUND('',#170,.T.);
#37=FACE_BOUND('',#171,.T.);
#38=FACE_BOUND('',#172,.T.);
#39=FACE_BOUND('',#173,.T.);
#40=FACE_BOUND('',#174,.T.);
#41=FACE_BOUND('',#191,.T.);
#42=FACE_BOUND('',#192,.T.);
#43=FACE_BOUND('',#195,.T.);
#44=FACE_BOUND('',#196,.T.);
#45=FACE_BOUND('',#197,.T.);
#46=FACE_BOUND('',#198,.T.);
#47=FACE_BOUND('',#199,.T.);
#48=FACE_BOUND('',#201,.T.);
#49=FACE_BOUND('',#202,.T.);
#50=FACE_BOUND('',#207,.T.);
#51=FACE_BOUND('',#208,.T.);
#52=FACE_BOUND('',#214,.T.);
#53=FACE_BOUND('',#215,.T.);
#54=FACE_BOUND('',#222,.T.);
#55=FACE_BOUND('',#230,.T.);
#56=FACE_OUTER_BOUND('',#132,.T.);
#57=FACE_OUTER_BOUND('',#133,.T.);
#58=FACE_OUTER_BOUND('',#134,.T.);
#59=FACE_OUTER_BOUND('',#135,.T.);
#60=FACE_OUTER_BOUND('',#136,.T.);
#61=FACE_OUTER_BOUND('',#137,.T.);
#62=FACE_OUTER_BOUND('',#138,.T.);
#63=FACE_OUTER_BOUND('',#139,.T.);
#64=FACE_OUTER_BOUND('',#140,.T.);
#65=FACE_OUTER_BOUND('',#141,.T.);
#66=FACE_OUTER_BOUND('',#143,.T.);
#67=FACE_OUTER_BOUND('',#144,.T.);
#68=FACE_OUTER_BOUND('',#145,.T.);
#69=FACE_OUTER_BOUND('',#146,.T.);
#70=FACE_OUTER_BOUND('',#147,.T.);
#71=FACE_OUTER_BOUND('',#148,.T.);
#72=FACE_OUTER_BOUND('',#149,.T.);
#73=FACE_OUTER_BOUND('',#150,.T.);
#74=FACE_OUTER_BOUND('',#151,.T.);
#75=FACE_OUTER_BOUND('',#153,.T.);
#76=FACE_OUTER_BOUND('',#154,.T.);
#77=FACE_OUTER_BOUND('',#155,.T.);
#78=FACE_OUTER_BOUND('',#156,.T.);
#79=FACE_OUTER_BOUND('',#157,.T.);
#80=FACE_OUTER_BOUND('',#158,.T.);
#81=FACE_OUTER_BOUND('',#159,.T.);
#82=FACE_OUTER_BOUND('',#160,.T.);
#83=FACE_OUTER_BOUND('',#161,.T.);
#84=FACE_OUTER_BOUND('',#162,.T.);
#85=FACE_OUTER_BOUND('',#163,.T.);
#86=FACE_OUTER_BOUND('',#164,.T.);
#87=FACE_OUTER_BOUND('',#165,.T.);
#88=FACE_OUTER_BOUND('',#166,.T.);
#89=FACE_OUTER_BOUND('',#167,.T.);
#90=FACE_OUTER_BOUND('',#168,.T.);
#91=FACE_OUTER_BOUND('',#175,.T.);
#92=FACE_OUTER_BOUND('',#176,.T.);
#93=FACE_OUTER_BOUND('',#177,.T.);
#94=FACE_OUTER_BOUND('',#178,.T.);
#95=FACE_OUTER_BOUND('',#179,.T.);
#96=FACE_OUTER_BOUND('',#180,.T.);
#97=FACE_OUTER_BOUND('',#181,.T.);
#98=FACE_OUTER_BOUND('',#182,.T.);
#99=FACE_OUTER_BOUND('',#183,.T.);
#100=FACE_OUTER_BOUND('',#184,.T.);
#101=FACE_OUTER_BOUND('',#185,.T.);
#102=FACE_OUTER_BOUND('',#186,.T.);
#103=FACE_OUTER_BOUND('',#187,.T.);
#104=FACE_OUTER_BOUND('',#188,.T.);
#105=FACE_OUTER_BOUND('',#189,.T.);
#106=FACE_OUTER_BOUND('',#190,.T.);
#107=FACE_OUTER_BOUND('',#193,.T.);
#108=FACE_OUTER_BOUND('',#194,.T.);
#109=FACE_OUTER_BOUND('',#200,.T.);
#110=FACE_OUTER_BOUND('',#203,.T.);
#111=FACE_OUTER_BOUND('',#204,.T.);
#112=FACE_OUTER_BOUND('',#205,.T.);
#113=FACE_OUTER_BOUND('',#206,.T.);
#114=FACE_OUTER_BOUND('',#209,.T.);
#115=FACE_OUTER_BOUND('',#210,.T.);
#116=FACE_OUTER_BOUND('',#211,.T.);
#117=FACE_OUTER_BOUND('',#212,.T.);
#118=FACE_OUTER_BOUND('',#213,.T.);
#119=FACE_OUTER_BOUND('',#216,.T.);
#120=FACE_OUTER_BOUND('',#217,.T.);
#121=FACE_OUTER_BOUND('',#218,.T.);
#122=FACE_OUTER_BOUND('',#219,.T.);
#123=FACE_OUTER_BOUND('',#220,.T.);
#124=FACE_OUTER_BOUND('',#221,.T.);
#125=FACE_OUTER_BOUND('',#223,.T.);
#126=FACE_OUTER_BOUND('',#224,.T.);
#127=FACE_OUTER_BOUND('',#225,.T.);
#128=FACE_OUTER_BOUND('',#226,.T.);
#129=FACE_OUTER_BOUND('',#227,.T.);
#130=FACE_OUTER_BOUND('',#228,.T.);
#131=FACE_OUTER_BOUND('',#229,.T.);
#132=EDGE_LOOP('',(#972,#973,#974,#975));
#133=EDGE_LOOP('',(#976,#977,#978,#979));
#134=EDGE_LOOP('',(#980,#981,#982,#983));
#135=EDGE_LOOP('',(#984,#985,#986,#987));
#136=EDGE_LOOP('',(#988,#989,#990,#991,#992,#993,#994,#995));
#137=EDGE_LOOP('',(#996,#997,#998,#999));
#138=EDGE_LOOP('',(#1000,#1001,#1002,#1003));
#139=EDGE_LOOP('',(#1004,#1005,#1006,#1007,#1008,#1009));
#140=EDGE_LOOP('',(#1010,#1011,#1012,#1013,#1014,#1015));
#141=EDGE_LOOP('',(#1016,#1017,#1018,#1019));
#142=EDGE_LOOP('',(#1020,#1021,#1022,#1023));
#143=EDGE_LOOP('',(#1024,#1025,#1026,#1027));
#144=EDGE_LOOP('',(#1028,#1029,#1030,#1031));
#145=EDGE_LOOP('',(#1032,#1033,#1034,#1035));
#146=EDGE_LOOP('',(#1036,#1037,#1038,#1039));
#147=EDGE_LOOP('',(#1040,#1041,#1042,#1043));
#148=EDGE_LOOP('',(#1044,#1045,#1046,#1047));
#149=EDGE_LOOP('',(#1048,#1049,#1050,#1051));
#150=EDGE_LOOP('',(#1052,#1053,#1054,#1055));
#151=EDGE_LOOP('',(#1056,#1057,#1058,#1059));
#152=EDGE_LOOP('',(#1060,#1061,#1062,#1063));
#153=EDGE_LOOP('',(#1064,#1065,#1066,#1067));
#154=EDGE_LOOP('',(#1068,#1069,#1070,#1071));
#155=EDGE_LOOP('',(#1072,#1073,#1074,#1075,#1076,#1077,#1078,#1079));
#156=EDGE_LOOP('',(#1080,#1081,#1082,#1083));
#157=EDGE_LOOP('',(#1084,#1085,#1086,#1087,#1088,#1089,#1090,#1091));
#158=EDGE_LOOP('',(#1092,#1093,#1094,#1095));
#159=EDGE_LOOP('',(#1096,#1097,#1098,#1099));
#160=EDGE_LOOP('',(#1100,#1101,#1102,#1103));
#161=EDGE_LOOP('',(#1104,#1105,#1106,#1107));
#162=EDGE_LOOP('',(#1108,#1109,#1110,#1111));
#163=EDGE_LOOP('',(#1112,#1113,#1114,#1115));
#164=EDGE_LOOP('',(#1116,#1117,#1118,#1119));
#165=EDGE_LOOP('',(#1120,#1121,#1122,#1123));
#166=EDGE_LOOP('',(#1124,#1125,#1126,#1127));
#167=EDGE_LOOP('',(#1128,#1129,#1130,#1131));
#168=EDGE_LOOP('',(#1132,#1133,#1134,#1135,#1136,#1137,#1138,#1139,#1140,
#1141,#1142,#1143,#1144,#1145,#1146,#1147,#1148));
#169=EDGE_LOOP('',(#1149,#1150,#1151,#1152));
#170=EDGE_LOOP('',(#1153,#1154,#1155,#1156));
#171=EDGE_LOOP('',(#1157,#1158,#1159,#1160));
#172=EDGE_LOOP('',(#1161,#1162,#1163,#1164));
#173=EDGE_LOOP('',(#1165,#1166,#1167,#1168,#1169,#1170));
#174=EDGE_LOOP('',(#1171,#1172,#1173,#1174,#1175,#1176));
#175=EDGE_LOOP('',(#1177,#1178,#1179,#1180));
#176=EDGE_LOOP('',(#1181,#1182,#1183,#1184,#1185,#1186));
#177=EDGE_LOOP('',(#1187,#1188,#1189,#1190));
#178=EDGE_LOOP('',(#1191,#1192,#1193,#1194,#1195,#1196));
#179=EDGE_LOOP('',(#1197,#1198,#1199,#1200));
#180=EDGE_LOOP('',(#1201,#1202,#1203,#1204));
#181=EDGE_LOOP('',(#1205,#1206,#1207,#1208,#1209,#1210,#1211,#1212));
#182=EDGE_LOOP('',(#1213,#1214,#1215,#1216));
#183=EDGE_LOOP('',(#1217,#1218,#1219,#1220));
#184=EDGE_LOOP('',(#1221,#1222,#1223,#1224));
#185=EDGE_LOOP('',(#1225,#1226,#1227,#1228));
#186=EDGE_LOOP('',(#1229,#1230,#1231,#1232));
#187=EDGE_LOOP('',(#1233,#1234,#1235,#1236));
#188=EDGE_LOOP('',(#1237,#1238,#1239,#1240));
#189=EDGE_LOOP('',(#1241,#1242,#1243,#1244));
#190=EDGE_LOOP('',(#1245,#1246,#1247,#1248));
#191=EDGE_LOOP('',(#1249));
#192=EDGE_LOOP('',(#1250));
#193=EDGE_LOOP('',(#1251,#1252,#1253,#1254));
#194=EDGE_LOOP('',(#1255,#1256,#1257,#1258,#1259,#1260,#1261,#1262));
#195=EDGE_LOOP('',(#1263,#1264,#1265,#1266));
#196=EDGE_LOOP('',(#1267,#1268,#1269,#1270));
#197=EDGE_LOOP('',(#1271,#1272,#1273,#1274));
#198=EDGE_LOOP('',(#1275));
#199=EDGE_LOOP('',(#1276));
#200=EDGE_LOOP('',(#1277,#1278,#1279,#1280));
#201=EDGE_LOOP('',(#1281));
#202=EDGE_LOOP('',(#1282));
#203=EDGE_LOOP('',(#1283,#1284,#1285,#1286));
#204=EDGE_LOOP('',(#1287,#1288,#1289,#1290,#1291));
#205=EDGE_LOOP('',(#1292,#1293,#1294,#1295,#1296));
#206=EDGE_LOOP('',(#1297,#1298,#1299,#1300));
#207=EDGE_LOOP('',(#1301));
#208=EDGE_LOOP('',(#1302));
#209=EDGE_LOOP('',(#1303,#1304,#1305,#1306));
#210=EDGE_LOOP('',(#1307,#1308,#1309,#1310));
#211=EDGE_LOOP('',(#1311,#1312,#1313,#1314,#1315));
#212=EDGE_LOOP('',(#1316,#1317,#1318,#1319,#1320));
#213=EDGE_LOOP('',(#1321,#1322,#1323,#1324));
#214=EDGE_LOOP('',(#1325));
#215=EDGE_LOOP('',(#1326));
#216=EDGE_LOOP('',(#1327,#1328,#1329,#1330));
#217=EDGE_LOOP('',(#1331,#1332,#1333,#1334));
#218=EDGE_LOOP('',(#1335,#1336,#1337,#1338));
#219=EDGE_LOOP('',(#1339,#1340,#1341,#1342));
#220=EDGE_LOOP('',(#1343,#1344,#1345,#1346,#1347,#1348));
#221=EDGE_LOOP('',(#1349,#1350,#1351,#1352));
#222=EDGE_LOOP('',(#1353));
#223=EDGE_LOOP('',(#1354,#1355,#1356,#1357));
#224=EDGE_LOOP('',(#1358,#1359,#1360,#1361));
#225=EDGE_LOOP('',(#1362,#1363,#1364,#1365));
#226=EDGE_LOOP('',(#1366,#1367,#1368,#1369,#1370,#1371,#1372,#1373));
#227=EDGE_LOOP('',(#1374,#1375,#1376,#1377,#1378,#1379));
#228=EDGE_LOOP('',(#1380,#1381,#1382,#1383));
#229=EDGE_LOOP('',(#1384,#1385,#1386,#1387,#1388));
#230=EDGE_LOOP('',(#1389));
#231=LINE('',#2017,#428);
#232=LINE('',#2019,#429);
#233=LINE('',#2021,#430);
#234=LINE('',#2022,#431);
#235=LINE('',#2026,#432);
#236=LINE('',#2028,#433);
#237=LINE('',#2030,#434);
#238=LINE('',#2031,#435);
#239=LINE('',#2034,#436);
#240=LINE('',#2036,#437);
#241=LINE('',#2037,#438);
#242=LINE('',#2040,#439);
#243=LINE('',#2042,#440);
#244=LINE('',#2043,#441);
#245=LINE('',#2046,#442);
#246=LINE('',#2048,#443);
#247=LINE('',#2050,#444);
#248=LINE('',#2052,#445);
#249=LINE('',#2054,#446);
#250=LINE('',#2055,#447);
#251=LINE('',#2058,#448);
#252=LINE('',#2060,#449);
#253=LINE('',#2061,#450);
#254=LINE('',#2064,#451);
#255=LINE('',#2065,#452);
#256=LINE('',#2068,#453);
#257=LINE('',#2070,#454);
#258=LINE('',#2071,#455);
#259=LINE('',#2074,#456);
#260=LINE('',#2076,#457);
#261=LINE('',#2077,#458);
#262=LINE('',#2081,#459);
#263=LINE('',#2083,#460);
#264=LINE('',#2085,#461);
#265=LINE('',#2086,#462);
#266=LINE('',#2089,#463);
#267=LINE('',#2091,#464);
#268=LINE('',#2093,#465);
#269=LINE('',#2094,#466);
#270=LINE('',#2097,#467);
#271=LINE('',#2099,#468);
#272=LINE('',#2100,#469);
#273=LINE('',#2103,#470);
#274=LINE('',#2104,#471);
#275=LINE('',#2107,#472);
#276=LINE('',#2108,#473);
#277=LINE('',#2110,#474);
#278=LINE('',#2114,#475);
#279=LINE('',#2116,#476);
#280=LINE('',#2118,#477);
#281=LINE('',#2119,#478);
#282=LINE('',#2122,#479);
#283=LINE('',#2124,#480);
#284=LINE('',#2125,#481);
#285=LINE('',#2128,#482);
#286=LINE('',#2130,#483);
#287=LINE('',#2131,#484);
#288=LINE('',#2133,#485);
#289=LINE('',#2134,#486);
#290=LINE('',#2139,#487);
#291=LINE('',#2141,#488);
#292=LINE('',#2143,#489);
#293=LINE('',#2144,#490);
#294=LINE('',#2148,#491);
#295=LINE('',#2150,#492);
#296=LINE('',#2152,#493);
#297=LINE('',#2153,#494);
#298=LINE('',#2157,#495);
#299=LINE('',#2159,#496);
#300=LINE('',#2160,#497);
#301=LINE('',#2161,#498);
#302=LINE('',#2163,#499);
#303=LINE('',#2164,#500);
#304=LINE('',#2167,#501);
#305=LINE('',#2169,#502);
#306=LINE('',#2170,#503);
#307=LINE('',#2173,#504);
#308=LINE('',#2175,#505);
#309=LINE('',#2176,#506);
#310=LINE('',#2177,#507);
#311=LINE('',#2178,#508);
#312=LINE('',#2180,#509);
#313=LINE('',#2181,#510);
#314=LINE('',#2186,#511);
#315=LINE('',#2187,#512);
#316=LINE('',#2188,#513);
#317=LINE('',#2191,#514);
#318=LINE('',#2192,#515);
#319=LINE('',#2195,#516);
#320=LINE('',#2196,#517);
#321=LINE('',#2198,#518);
#322=LINE('',#2202,#519);
#323=LINE('',#2204,#520);
#324=LINE('',#2206,#521);
#325=LINE('',#2207,#522);
#326=LINE('',#2210,#523);
#327=LINE('',#2212,#524);
#328=LINE('',#2213,#525);
#329=LINE('',#2216,#526);
#330=LINE('',#2218,#527);
#331=LINE('',#2219,#528);
#332=LINE('',#2221,#529);
#333=LINE('',#2222,#530);
#334=LINE('',#2226,#531);
#335=LINE('',#2228,#532);
#336=LINE('',#2230,#533);
#337=LINE('',#2232,#534);
#338=LINE('',#2234,#535);
#339=LINE('',#2236,#536);
#340=LINE('',#2238,#537);
#341=LINE('',#2240,#538);
#342=LINE('',#2242,#539);
#343=LINE('',#2244,#540);
#344=LINE('',#2246,#541);
#345=LINE('',#2248,#542);
#346=LINE('',#2250,#543);
#347=LINE('',#2252,#544);
#348=LINE('',#2254,#545);
#349=LINE('',#2256,#546);
#350=LINE('',#2257,#547);
#351=LINE('',#2259,#548);
#352=LINE('',#2261,#549);
#353=LINE('',#2263,#550);
#354=LINE('',#2265,#551);
#355=LINE('',#2266,#552);
#356=LINE('',#2267,#553);
#357=LINE('',#2269,#554);
#358=LINE('',#2271,#555);
#359=LINE('',#2272,#556);
#360=LINE('',#2275,#557);
#361=LINE('',#2277,#558);
#362=LINE('',#2278,#559);
#363=LINE('',#2280,#560);
#364=LINE('',#2282,#561);
#365=LINE('',#2285,#562);
#366=LINE('',#2287,#563);
#367=LINE('',#2288,#564);
#368=LINE('',#2292,#565);
#369=LINE('',#2294,#566);
#370=LINE('',#2295,#567);
#371=LINE('',#2297,#568);
#372=LINE('',#2298,#569);
#373=LINE('',#2300,#570);
#374=LINE('',#2308,#571);
#375=LINE('',#2314,#572);
#376=LINE('',#2320,#573);
#377=LINE('',#2326,#574);
#378=LINE('',#2331,#575);
#379=LINE('',#2333,#576);
#380=LINE('',#2335,#577);
#381=LINE('',#2336,#578);
#382=LINE('',#2339,#579);
#383=LINE('',#2341,#580);
#384=LINE('',#2342,#581);
#385=LINE('',#2345,#582);
#386=LINE('',#2347,#583);
#387=LINE('',#2349,#584);
#388=LINE('',#2351,#585);
#389=LINE('',#2353,#586);
#390=LINE('',#2355,#587);
#391=LINE('',#2356,#588);
#392=LINE('',#2363,#589);
#393=LINE('',#2365,#590);
#394=LINE('',#2366,#591);
#395=LINE('',#2369,#592);
#396=LINE('',#2371,#593);
#397=LINE('',#2372,#594);
#398=LINE('',#2374,#595);
#399=LINE('',#2375,#596);
#400=LINE('',#2377,#597);
#401=LINE('',#2378,#598);
#402=LINE('',#2381,#599);
#403=LINE('',#2383,#600);
#404=LINE('',#2385,#601);
#405=LINE('',#2386,#602);
#406=LINE('',#2388,#603);
#407=LINE('',#2391,#604);
#408=LINE('',#2394,#605);
#409=LINE('',#2399,#606);
#410=LINE('',#2400,#607);
#411=LINE('',#2401,#608);
#412=LINE('',#2404,#609);
#413=LINE('',#2405,#610);
#414=LINE('',#2408,#611);
#415=LINE('',#2409,#612);
#416=LINE('',#2411,#613);
#417=LINE('',#2414,#614);
#418=LINE('',#2419,#615);
#419=LINE('',#2420,#616);
#420=LINE('',#2421,#617);
#421=LINE('',#2424,#618);
#422=LINE('',#2425,#619);
#423=LINE('',#2428,#620);
#424=LINE('',#2429,#621);
#425=LINE('',#2432,#622);
#426=LINE('',#2433,#623);
#427=LINE('',#2435,#624);
#428=VECTOR('',#1642,10.);
#429=VECTOR('',#1643,10.);
#430=VECTOR('',#1644,10.);
#431=VECTOR('',#1645,10.);
#432=VECTOR('',#1648,10.);
#433=VECTOR('',#1649,10.);
#434=VECTOR('',#1650,10.);
#435=VECTOR('',#1651,10.);
#436=VECTOR('',#1654,10.);
#437=VECTOR('',#1655,10.);
#438=VECTOR('',#1656,10.);
#439=VECTOR('',#1659,10.);
#440=VECTOR('',#1660,10.);
#441=VECTOR('',#1661,10.);
#442=VECTOR('',#1664,10.);
#443=VECTOR('',#1665,10.);
#444=VECTOR('',#1666,10.);
#445=VECTOR('',#1667,10.);
#446=VECTOR('',#1668,10.);
#447=VECTOR('',#1669,10.);
#448=VECTOR('',#1672,10.);
#449=VECTOR('',#1673,10.);
#450=VECTOR('',#1674,10.);
#451=VECTOR('',#1677,10.);
#452=VECTOR('',#1678,10.);
#453=VECTOR('',#1681,10.);
#454=VECTOR('',#1682,10.);
#455=VECTOR('',#1683,10.);
#456=VECTOR('',#1686,10.);
#457=VECTOR('',#1687,10.);
#458=VECTOR('',#1688,10.);
#459=VECTOR('',#1691,10.);
#460=VECTOR('',#1692,10.);
#461=VECTOR('',#1693,10.);
#462=VECTOR('',#1694,10.);
#463=VECTOR('',#1695,10.);
#464=VECTOR('',#1696,10.);
#465=VECTOR('',#1697,10.);
#466=VECTOR('',#1698,10.);
#467=VECTOR('',#1701,10.);
#468=VECTOR('',#1702,10.);
#469=VECTOR('',#1703,10.);
#470=VECTOR('',#1706,10.);
#471=VECTOR('',#1707,10.);
#472=VECTOR('',#1710,10.);
#473=VECTOR('',#1711,10.);
#474=VECTOR('',#1714,10.);
#475=VECTOR('',#1717,10.);
#476=VECTOR('',#1718,10.);
#477=VECTOR('',#1719,10.);
#478=VECTOR('',#1720,10.);
#479=VECTOR('',#1723,10.);
#480=VECTOR('',#1724,10.);
#481=VECTOR('',#1725,10.);
#482=VECTOR('',#1728,10.);
#483=VECTOR('',#1729,10.);
#484=VECTOR('',#1730,10.);
#485=VECTOR('',#1733,10.);
#486=VECTOR('',#1734,10.);
#487=VECTOR('',#1739,10.);
#488=VECTOR('',#1740,10.);
#489=VECTOR('',#1741,10.);
#490=VECTOR('',#1742,10.);
#491=VECTOR('',#1745,10.);
#492=VECTOR('',#1746,10.);
#493=VECTOR('',#1747,10.);
#494=VECTOR('',#1748,10.);
#495=VECTOR('',#1751,10.);
#496=VECTOR('',#1752,10.);
#497=VECTOR('',#1753,10.);
#498=VECTOR('',#1754,10.);
#499=VECTOR('',#1755,10.);
#500=VECTOR('',#1756,10.);
#501=VECTOR('',#1759,10.);
#502=VECTOR('',#1760,10.);
#503=VECTOR('',#1761,10.);
#504=VECTOR('',#1764,10.);
#505=VECTOR('',#1765,10.);
#506=VECTOR('',#1766,10.);
#507=VECTOR('',#1767,10.);
#508=VECTOR('',#1768,10.);
#509=VECTOR('',#1771,10.);
#510=VECTOR('',#1772,10.);
#511=VECTOR('',#1777,10.);
#512=VECTOR('',#1778,10.);
#513=VECTOR('',#1779,10.);
#514=VECTOR('',#1782,10.);
#515=VECTOR('',#1783,10.);
#516=VECTOR('',#1786,10.);
#517=VECTOR('',#1787,10.);
#518=VECTOR('',#1790,10.);
#519=VECTOR('',#1793,10.);
#520=VECTOR('',#1794,10.);
#521=VECTOR('',#1795,10.);
#522=VECTOR('',#1796,10.);
#523=VECTOR('',#1799,10.);
#524=VECTOR('',#1800,10.);
#525=VECTOR('',#1801,10.);
#526=VECTOR('',#1804,10.);
#527=VECTOR('',#1805,10.);
#528=VECTOR('',#1806,10.);
#529=VECTOR('',#1809,10.);
#530=VECTOR('',#1810,10.);
#531=VECTOR('',#1813,10.);
#532=VECTOR('',#1814,10.);
#533=VECTOR('',#1815,10.);
#534=VECTOR('',#1816,10.);
#535=VECTOR('',#1817,10.);
#536=VECTOR('',#1818,10.);
#537=VECTOR('',#1819,10.);
#538=VECTOR('',#1820,10.);
#539=VECTOR('',#1821,10.);
#540=VECTOR('',#1822,10.);
#541=VECTOR('',#1823,10.);
#542=VECTOR('',#1824,10.);
#543=VECTOR('',#1825,10.);
#544=VECTOR('',#1826,10.);
#545=VECTOR('',#1827,10.);
#546=VECTOR('',#1828,10.);
#547=VECTOR('',#1829,10.);
#548=VECTOR('',#1830,10.);
#549=VECTOR('',#1831,10.);
#550=VECTOR('',#1832,10.);
#551=VECTOR('',#1833,10.);
#552=VECTOR('',#1834,10.);
#553=VECTOR('',#1835,10.);
#554=VECTOR('',#1836,10.);
#555=VECTOR('',#1837,10.);
#556=VECTOR('',#1838,10.);
#557=VECTOR('',#1841,10.);
#558=VECTOR('',#1842,10.);
#559=VECTOR('',#1843,10.);
#560=VECTOR('',#1846,10.);
#561=VECTOR('',#1849,10.);
#562=VECTOR('',#1852,10.);
#563=VECTOR('',#1853,10.);
#564=VECTOR('',#1854,10.);
#565=VECTOR('',#1859,10.);
#566=VECTOR('',#1860,10.);
#567=VECTOR('',#1861,10.);
#568=VECTOR('',#1864,10.);
#569=VECTOR('',#1865,10.);
#570=VECTOR('',#1868,10.);
#571=VECTOR('',#1879,0.925);
#572=VECTOR('',#1886,0.925);
#573=VECTOR('',#1893,0.925);
#574=VECTOR('',#1900,0.925);
#575=VECTOR('',#1905,10.);
#576=VECTOR('',#1906,10.);
#577=VECTOR('',#1907,10.);
#578=VECTOR('',#1908,10.);
#579=VECTOR('',#1911,10.);
#580=VECTOR('',#1912,10.);
#581=VECTOR('',#1913,10.);
#582=VECTOR('',#1916,10.);
#583=VECTOR('',#1917,10.);
#584=VECTOR('',#1918,10.);
#585=VECTOR('',#1919,10.);
#586=VECTOR('',#1920,10.);
#587=VECTOR('',#1921,10.);
#588=VECTOR('',#1922,10.);
#589=VECTOR('',#1929,10.);
#590=VECTOR('',#1930,10.);
#591=VECTOR('',#1931,10.);
#592=VECTOR('',#1934,10.);
#593=VECTOR('',#1935,10.);
#594=VECTOR('',#1936,10.);
#595=VECTOR('',#1939,10.);
#596=VECTOR('',#1940,10.);
#597=VECTOR('',#1943,10.);
#598=VECTOR('',#1944,10.);
#599=VECTOR('',#1949,10.);
#600=VECTOR('',#1952,10.);
#601=VECTOR('',#1955,10.);
#602=VECTOR('',#1956,10.);
#603=VECTOR('',#1959,10.);
#604=VECTOR('',#1964,10.);
#605=VECTOR('',#1967,2.875);
#606=VECTOR('',#1972,10.);
#607=VECTOR('',#1973,10.);
#608=VECTOR('',#1974,10.);
#609=VECTOR('',#1977,10.);
#610=VECTOR('',#1978,10.);
#611=VECTOR('',#1981,10.);
#612=VECTOR('',#1982,10.);
#613=VECTOR('',#1985,10.);
#614=VECTOR('',#1988,2.875);
#615=VECTOR('',#1993,10.);
#616=VECTOR('',#1994,10.);
#617=VECTOR('',#1995,10.);
#618=VECTOR('',#1998,10.);
#619=VECTOR('',#1999,10.);
#620=VECTOR('',#2002,10.);
#621=VECTOR('',#2003,10.);
#622=VECTOR('',#2006,10.);
#623=VECTOR('',#2007,10.);
#624=VECTOR('',#2010,10.);
#625=VERTEX_POINT('',#2015);
#626=VERTEX_POINT('',#2016);
#627=VERTEX_POINT('',#2018);
#628=VERTEX_POINT('',#2020);
#629=VERTEX_POINT('',#2024);
#630=VERTEX_POINT('',#2025);
#631=VERTEX_POINT('',#2027);
#632=VERTEX_POINT('',#2029);
#633=VERTEX_POINT('',#2033);
#634=VERTEX_POINT('',#2035);
#635=VERTEX_POINT('',#2039);
#636=VERTEX_POINT('',#2041);
#637=VERTEX_POINT('',#2045);
#638=VERTEX_POINT('',#2047);
#639=VERTEX_POINT('',#2049);
#640=VERTEX_POINT('',#2051);
#641=VERTEX_POINT('',#2053);
#642=VERTEX_POINT('',#2057);
#643=VERTEX_POINT('',#2059);
#644=VERTEX_POINT('',#2063);
#645=VERTEX_POINT('',#2067);
#646=VERTEX_POINT('',#2069);
#647=VERTEX_POINT('',#2073);
#648=VERTEX_POINT('',#2075);
#649=VERTEX_POINT('',#2079);
#650=VERTEX_POINT('',#2080);
#651=VERTEX_POINT('',#2082);
#652=VERTEX_POINT('',#2084);
#653=VERTEX_POINT('',#2087);
#654=VERTEX_POINT('',#2088);
#655=VERTEX_POINT('',#2090);
#656=VERTEX_POINT('',#2092);
#657=VERTEX_POINT('',#2096);
#658=VERTEX_POINT('',#2098);
#659=VERTEX_POINT('',#2102);
#660=VERTEX_POINT('',#2106);
#661=VERTEX_POINT('',#2112);
#662=VERTEX_POINT('',#2113);
#663=VERTEX_POINT('',#2115);
#664=VERTEX_POINT('',#2117);
#665=VERTEX_POINT('',#2121);
#666=VERTEX_POINT('',#2123);
#667=VERTEX_POINT('',#2127);
#668=VERTEX_POINT('',#2129);
#669=VERTEX_POINT('',#2137);
#670=VERTEX_POINT('',#2138);
#671=VERTEX_POINT('',#2140);
#672=VERTEX_POINT('',#2142);
#673=VERTEX_POINT('',#2146);
#674=VERTEX_POINT('',#2147);
#675=VERTEX_POINT('',#2149);
#676=VERTEX_POINT('',#2151);
#677=VERTEX_POINT('',#2155);
#678=VERTEX_POINT('',#2156);
#679=VERTEX_POINT('',#2158);
#680=VERTEX_POINT('',#2162);
#681=VERTEX_POINT('',#2166);
#682=VERTEX_POINT('',#2168);
#683=VERTEX_POINT('',#2172);
#684=VERTEX_POINT('',#2174);
#685=VERTEX_POINT('',#2184);
#686=VERTEX_POINT('',#2185);
#687=VERTEX_POINT('',#2190);
#688=VERTEX_POINT('',#2194);
#689=VERTEX_POINT('',#2200);
#690=VERTEX_POINT('',#2201);
#691=VERTEX_POINT('',#2203);
#692=VERTEX_POINT('',#2205);
#693=VERTEX_POINT('',#2209);
#694=VERTEX_POINT('',#2211);
#695=VERTEX_POINT('',#2215);
#696=VERTEX_POINT('',#2217);
#697=VERTEX_POINT('',#2224);
#698=VERTEX_POINT('',#2225);
#699=VERTEX_POINT('',#2227);
#700=VERTEX_POINT('',#2229);
#701=VERTEX_POINT('',#2231);
#702=VERTEX_POINT('',#2233);
#703=VERTEX_POINT('',#2235);
#704=VERTEX_POINT('',#2237);
#705=VERTEX_POINT('',#2239);
#706=VERTEX_POINT('',#2241);
#707=VERTEX_POINT('',#2243);
#708=VERTEX_POINT('',#2245);
#709=VERTEX_POINT('',#2247);
#710=VERTEX_POINT('',#2249);
#711=VERTEX_POINT('',#2251);
#712=VERTEX_POINT('',#2253);
#713=VERTEX_POINT('',#2255);
#714=VERTEX_POINT('',#2258);
#715=VERTEX_POINT('',#2260);
#716=VERTEX_POINT('',#2262);
#717=VERTEX_POINT('',#2264);
#718=VERTEX_POINT('',#2268);
#719=VERTEX_POINT('',#2270);
#720=VERTEX_POINT('',#2274);
#721=VERTEX_POINT('',#2276);
#722=VERTEX_POINT('',#2284);
#723=VERTEX_POINT('',#2286);
#724=VERTEX_POINT('',#2291);
#725=VERTEX_POINT('',#2293);
#726=VERTEX_POINT('',#2305);
#727=VERTEX_POINT('',#2307);
#728=VERTEX_POINT('',#2311);
#729=VERTEX_POINT('',#2313);
#730=VERTEX_POINT('',#2317);
#731=VERTEX_POINT('',#2319);
#732=VERTEX_POINT('',#2323);
#733=VERTEX_POINT('',#2325);
#734=VERTEX_POINT('',#2329);
#735=VERTEX_POINT('',#2330);
#736=VERTEX_POINT('',#2332);
#737=VERTEX_POINT('',#2334);
#738=VERTEX_POINT('',#2338);
#739=VERTEX_POINT('',#2340);
#740=VERTEX_POINT('',#2344);
#741=VERTEX_POINT('',#2346);
#742=VERTEX_POINT('',#2348);
#743=VERTEX_POINT('',#2350);
#744=VERTEX_POINT('',#2352);
#745=VERTEX_POINT('',#2354);
#746=VERTEX_POINT('',#2357);
#747=VERTEX_POINT('',#2359);
#748=VERTEX_POINT('',#2362);
#749=VERTEX_POINT('',#2364);
#750=VERTEX_POINT('',#2368);
#751=VERTEX_POINT('',#2370);
#752=VERTEX_POINT('',#2393);
#753=VERTEX_POINT('',#2397);
#754=VERTEX_POINT('',#2398);
#755=VERTEX_POINT('',#2403);
#756=VERTEX_POINT('',#2407);
#757=VERTEX_POINT('',#2413);
#758=VERTEX_POINT('',#2417);
#759=VERTEX_POINT('',#2418);
#760=VERTEX_POINT('',#2423);
#761=VERTEX_POINT('',#2427);
#762=VERTEX_POINT('',#2431);
#763=EDGE_CURVE('',#625,#626,#231,.T.);
#764=EDGE_CURVE('',#627,#625,#232,.T.);
#765=EDGE_CURVE('',#628,#627,#233,.T.);
#766=EDGE_CURVE('',#626,#628,#234,.T.);
#767=EDGE_CURVE('',#629,#630,#235,.T.);
#768=EDGE_CURVE('',#631,#629,#236,.T.);
#769=EDGE_CURVE('',#632,#631,#237,.T.);
#770=EDGE_CURVE('',#630,#632,#238,.T.);
#771=EDGE_CURVE('',#630,#633,#239,.T.);
#772=EDGE_CURVE('',#633,#634,#240,.T.);
#773=EDGE_CURVE('',#634,#629,#241,.T.);
#774=EDGE_CURVE('',#626,#635,#242,.T.);
#775=EDGE_CURVE('',#635,#636,#243,.T.);
#776=EDGE_CURVE('',#636,#625,#244,.T.);
#777=EDGE_CURVE('',#637,#632,#245,.T.);
#778=EDGE_CURVE('',#638,#637,#246,.T.);
#779=EDGE_CURVE('',#639,#638,#247,.T.);
#780=EDGE_CURVE('',#640,#639,#248,.T.);
#781=EDGE_CURVE('',#640,#641,#249,.T.);
#782=EDGE_CURVE('',#633,#641,#250,.T.);
#783=EDGE_CURVE('',#627,#642,#251,.T.);
#784=EDGE_CURVE('',#642,#643,#252,.T.);
#785=EDGE_CURVE('',#643,#628,#253,.T.);
#786=EDGE_CURVE('',#631,#644,#254,.T.);
#787=EDGE_CURVE('',#644,#637,#255,.T.);
#788=EDGE_CURVE('',#634,#645,#256,.T.);
#789=EDGE_CURVE('',#646,#645,#257,.T.);
#790=EDGE_CURVE('',#646,#644,#258,.T.);
#791=EDGE_CURVE('',#643,#647,#259,.T.);
#792=EDGE_CURVE('',#648,#647,#260,.T.);
#793=EDGE_CURVE('',#635,#648,#261,.T.);
#794=EDGE_CURVE('',#649,#650,#262,.T.);
#795=EDGE_CURVE('',#650,#651,#263,.T.);
#796=EDGE_CURVE('',#651,#652,#264,.T.);
#797=EDGE_CURVE('',#652,#649,#265,.T.);
#798=EDGE_CURVE('',#653,#654,#266,.T.);
#799=EDGE_CURVE('',#655,#653,#267,.T.);
#800=EDGE_CURVE('',#656,#655,#268,.T.);
#801=EDGE_CURVE('',#654,#656,#269,.T.);
#802=EDGE_CURVE('',#653,#657,#270,.T.);
#803=EDGE_CURVE('',#658,#657,#271,.T.);
#804=EDGE_CURVE('',#655,#658,#272,.T.);
#805=EDGE_CURVE('',#659,#658,#273,.T.);
#806=EDGE_CURVE('',#656,#659,#274,.T.);
#807=EDGE_CURVE('',#660,#659,#275,.T.);
#808=EDGE_CURVE('',#654,#660,#276,.T.);
#809=EDGE_CURVE('',#657,#660,#277,.T.);
#810=EDGE_CURVE('',#661,#662,#278,.T.);
#811=EDGE_CURVE('',#661,#663,#279,.T.);
#812=EDGE_CURVE('',#664,#663,#280,.T.);
#813=EDGE_CURVE('',#662,#664,#281,.T.);
#814=EDGE_CURVE('',#662,#665,#282,.T.);
#815=EDGE_CURVE('',#666,#664,#283,.T.);
#816=EDGE_CURVE('',#665,#666,#284,.T.);
#817=EDGE_CURVE('',#665,#667,#285,.T.);
#818=EDGE_CURVE('',#668,#666,#286,.T.);
#819=EDGE_CURVE('',#667,#668,#287,.T.);
#820=EDGE_CURVE('',#667,#661,#288,.T.);
#821=EDGE_CURVE('',#663,#668,#289,.T.);
#822=EDGE_CURVE('',#669,#670,#290,.T.);
#823=EDGE_CURVE('',#671,#669,#291,.T.);
#824=EDGE_CURVE('',#672,#671,#292,.T.);
#825=EDGE_CURVE('',#672,#670,#293,.T.);
#826=EDGE_CURVE('',#673,#674,#294,.T.);
#827=EDGE_CURVE('',#675,#673,#295,.T.);
#828=EDGE_CURVE('',#676,#675,#296,.T.);
#829=EDGE_CURVE('',#676,#674,#297,.T.);
#830=EDGE_CURVE('',#677,#678,#298,.T.);
#831=EDGE_CURVE('',#677,#679,#299,.T.);
#832=EDGE_CURVE('',#670,#679,#300,.T.);
#833=EDGE_CURVE('',#672,#675,#301,.T.);
#834=EDGE_CURVE('',#680,#673,#302,.T.);
#835=EDGE_CURVE('',#678,#680,#303,.T.);
#836=EDGE_CURVE('',#681,#677,#304,.T.);
#837=EDGE_CURVE('',#681,#682,#305,.T.);
#838=EDGE_CURVE('',#679,#682,#306,.T.);
#839=EDGE_CURVE('',#683,#681,#307,.T.);
#840=EDGE_CURVE('',#683,#684,#308,.T.);
#841=EDGE_CURVE('',#674,#684,#309,.T.);
#842=EDGE_CURVE('',#676,#671,#310,.T.);
#843=EDGE_CURVE('',#682,#669,#311,.T.);
#844=EDGE_CURVE('',#678,#683,#312,.T.);
#845=EDGE_CURVE('',#684,#680,#313,.T.);
#846=EDGE_CURVE('',#685,#686,#314,.T.);
#847=EDGE_CURVE('',#685,#650,#315,.T.);
#848=EDGE_CURVE('',#686,#649,#316,.T.);
#849=EDGE_CURVE('',#687,#685,#317,.T.);
#850=EDGE_CURVE('',#687,#651,#318,.T.);
#851=EDGE_CURVE('',#688,#687,#319,.T.);
#852=EDGE_CURVE('',#688,#652,#320,.T.);
#853=EDGE_CURVE('',#686,#688,#321,.T.);
#854=EDGE_CURVE('',#689,#690,#322,.T.);
#855=EDGE_CURVE('',#689,#691,#323,.T.);
#856=EDGE_CURVE('',#692,#691,#324,.T.);
#857=EDGE_CURVE('',#690,#692,#325,.T.);
#858=EDGE_CURVE('',#693,#689,#326,.T.);
#859=EDGE_CURVE('',#693,#694,#327,.T.);
#860=EDGE_CURVE('',#691,#694,#328,.T.);
#861=EDGE_CURVE('',#695,#693,#329,.T.);
#862=EDGE_CURVE('',#695,#696,#330,.T.);
#863=EDGE_CURVE('',#694,#696,#331,.T.);
#864=EDGE_CURVE('',#690,#695,#332,.T.);
#865=EDGE_CURVE('',#696,#692,#333,.T.);
#866=EDGE_CURVE('',#697,#698,#334,.T.);
#867=EDGE_CURVE('',#698,#699,#335,.T.);
#868=EDGE_CURVE('',#699,#700,#336,.T.);
#869=EDGE_CURVE('',#701,#700,#337,.T.);
#870=EDGE_CURVE('',#702,#701,#338,.T.);
#871=EDGE_CURVE('',#702,#703,#339,.T.);
#872=EDGE_CURVE('',#704,#703,#340,.T.);
#873=EDGE_CURVE('',#705,#704,#341,.T.);
#874=EDGE_CURVE('',#706,#705,#342,.T.);
#875=EDGE_CURVE('',#706,#707,#343,.T.);
#876=EDGE_CURVE('',#708,#707,#344,.T.);
#877=EDGE_CURVE('',#709,#708,#345,.T.);
#878=EDGE_CURVE('',#710,#709,#346,.T.);
#879=EDGE_CURVE('',#711,#710,#347,.T.);
#880=EDGE_CURVE('',#711,#712,#348,.T.);
#881=EDGE_CURVE('',#712,#713,#349,.T.);
#882=EDGE_CURVE('',#697,#713,#350,.T.);
#883=EDGE_CURVE('',#714,#648,#351,.T.);
#884=EDGE_CURVE('',#647,#715,#352,.T.);
#885=EDGE_CURVE('',#715,#716,#353,.T.);
#886=EDGE_CURVE('',#716,#717,#354,.T.);
#887=EDGE_CURVE('',#717,#714,#355,.T.);
#888=EDGE_CURVE('',#638,#646,#356,.T.);
#889=EDGE_CURVE('',#645,#718,#357,.T.);
#890=EDGE_CURVE('',#718,#719,#358,.T.);
#891=EDGE_CURVE('',#719,#639,#359,.T.);
#892=EDGE_CURVE('',#718,#720,#360,.T.);
#893=EDGE_CURVE('',#720,#721,#361,.T.);
#894=EDGE_CURVE('',#721,#719,#362,.T.);
#895=EDGE_CURVE('',#720,#641,#363,.T.);
#896=EDGE_CURVE('',#721,#640,#364,.T.);
#897=EDGE_CURVE('',#722,#714,#365,.T.);
#898=EDGE_CURVE('',#723,#722,#366,.T.);
#899=EDGE_CURVE('',#636,#723,#367,.T.);
#900=EDGE_CURVE('',#724,#722,#368,.T.);
#901=EDGE_CURVE('',#725,#724,#369,.T.);
#902=EDGE_CURVE('',#723,#725,#370,.T.);
#903=EDGE_CURVE('',#725,#716,#371,.T.);
#904=EDGE_CURVE('',#715,#642,#372,.T.);
#905=EDGE_CURVE('',#717,#724,#373,.T.);
#906=EDGE_CURVE('',#726,#726,#15,.T.);
#907=EDGE_CURVE('',#726,#727,#374,.T.);
#908=EDGE_CURVE('',#727,#727,#16,.T.);
#909=EDGE_CURVE('',#728,#728,#17,.T.);
#910=EDGE_CURVE('',#728,#729,#375,.T.);
#911=EDGE_CURVE('',#729,#729,#18,.T.);
#912=EDGE_CURVE('',#730,#730,#19,.T.);
#913=EDGE_CURVE('',#730,#731,#376,.T.);
#914=EDGE_CURVE('',#731,#731,#20,.T.);
#915=EDGE_CURVE('',#732,#732,#21,.T.);
#916=EDGE_CURVE('',#732,#733,#377,.T.);
#917=EDGE_CURVE('',#733,#733,#22,.T.);
#918=EDGE_CURVE('',#734,#735,#378,.T.);
#919=EDGE_CURVE('',#734,#736,#379,.T.);
#920=EDGE_CURVE('',#737,#736,#380,.T.);
#921=EDGE_CURVE('',#735,#737,#381,.T.);
#922=EDGE_CURVE('',#736,#738,#382,.T.);
#923=EDGE_CURVE('',#738,#739,#383,.T.);
#924=EDGE_CURVE('',#739,#737,#384,.T.);
#925=EDGE_CURVE('',#735,#740,#385,.T.);
#926=EDGE_CURVE('',#740,#741,#386,.T.);
#927=EDGE_CURVE('',#741,#742,#387,.T.);
#928=EDGE_CURVE('',#742,#743,#388,.T.);
#929=EDGE_CURVE('',#743,#744,#389,.T.);
#930=EDGE_CURVE('',#744,#745,#390,.T.);
#931=EDGE_CURVE('',#745,#734,#391,.T.);
#932=EDGE_CURVE('',#746,#746,#23,.T.);
#933=EDGE_CURVE('',#747,#747,#24,.T.);
#934=EDGE_CURVE('',#740,#748,#392,.T.);
#935=EDGE_CURVE('',#749,#748,#393,.T.);
#936=EDGE_CURVE('',#741,#749,#394,.T.);
#937=EDGE_CURVE('',#748,#750,#395,.T.);
#938=EDGE_CURVE('',#750,#751,#396,.T.);
#939=EDGE_CURVE('',#751,#749,#397,.T.);
#940=EDGE_CURVE('',#705,#740,#398,.T.);
#941=EDGE_CURVE('',#704,#750,#399,.T.);
#942=EDGE_CURVE('',#741,#702,#400,.T.);
#943=EDGE_CURVE('',#703,#751,#401,.T.);
#944=EDGE_CURVE('',#735,#706,#402,.T.);
#945=EDGE_CURVE('',#701,#742,#403,.T.);
#946=EDGE_CURVE('',#709,#734,#404,.T.);
#947=EDGE_CURVE('',#708,#738,#405,.T.);
#948=EDGE_CURVE('',#707,#739,#406,.T.);
#949=EDGE_CURVE('',#710,#745,#407,.T.);
#950=EDGE_CURVE('',#746,#752,#408,.T.);
#951=EDGE_CURVE('',#752,#752,#25,.T.);
#952=EDGE_CURVE('',#753,#754,#409,.T.);
#953=EDGE_CURVE('',#754,#713,#410,.T.);
#954=EDGE_CURVE('',#753,#712,#411,.T.);
#955=EDGE_CURVE('',#755,#753,#412,.T.);
#956=EDGE_CURVE('',#755,#711,#413,.T.);
#957=EDGE_CURVE('',#756,#755,#414,.T.);
#958=EDGE_CURVE('',#756,#744,#415,.T.);
#959=EDGE_CURVE('',#754,#756,#416,.T.);
#960=EDGE_CURVE('',#747,#757,#417,.T.);
#961=EDGE_CURVE('',#757,#757,#26,.T.);
#962=EDGE_CURVE('',#758,#759,#418,.T.);
#963=EDGE_CURVE('',#759,#699,#419,.T.);
#964=EDGE_CURVE('',#758,#698,#420,.T.);
#965=EDGE_CURVE('',#760,#758,#421,.T.);
#966=EDGE_CURVE('',#760,#697,#422,.T.);
#967=EDGE_CURVE('',#761,#760,#423,.T.);
#968=EDGE_CURVE('',#761,#743,#424,.T.);
#969=EDGE_CURVE('',#762,#761,#425,.T.);
#970=EDGE_CURVE('',#762,#700,#426,.T.);
#971=EDGE_CURVE('',#759,#762,#427,.T.);
#972=ORIENTED_EDGE('',*,*,#763,.F.);
#973=ORIENTED_EDGE('',*,*,#764,.F.);
#974=ORIENTED_EDGE('',*,*,#765,.F.);
#975=ORIENTED_EDGE('',*,*,#766,.F.);
#976=ORIENTED_EDGE('',*,*,#767,.F.);
#977=ORIENTED_EDGE('',*,*,#768,.F.);
#978=ORIENTED_EDGE('',*,*,#769,.F.);
#979=ORIENTED_EDGE('',*,*,#770,.F.);
#980=ORIENTED_EDGE('',*,*,#767,.T.);
#981=ORIENTED_EDGE('',*,*,#771,.T.);
#982=ORIENTED_EDGE('',*,*,#772,.T.);
#983=ORIENTED_EDGE('',*,*,#773,.T.);
#984=ORIENTED_EDGE('',*,*,#763,.T.);
#985=ORIENTED_EDGE('',*,*,#774,.T.);
#986=ORIENTED_EDGE('',*,*,#775,.T.);
#987=ORIENTED_EDGE('',*,*,#776,.T.);
#988=ORIENTED_EDGE('',*,*,#770,.T.);
#989=ORIENTED_EDGE('',*,*,#777,.F.);
#990=ORIENTED_EDGE('',*,*,#778,.F.);
#991=ORIENTED_EDGE('',*,*,#779,.F.);
#992=ORIENTED_EDGE('',*,*,#780,.F.);
#993=ORIENTED_EDGE('',*,*,#781,.T.);
#994=ORIENTED_EDGE('',*,*,#782,.F.);
#995=ORIENTED_EDGE('',*,*,#771,.F.);
#996=ORIENTED_EDGE('',*,*,#765,.T.);
#997=ORIENTED_EDGE('',*,*,#783,.T.);
#998=ORIENTED_EDGE('',*,*,#784,.T.);
#999=ORIENTED_EDGE('',*,*,#785,.T.);
#1000=ORIENTED_EDGE('',*,*,#769,.T.);
#1001=ORIENTED_EDGE('',*,*,#786,.T.);
#1002=ORIENTED_EDGE('',*,*,#787,.T.);
#1003=ORIENTED_EDGE('',*,*,#777,.T.);
#1004=ORIENTED_EDGE('',*,*,#768,.T.);
#1005=ORIENTED_EDGE('',*,*,#773,.F.);
#1006=ORIENTED_EDGE('',*,*,#788,.T.);
#1007=ORIENTED_EDGE('',*,*,#789,.F.);
#1008=ORIENTED_EDGE('',*,*,#790,.T.);
#1009=ORIENTED_EDGE('',*,*,#786,.F.);
#1010=ORIENTED_EDGE('',*,*,#766,.T.);
#1011=ORIENTED_EDGE('',*,*,#785,.F.);
#1012=ORIENTED_EDGE('',*,*,#791,.T.);
#1013=ORIENTED_EDGE('',*,*,#792,.F.);
#1014=ORIENTED_EDGE('',*,*,#793,.F.);
#1015=ORIENTED_EDGE('',*,*,#774,.F.);
#1016=ORIENTED_EDGE('',*,*,#794,.T.);
#1017=ORIENTED_EDGE('',*,*,#795,.T.);
#1018=ORIENTED_EDGE('',*,*,#796,.T.);
#1019=ORIENTED_EDGE('',*,*,#797,.T.);
#1020=ORIENTED_EDGE('',*,*,#798,.F.);
#1021=ORIENTED_EDGE('',*,*,#799,.F.);
#1022=ORIENTED_EDGE('',*,*,#800,.F.);
#1023=ORIENTED_EDGE('',*,*,#801,.F.);
#1024=ORIENTED_EDGE('',*,*,#799,.T.);
#1025=ORIENTED_EDGE('',*,*,#802,.T.);
#1026=ORIENTED_EDGE('',*,*,#803,.F.);
#1027=ORIENTED_EDGE('',*,*,#804,.F.);
#1028=ORIENTED_EDGE('',*,*,#800,.T.);
#1029=ORIENTED_EDGE('',*,*,#804,.T.);
#1030=ORIENTED_EDGE('',*,*,#805,.F.);
#1031=ORIENTED_EDGE('',*,*,#806,.F.);
#1032=ORIENTED_EDGE('',*,*,#801,.T.);
#1033=ORIENTED_EDGE('',*,*,#806,.T.);
#1034=ORIENTED_EDGE('',*,*,#807,.F.);
#1035=ORIENTED_EDGE('',*,*,#808,.F.);
#1036=ORIENTED_EDGE('',*,*,#798,.T.);
#1037=ORIENTED_EDGE('',*,*,#808,.T.);
#1038=ORIENTED_EDGE('',*,*,#809,.F.);
#1039=ORIENTED_EDGE('',*,*,#802,.F.);
#1040=ORIENTED_EDGE('',*,*,#810,.F.);
#1041=ORIENTED_EDGE('',*,*,#811,.T.);
#1042=ORIENTED_EDGE('',*,*,#812,.F.);
#1043=ORIENTED_EDGE('',*,*,#813,.F.);
#1044=ORIENTED_EDGE('',*,*,#814,.F.);
#1045=ORIENTED_EDGE('',*,*,#813,.T.);
#1046=ORIENTED_EDGE('',*,*,#815,.F.);
#1047=ORIENTED_EDGE('',*,*,#816,.F.);
#1048=ORIENTED_EDGE('',*,*,#817,.F.);
#1049=ORIENTED_EDGE('',*,*,#816,.T.);
#1050=ORIENTED_EDGE('',*,*,#818,.F.);
#1051=ORIENTED_EDGE('',*,*,#819,.F.);
#1052=ORIENTED_EDGE('',*,*,#820,.F.);
#1053=ORIENTED_EDGE('',*,*,#819,.T.);
#1054=ORIENTED_EDGE('',*,*,#821,.F.);
#1055=ORIENTED_EDGE('',*,*,#811,.F.);
#1056=ORIENTED_EDGE('',*,*,#821,.T.);
#1057=ORIENTED_EDGE('',*,*,#818,.T.);
#1058=ORIENTED_EDGE('',*,*,#815,.T.);
#1059=ORIENTED_EDGE('',*,*,#812,.T.);
#1060=ORIENTED_EDGE('',*,*,#809,.T.);
#1061=ORIENTED_EDGE('',*,*,#807,.T.);
#1062=ORIENTED_EDGE('',*,*,#805,.T.);
#1063=ORIENTED_EDGE('',*,*,#803,.T.);
#1064=ORIENTED_EDGE('',*,*,#822,.F.);
#1065=ORIENTED_EDGE('',*,*,#823,.F.);
#1066=ORIENTED_EDGE('',*,*,#824,.F.);
#1067=ORIENTED_EDGE('',*,*,#825,.T.);
#1068=ORIENTED_EDGE('',*,*,#826,.F.);
#1069=ORIENTED_EDGE('',*,*,#827,.F.);
#1070=ORIENTED_EDGE('',*,*,#828,.F.);
#1071=ORIENTED_EDGE('',*,*,#829,.T.);
#1072=ORIENTED_EDGE('',*,*,#830,.F.);
#1073=ORIENTED_EDGE('',*,*,#831,.T.);
#1074=ORIENTED_EDGE('',*,*,#832,.F.);
#1075=ORIENTED_EDGE('',*,*,#825,.F.);
#1076=ORIENTED_EDGE('',*,*,#833,.T.);
#1077=ORIENTED_EDGE('',*,*,#827,.T.);
#1078=ORIENTED_EDGE('',*,*,#834,.F.);
#1079=ORIENTED_EDGE('',*,*,#835,.F.);
#1080=ORIENTED_EDGE('',*,*,#836,.F.);
#1081=ORIENTED_EDGE('',*,*,#837,.T.);
#1082=ORIENTED_EDGE('',*,*,#838,.F.);
#1083=ORIENTED_EDGE('',*,*,#831,.F.);
#1084=ORIENTED_EDGE('',*,*,#839,.F.);
#1085=ORIENTED_EDGE('',*,*,#840,.T.);
#1086=ORIENTED_EDGE('',*,*,#841,.F.);
#1087=ORIENTED_EDGE('',*,*,#829,.F.);
#1088=ORIENTED_EDGE('',*,*,#842,.T.);
#1089=ORIENTED_EDGE('',*,*,#823,.T.);
#1090=ORIENTED_EDGE('',*,*,#843,.F.);
#1091=ORIENTED_EDGE('',*,*,#837,.F.);
#1092=ORIENTED_EDGE('',*,*,#844,.F.);
#1093=ORIENTED_EDGE('',*,*,#835,.T.);
#1094=ORIENTED_EDGE('',*,*,#845,.F.);
#1095=ORIENTED_EDGE('',*,*,#840,.F.);
#1096=ORIENTED_EDGE('',*,*,#824,.T.);
#1097=ORIENTED_EDGE('',*,*,#842,.F.);
#1098=ORIENTED_EDGE('',*,*,#828,.T.);
#1099=ORIENTED_EDGE('',*,*,#833,.F.);
#1100=ORIENTED_EDGE('',*,*,#846,.F.);
#1101=ORIENTED_EDGE('',*,*,#847,.T.);
#1102=ORIENTED_EDGE('',*,*,#794,.F.);
#1103=ORIENTED_EDGE('',*,*,#848,.F.);
#1104=ORIENTED_EDGE('',*,*,#849,.F.);
#1105=ORIENTED_EDGE('',*,*,#850,.T.);
#1106=ORIENTED_EDGE('',*,*,#795,.F.);
#1107=ORIENTED_EDGE('',*,*,#847,.F.);
#1108=ORIENTED_EDGE('',*,*,#851,.F.);
#1109=ORIENTED_EDGE('',*,*,#852,.T.);
#1110=ORIENTED_EDGE('',*,*,#796,.F.);
#1111=ORIENTED_EDGE('',*,*,#850,.F.);
#1112=ORIENTED_EDGE('',*,*,#853,.F.);
#1113=ORIENTED_EDGE('',*,*,#848,.T.);
#1114=ORIENTED_EDGE('',*,*,#797,.F.);
#1115=ORIENTED_EDGE('',*,*,#852,.F.);
#1116=ORIENTED_EDGE('',*,*,#854,.F.);
#1117=ORIENTED_EDGE('',*,*,#855,.T.);
#1118=ORIENTED_EDGE('',*,*,#856,.F.);
#1119=ORIENTED_EDGE('',*,*,#857,.F.);
#1120=ORIENTED_EDGE('',*,*,#858,.F.);
#1121=ORIENTED_EDGE('',*,*,#859,.T.);
#1122=ORIENTED_EDGE('',*,*,#860,.F.);
#1123=ORIENTED_EDGE('',*,*,#855,.F.);
#1124=ORIENTED_EDGE('',*,*,#861,.F.);
#1125=ORIENTED_EDGE('',*,*,#862,.T.);
#1126=ORIENTED_EDGE('',*,*,#863,.F.);
#1127=ORIENTED_EDGE('',*,*,#859,.F.);
#1128=ORIENTED_EDGE('',*,*,#864,.F.);
#1129=ORIENTED_EDGE('',*,*,#857,.T.);
#1130=ORIENTED_EDGE('',*,*,#865,.F.);
#1131=ORIENTED_EDGE('',*,*,#862,.F.);
#1132=ORIENTED_EDGE('',*,*,#866,.T.);
#1133=ORIENTED_EDGE('',*,*,#867,.T.);
#1134=ORIENTED_EDGE('',*,*,#868,.T.);
#1135=ORIENTED_EDGE('',*,*,#869,.F.);
#1136=ORIENTED_EDGE('',*,*,#870,.F.);
#1137=ORIENTED_EDGE('',*,*,#871,.T.);
#1138=ORIENTED_EDGE('',*,*,#872,.F.);
#1139=ORIENTED_EDGE('',*,*,#873,.F.);
#1140=ORIENTED_EDGE('',*,*,#874,.F.);
#1141=ORIENTED_EDGE('',*,*,#875,.T.);
#1142=ORIENTED_EDGE('',*,*,#876,.F.);
#1143=ORIENTED_EDGE('',*,*,#877,.F.);
#1144=ORIENTED_EDGE('',*,*,#878,.F.);
#1145=ORIENTED_EDGE('',*,*,#879,.F.);
#1146=ORIENTED_EDGE('',*,*,#880,.T.);
#1147=ORIENTED_EDGE('',*,*,#881,.T.);
#1148=ORIENTED_EDGE('',*,*,#882,.F.);
#1149=ORIENTED_EDGE('',*,*,#810,.T.);
#1150=ORIENTED_EDGE('',*,*,#814,.T.);
#1151=ORIENTED_EDGE('',*,*,#817,.T.);
#1152=ORIENTED_EDGE('',*,*,#820,.T.);
#1153=ORIENTED_EDGE('',*,*,#822,.T.);
#1154=ORIENTED_EDGE('',*,*,#832,.T.);
#1155=ORIENTED_EDGE('',*,*,#838,.T.);
#1156=ORIENTED_EDGE('',*,*,#843,.T.);
#1157=ORIENTED_EDGE('',*,*,#826,.T.);
#1158=ORIENTED_EDGE('',*,*,#841,.T.);
#1159=ORIENTED_EDGE('',*,*,#845,.T.);
#1160=ORIENTED_EDGE('',*,*,#834,.T.);
#1161=ORIENTED_EDGE('',*,*,#856,.T.);
#1162=ORIENTED_EDGE('',*,*,#860,.T.);
#1163=ORIENTED_EDGE('',*,*,#863,.T.);
#1164=ORIENTED_EDGE('',*,*,#865,.T.);
#1165=ORIENTED_EDGE('',*,*,#883,.T.);
#1166=ORIENTED_EDGE('',*,*,#792,.T.);
#1167=ORIENTED_EDGE('',*,*,#884,.T.);
#1168=ORIENTED_EDGE('',*,*,#885,.T.);
#1169=ORIENTED_EDGE('',*,*,#886,.T.);
#1170=ORIENTED_EDGE('',*,*,#887,.T.);
#1171=ORIENTED_EDGE('',*,*,#888,.T.);
#1172=ORIENTED_EDGE('',*,*,#789,.T.);
#1173=ORIENTED_EDGE('',*,*,#889,.T.);
#1174=ORIENTED_EDGE('',*,*,#890,.T.);
#1175=ORIENTED_EDGE('',*,*,#891,.T.);
#1176=ORIENTED_EDGE('',*,*,#779,.T.);
#1177=ORIENTED_EDGE('',*,*,#892,.T.);
#1178=ORIENTED_EDGE('',*,*,#893,.T.);
#1179=ORIENTED_EDGE('',*,*,#894,.T.);
#1180=ORIENTED_EDGE('',*,*,#890,.F.);
#1181=ORIENTED_EDGE('',*,*,#772,.F.);
#1182=ORIENTED_EDGE('',*,*,#782,.T.);
#1183=ORIENTED_EDGE('',*,*,#895,.F.);
#1184=ORIENTED_EDGE('',*,*,#892,.F.);
#1185=ORIENTED_EDGE('',*,*,#889,.F.);
#1186=ORIENTED_EDGE('',*,*,#788,.F.);
#1187=ORIENTED_EDGE('',*,*,#895,.T.);
#1188=ORIENTED_EDGE('',*,*,#781,.F.);
#1189=ORIENTED_EDGE('',*,*,#896,.F.);
#1190=ORIENTED_EDGE('',*,*,#893,.F.);
#1191=ORIENTED_EDGE('',*,*,#775,.F.);
#1192=ORIENTED_EDGE('',*,*,#793,.T.);
#1193=ORIENTED_EDGE('',*,*,#883,.F.);
#1194=ORIENTED_EDGE('',*,*,#897,.F.);
#1195=ORIENTED_EDGE('',*,*,#898,.F.);
#1196=ORIENTED_EDGE('',*,*,#899,.F.);
#1197=ORIENTED_EDGE('',*,*,#778,.T.);
#1198=ORIENTED_EDGE('',*,*,#787,.F.);
#1199=ORIENTED_EDGE('',*,*,#790,.F.);
#1200=ORIENTED_EDGE('',*,*,#888,.F.);
#1201=ORIENTED_EDGE('',*,*,#898,.T.);
#1202=ORIENTED_EDGE('',*,*,#900,.F.);
#1203=ORIENTED_EDGE('',*,*,#901,.F.);
#1204=ORIENTED_EDGE('',*,*,#902,.F.);
#1205=ORIENTED_EDGE('',*,*,#764,.T.);
#1206=ORIENTED_EDGE('',*,*,#776,.F.);
#1207=ORIENTED_EDGE('',*,*,#899,.T.);
#1208=ORIENTED_EDGE('',*,*,#902,.T.);
#1209=ORIENTED_EDGE('',*,*,#903,.T.);
#1210=ORIENTED_EDGE('',*,*,#885,.F.);
#1211=ORIENTED_EDGE('',*,*,#904,.T.);
#1212=ORIENTED_EDGE('',*,*,#783,.F.);
#1213=ORIENTED_EDGE('',*,*,#901,.T.);
#1214=ORIENTED_EDGE('',*,*,#905,.F.);
#1215=ORIENTED_EDGE('',*,*,#886,.F.);
#1216=ORIENTED_EDGE('',*,*,#903,.F.);
#1217=ORIENTED_EDGE('',*,*,#904,.F.);
#1218=ORIENTED_EDGE('',*,*,#884,.F.);
#1219=ORIENTED_EDGE('',*,*,#791,.F.);
#1220=ORIENTED_EDGE('',*,*,#784,.F.);
#1221=ORIENTED_EDGE('',*,*,#897,.T.);
#1222=ORIENTED_EDGE('',*,*,#887,.F.);
#1223=ORIENTED_EDGE('',*,*,#905,.T.);
#1224=ORIENTED_EDGE('',*,*,#900,.T.);
#1225=ORIENTED_EDGE('',*,*,#896,.T.);
#1226=ORIENTED_EDGE('',*,*,#780,.T.);
#1227=ORIENTED_EDGE('',*,*,#891,.F.);
#1228=ORIENTED_EDGE('',*,*,#894,.F.);
#1229=ORIENTED_EDGE('',*,*,#906,.F.);
#1230=ORIENTED_EDGE('',*,*,#907,.T.);
#1231=ORIENTED_EDGE('',*,*,#908,.F.);
#1232=ORIENTED_EDGE('',*,*,#907,.F.);
#1233=ORIENTED_EDGE('',*,*,#909,.F.);
#1234=ORIENTED_EDGE('',*,*,#910,.T.);
#1235=ORIENTED_EDGE('',*,*,#911,.F.);
#1236=ORIENTED_EDGE('',*,*,#910,.F.);
#1237=ORIENTED_EDGE('',*,*,#912,.F.);
#1238=ORIENTED_EDGE('',*,*,#913,.T.);
#1239=ORIENTED_EDGE('',*,*,#914,.F.);
#1240=ORIENTED_EDGE('',*,*,#913,.F.);
#1241=ORIENTED_EDGE('',*,*,#915,.F.);
#1242=ORIENTED_EDGE('',*,*,#916,.T.);
#1243=ORIENTED_EDGE('',*,*,#917,.F.);
#1244=ORIENTED_EDGE('',*,*,#916,.F.);
#1245=ORIENTED_EDGE('',*,*,#918,.F.);
#1246=ORIENTED_EDGE('',*,*,#919,.T.);
#1247=ORIENTED_EDGE('',*,*,#920,.F.);
#1248=ORIENTED_EDGE('',*,*,#921,.F.);
#1249=ORIENTED_EDGE('',*,*,#906,.T.);
#1250=ORIENTED_EDGE('',*,*,#909,.T.);
#1251=ORIENTED_EDGE('',*,*,#920,.T.);
#1252=ORIENTED_EDGE('',*,*,#922,.T.);
#1253=ORIENTED_EDGE('',*,*,#923,.T.);
#1254=ORIENTED_EDGE('',*,*,#924,.T.);
#1255=ORIENTED_EDGE('',*,*,#918,.T.);
#1256=ORIENTED_EDGE('',*,*,#925,.T.);
#1257=ORIENTED_EDGE('',*,*,#926,.T.);
#1258=ORIENTED_EDGE('',*,*,#927,.T.);
#1259=ORIENTED_EDGE('',*,*,#928,.T.);
#1260=ORIENTED_EDGE('',*,*,#929,.T.);
#1261=ORIENTED_EDGE('',*,*,#930,.T.);
#1262=ORIENTED_EDGE('',*,*,#931,.T.);
#1263=ORIENTED_EDGE('',*,*,#830,.T.);
#1264=ORIENTED_EDGE('',*,*,#844,.T.);
#1265=ORIENTED_EDGE('',*,*,#839,.T.);
#1266=ORIENTED_EDGE('',*,*,#836,.T.);
#1267=ORIENTED_EDGE('',*,*,#846,.T.);
#1268=ORIENTED_EDGE('',*,*,#853,.T.);
#1269=ORIENTED_EDGE('',*,*,#851,.T.);
#1270=ORIENTED_EDGE('',*,*,#849,.T.);
#1271=ORIENTED_EDGE('',*,*,#854,.T.);
#1272=ORIENTED_EDGE('',*,*,#864,.T.);
#1273=ORIENTED_EDGE('',*,*,#861,.T.);
#1274=ORIENTED_EDGE('',*,*,#858,.T.);
#1275=ORIENTED_EDGE('',*,*,#932,.T.);
#1276=ORIENTED_EDGE('',*,*,#933,.T.);
#1277=ORIENTED_EDGE('',*,*,#926,.F.);
#1278=ORIENTED_EDGE('',*,*,#934,.T.);
#1279=ORIENTED_EDGE('',*,*,#935,.F.);
#1280=ORIENTED_EDGE('',*,*,#936,.F.);
#1281=ORIENTED_EDGE('',*,*,#912,.T.);
#1282=ORIENTED_EDGE('',*,*,#915,.T.);
#1283=ORIENTED_EDGE('',*,*,#935,.T.);
#1284=ORIENTED_EDGE('',*,*,#937,.T.);
#1285=ORIENTED_EDGE('',*,*,#938,.T.);
#1286=ORIENTED_EDGE('',*,*,#939,.T.);
#1287=ORIENTED_EDGE('',*,*,#940,.F.);
#1288=ORIENTED_EDGE('',*,*,#873,.T.);
#1289=ORIENTED_EDGE('',*,*,#941,.T.);
#1290=ORIENTED_EDGE('',*,*,#937,.F.);
#1291=ORIENTED_EDGE('',*,*,#934,.F.);
#1292=ORIENTED_EDGE('',*,*,#942,.F.);
#1293=ORIENTED_EDGE('',*,*,#936,.T.);
#1294=ORIENTED_EDGE('',*,*,#939,.F.);
#1295=ORIENTED_EDGE('',*,*,#943,.F.);
#1296=ORIENTED_EDGE('',*,*,#871,.F.);
#1297=ORIENTED_EDGE('',*,*,#943,.T.);
#1298=ORIENTED_EDGE('',*,*,#938,.F.);
#1299=ORIENTED_EDGE('',*,*,#941,.F.);
#1300=ORIENTED_EDGE('',*,*,#872,.T.);
#1301=ORIENTED_EDGE('',*,*,#914,.T.);
#1302=ORIENTED_EDGE('',*,*,#917,.T.);
#1303=ORIENTED_EDGE('',*,*,#940,.T.);
#1304=ORIENTED_EDGE('',*,*,#925,.F.);
#1305=ORIENTED_EDGE('',*,*,#944,.T.);
#1306=ORIENTED_EDGE('',*,*,#874,.T.);
#1307=ORIENTED_EDGE('',*,*,#942,.T.);
#1308=ORIENTED_EDGE('',*,*,#870,.T.);
#1309=ORIENTED_EDGE('',*,*,#945,.T.);
#1310=ORIENTED_EDGE('',*,*,#927,.F.);
#1311=ORIENTED_EDGE('',*,*,#946,.F.);
#1312=ORIENTED_EDGE('',*,*,#877,.T.);
#1313=ORIENTED_EDGE('',*,*,#947,.T.);
#1314=ORIENTED_EDGE('',*,*,#922,.F.);
#1315=ORIENTED_EDGE('',*,*,#919,.F.);
#1316=ORIENTED_EDGE('',*,*,#944,.F.);
#1317=ORIENTED_EDGE('',*,*,#921,.T.);
#1318=ORIENTED_EDGE('',*,*,#924,.F.);
#1319=ORIENTED_EDGE('',*,*,#948,.F.);
#1320=ORIENTED_EDGE('',*,*,#875,.F.);
#1321=ORIENTED_EDGE('',*,*,#876,.T.);
#1322=ORIENTED_EDGE('',*,*,#948,.T.);
#1323=ORIENTED_EDGE('',*,*,#923,.F.);
#1324=ORIENTED_EDGE('',*,*,#947,.F.);
#1325=ORIENTED_EDGE('',*,*,#908,.T.);
#1326=ORIENTED_EDGE('',*,*,#911,.T.);
#1327=ORIENTED_EDGE('',*,*,#946,.T.);
#1328=ORIENTED_EDGE('',*,*,#931,.F.);
#1329=ORIENTED_EDGE('',*,*,#949,.F.);
#1330=ORIENTED_EDGE('',*,*,#878,.T.);
#1331=ORIENTED_EDGE('',*,*,#932,.F.);
#1332=ORIENTED_EDGE('',*,*,#950,.T.);
#1333=ORIENTED_EDGE('',*,*,#951,.T.);
#1334=ORIENTED_EDGE('',*,*,#950,.F.);
#1335=ORIENTED_EDGE('',*,*,#952,.T.);
#1336=ORIENTED_EDGE('',*,*,#953,.T.);
#1337=ORIENTED_EDGE('',*,*,#881,.F.);
#1338=ORIENTED_EDGE('',*,*,#954,.F.);
#1339=ORIENTED_EDGE('',*,*,#955,.T.);
#1340=ORIENTED_EDGE('',*,*,#954,.T.);
#1341=ORIENTED_EDGE('',*,*,#880,.F.);
#1342=ORIENTED_EDGE('',*,*,#956,.F.);
#1343=ORIENTED_EDGE('',*,*,#957,.T.);
#1344=ORIENTED_EDGE('',*,*,#956,.T.);
#1345=ORIENTED_EDGE('',*,*,#879,.T.);
#1346=ORIENTED_EDGE('',*,*,#949,.T.);
#1347=ORIENTED_EDGE('',*,*,#930,.F.);
#1348=ORIENTED_EDGE('',*,*,#958,.F.);
#1349=ORIENTED_EDGE('',*,*,#957,.F.);
#1350=ORIENTED_EDGE('',*,*,#959,.F.);
#1351=ORIENTED_EDGE('',*,*,#952,.F.);
#1352=ORIENTED_EDGE('',*,*,#955,.F.);
#1353=ORIENTED_EDGE('',*,*,#951,.F.);
#1354=ORIENTED_EDGE('',*,*,#933,.F.);
#1355=ORIENTED_EDGE('',*,*,#960,.T.);
#1356=ORIENTED_EDGE('',*,*,#961,.T.);
#1357=ORIENTED_EDGE('',*,*,#960,.F.);
#1358=ORIENTED_EDGE('',*,*,#962,.T.);
#1359=ORIENTED_EDGE('',*,*,#963,.T.);
#1360=ORIENTED_EDGE('',*,*,#867,.F.);
#1361=ORIENTED_EDGE('',*,*,#964,.F.);
#1362=ORIENTED_EDGE('',*,*,#965,.T.);
#1363=ORIENTED_EDGE('',*,*,#964,.T.);
#1364=ORIENTED_EDGE('',*,*,#866,.F.);
#1365=ORIENTED_EDGE('',*,*,#966,.F.);
#1366=ORIENTED_EDGE('',*,*,#967,.T.);
#1367=ORIENTED_EDGE('',*,*,#966,.T.);
#1368=ORIENTED_EDGE('',*,*,#882,.T.);
#1369=ORIENTED_EDGE('',*,*,#953,.F.);
#1370=ORIENTED_EDGE('',*,*,#959,.T.);
#1371=ORIENTED_EDGE('',*,*,#958,.T.);
#1372=ORIENTED_EDGE('',*,*,#929,.F.);
#1373=ORIENTED_EDGE('',*,*,#968,.F.);
#1374=ORIENTED_EDGE('',*,*,#969,.T.);
#1375=ORIENTED_EDGE('',*,*,#968,.T.);
#1376=ORIENTED_EDGE('',*,*,#928,.F.);
#1377=ORIENTED_EDGE('',*,*,#945,.F.);
#1378=ORIENTED_EDGE('',*,*,#869,.T.);
#1379=ORIENTED_EDGE('',*,*,#970,.F.);
#1380=ORIENTED_EDGE('',*,*,#971,.T.);
#1381=ORIENTED_EDGE('',*,*,#970,.T.);
#1382=ORIENTED_EDGE('',*,*,#868,.F.);
#1383=ORIENTED_EDGE('',*,*,#963,.F.);
#1384=ORIENTED_EDGE('',*,*,#971,.F.);
#1385=ORIENTED_EDGE('',*,*,#962,.F.);
#1386=ORIENTED_EDGE('',*,*,#965,.F.);
#1387=ORIENTED_EDGE('',*,*,#967,.F.);
#1388=ORIENTED_EDGE('',*,*,#969,.F.);
#1389=ORIENTED_EDGE('',*,*,#961,.F.);
#1390=PLANE('',#1550);
#1391=PLANE('',#1551);
#1392=PLANE('',#1552);
#1393=PLANE('',#1553);
#1394=PLANE('',#1554);
#1395=PLANE('',#1555);
#1396=PLANE('',#1556);
#1397=PLANE('',#1557);
#1398=PLANE('',#1558);
#1399=PLANE('',#1559);
#1400=PLANE('',#1560);
#1401=PLANE('',#1561);
#1402=PLANE('',#1562);
#1403=PLANE('',#1563);
#1404=PLANE('',#1564);
#1405=PLANE('',#1565);
#1406=PLANE('',#1566);
#1407=PLANE('',#1567);
#1408=PLANE('',#1568);
#1409=PLANE('',#1569);
#1410=PLANE('',#1570);
#1411=PLANE('',#1571);
#1412=PLANE('',#1572);
#1413=PLANE('',#1573);
#1414=PLANE('',#1574);
#1415=PLANE('',#1575);
#1416=PLANE('',#1576);
#1417=PLANE('',#1577);
#1418=PLANE('',#1578);
#1419=PLANE('',#1579);
#1420=PLANE('',#1580);
#1421=PLANE('',#1581);
#1422=PLANE('',#1582);
#1423=PLANE('',#1583);
#1424=PLANE('',#1584);
#1425=PLANE('',#1585);
#1426=PLANE('',#1586);
#1427=PLANE('',#1587);
#1428=PLANE('',#1588);
#1429=PLANE('',#1589);
#1430=PLANE('',#1590);
#1431=PLANE('',#1591);
#1432=PLANE('',#1592);
#1433=PLANE('',#1593);
#1434=PLANE('',#1594);
#1435=PLANE('',#1595);
#1436=PLANE('',#1608);
#1437=PLANE('',#1609);
#1438=PLANE('',#1610);
#1439=PLANE('',#1613);
#1440=PLANE('',#1614);
#1441=PLANE('',#1615);
#1442=PLANE('',#1616);
#1443=PLANE('',#1617);
#1444=PLANE('',#1618);
#1445=PLANE('',#1619);
#1446=PLANE('',#1620);
#1447=PLANE('',#1621);
#1448=PLANE('',#1622);
#1449=PLANE('',#1623);
#1450=PLANE('',#1626);
#1451=PLANE('',#1627);
#1452=PLANE('',#1628);
#1453=PLANE('',#1629);
#1454=PLANE('',#1632);
#1455=PLANE('',#1633);
#1456=PLANE('',#1634);
#1457=PLANE('',#1635);
#1458=PLANE('',#1636);
#1459=PLANE('',#1637);
#1460=ADVANCED_FACE('',(#56),#1390,.F.);
#1461=ADVANCED_FACE('',(#57),#1391,.F.);
#1462=ADVANCED_FACE('',(#58),#1392,.F.);
#1463=ADVANCED_FACE('',(#59),#1393,.F.);
#1464=ADVANCED_FACE('',(#60),#1394,.T.);
#1465=ADVANCED_FACE('',(#61),#1395,.T.);
#1466=ADVANCED_FACE('',(#62),#1396,.T.);
#1467=ADVANCED_FACE('',(#63),#1397,.T.);
#1468=ADVANCED_FACE('',(#64),#1398,.T.);
#1469=ADVANCED_FACE('',(#65,#33),#1399,.F.);
#1470=ADVANCED_FACE('',(#66),#1400,.T.);
#1471=ADVANCED_FACE('',(#67),#1401,.T.);
#1472=ADVANCED_FACE('',(#68),#1402,.T.);
#1473=ADVANCED_FACE('',(#69),#1403,.T.);
#1474=ADVANCED_FACE('',(#70),#1404,.T.);
#1475=ADVANCED_FACE('',(#71),#1405,.T.);
#1476=ADVANCED_FACE('',(#72),#1406,.T.);
#1477=ADVANCED_FACE('',(#73),#1407,.T.);
#1478=ADVANCED_FACE('',(#74,#34),#1408,.T.);
#1479=ADVANCED_FACE('',(#75),#1409,.F.);
#1480=ADVANCED_FACE('',(#76),#1410,.F.);
#1481=ADVANCED_FACE('',(#77),#1411,.F.);
#1482=ADVANCED_FACE('',(#78),#1412,.F.);
#1483=ADVANCED_FACE('',(#79),#1413,.F.);
#1484=ADVANCED_FACE('',(#80),#1414,.F.);
#1485=ADVANCED_FACE('',(#81),#1415,.F.);
#1486=ADVANCED_FACE('',(#82),#1416,.F.);
#1487=ADVANCED_FACE('',(#83),#1417,.F.);
#1488=ADVANCED_FACE('',(#84),#1418,.F.);
#1489=ADVANCED_FACE('',(#85),#1419,.F.);
#1490=ADVANCED_FACE('',(#86),#1420,.F.);
#1491=ADVANCED_FACE('',(#87),#1421,.F.);
#1492=ADVANCED_FACE('',(#88),#1422,.F.);
#1493=ADVANCED_FACE('',(#89),#1423,.F.);
#1494=ADVANCED_FACE('',(#90,#35,#36,#37,#38,#39,#40),#1424,.F.);
#1495=ADVANCED_FACE('',(#91),#1425,.T.);
#1496=ADVANCED_FACE('',(#92),#1426,.T.);
#1497=ADVANCED_FACE('',(#93),#1427,.F.);
#1498=ADVANCED_FACE('',(#94),#1428,.T.);
#1499=ADVANCED_FACE('',(#95),#1429,.T.);
#1500=ADVANCED_FACE('',(#96),#1430,.F.);
#1501=ADVANCED_FACE('',(#97),#1431,.T.);
#1502=ADVANCED_FACE('',(#98),#1432,.T.);
#1503=ADVANCED_FACE('',(#99),#1433,.T.);
#1504=ADVANCED_FACE('',(#100),#1434,.T.);
#1505=ADVANCED_FACE('',(#101),#1435,.T.);
#1506=ADVANCED_FACE('',(#102),#27,.F.);
#1507=ADVANCED_FACE('',(#103),#28,.F.);
#1508=ADVANCED_FACE('',(#104),#29,.F.);
#1509=ADVANCED_FACE('',(#105),#30,.F.);
#1510=ADVANCED_FACE('',(#106,#41,#42),#1436,.T.);
#1511=ADVANCED_FACE('',(#107),#1437,.T.);
#1512=ADVANCED_FACE('',(#108,#43,#44,#45,#46,#47),#1438,.T.);
#1513=ADVANCED_FACE('',(#109,#48,#49),#1439,.T.);
#1514=ADVANCED_FACE('',(#110),#1440,.T.);
#1515=ADVANCED_FACE('',(#111),#1441,.T.);
#1516=ADVANCED_FACE('',(#112),#1442,.T.);
#1517=ADVANCED_FACE('',(#113,#50,#51),#1443,.T.);
#1518=ADVANCED_FACE('',(#114),#1444,.T.);
#1519=ADVANCED_FACE('',(#115),#1445,.T.);
#1520=ADVANCED_FACE('',(#116),#1446,.T.);
#1521=ADVANCED_FACE('',(#117),#1447,.T.);
#1522=ADVANCED_FACE('',(#118,#52,#53),#1448,.T.);
#1523=ADVANCED_FACE('',(#119),#1449,.T.);
#1524=ADVANCED_FACE('',(#120),#31,.F.);
#1525=ADVANCED_FACE('',(#121),#1450,.T.);
#1526=ADVANCED_FACE('',(#122),#1451,.T.);
#1527=ADVANCED_FACE('',(#123),#1452,.T.);
#1528=ADVANCED_FACE('',(#124,#54),#1453,.F.);
#1529=ADVANCED_FACE('',(#125),#32,.F.);
#1530=ADVANCED_FACE('',(#126),#1454,.T.);
#1531=ADVANCED_FACE('',(#127),#1455,.T.);
#1532=ADVANCED_FACE('',(#128),#1456,.T.);
#1533=ADVANCED_FACE('',(#129),#1457,.T.);
#1534=ADVANCED_FACE('',(#130),#1458,.T.);
#1535=ADVANCED_FACE('',(#131,#55),#1459,.F.);
#1536=CLOSED_SHELL('',(#1460,#1461,#1462,#1463,#1464,#1465,#1466,#1467,
#1468,#1469,#1470,#1471,#1472,#1473,#1474,#1475,#1476,#1477,#1478,#1479,
#1480,#1481,#1482,#1483,#1484,#1485,#1486,#1487,#1488,#1489,#1490,#1491,
#1492,#1493,#1494,#1495,#1496,#1497,#1498,#1499,#1500,#1501,#1502,#1503,
#1504,#1505,#1506,#1507,#1508,#1509,#1510,#1511,#1512,#1513,#1514,#1515,
#1516,#1517,#1518,#1519,#1520,#1521,#1522,#1523,#1524,#1525,#1526,#1527,
#1528,#1529,#1530,#1531,#1532,#1533,#1534,#1535));
#1537=DERIVED_UNIT_ELEMENT(#1539,1.);
#1538=DERIVED_UNIT_ELEMENT(#2442,-3.);
#1539=(
MASS_UNIT()
NAMED_UNIT(*)
SI_UNIT(.KILO.,.GRAM.)
);
#1540=DERIVED_UNIT((#1537,#1538));
#1541=MEASURE_REPRESENTATION_ITEM('density measure',
POSITIVE_RATIO_MEASURE(1100.),#1540);
#1542=PROPERTY_DEFINITION_REPRESENTATION(#1547,#1544);
#1543=PROPERTY_DEFINITION_REPRESENTATION(#1548,#1545);
#1544=REPRESENTATION('material name',(#1546),#2439);
#1545=REPRESENTATION('density',(#1541),#2439);
#1546=DESCRIPTIVE_REPRESENTATION_ITEM(
'PA 12 - Nylon - PA 603-CF (with EOS P 3D Printers)',
'PA 12 - Nylon - PA 603-CF (with EOS P 3D Printers)');
#1547=PROPERTY_DEFINITION('material property','material name',#2449);
#1548=PROPERTY_DEFINITION('material property','density of part',#2449);
#1549=AXIS2_PLACEMENT_3D('',#2013,#1638,#1639);
#1550=AXIS2_PLACEMENT_3D('',#2014,#1640,#1641);
#1551=AXIS2_PLACEMENT_3D('',#2023,#1646,#1647);
#1552=AXIS2_PLACEMENT_3D('',#2032,#1652,#1653);
#1553=AXIS2_PLACEMENT_3D('',#2038,#1657,#1658);
#1554=AXIS2_PLACEMENT_3D('',#2044,#1662,#1663);
#1555=AXIS2_PLACEMENT_3D('',#2056,#1670,#1671);
#1556=AXIS2_PLACEMENT_3D('',#2062,#1675,#1676);
#1557=AXIS2_PLACEMENT_3D('',#2066,#1679,#1680);
#1558=AXIS2_PLACEMENT_3D('',#2072,#1684,#1685);
#1559=AXIS2_PLACEMENT_3D('',#2078,#1689,#1690);
#1560=AXIS2_PLACEMENT_3D('',#2095,#1699,#1700);
#1561=AXIS2_PLACEMENT_3D('',#2101,#1704,#1705);
#1562=AXIS2_PLACEMENT_3D('',#2105,#1708,#1709);
#1563=AXIS2_PLACEMENT_3D('',#2109,#1712,#1713);
#1564=AXIS2_PLACEMENT_3D('',#2111,#1715,#1716);
#1565=AXIS2_PLACEMENT_3D('',#2120,#1721,#1722);
#1566=AXIS2_PLACEMENT_3D('',#2126,#1726,#1727);
#1567=AXIS2_PLACEMENT_3D('',#2132,#1731,#1732);
#1568=AXIS2_PLACEMENT_3D('',#2135,#1735,#1736);
#1569=AXIS2_PLACEMENT_3D('',#2136,#1737,#1738);
#1570=AXIS2_PLACEMENT_3D('',#2145,#1743,#1744);
#1571=AXIS2_PLACEMENT_3D('',#2154,#1749,#1750);
#1572=AXIS2_PLACEMENT_3D('',#2165,#1757,#1758);
#1573=AXIS2_PLACEMENT_3D('',#2171,#1762,#1763);
#1574=AXIS2_PLACEMENT_3D('',#2179,#1769,#1770);
#1575=AXIS2_PLACEMENT_3D('',#2182,#1773,#1774);
#1576=AXIS2_PLACEMENT_3D('',#2183,#1775,#1776);
#1577=AXIS2_PLACEMENT_3D('',#2189,#1780,#1781);
#1578=AXIS2_PLACEMENT_3D('',#2193,#1784,#1785);
#1579=AXIS2_PLACEMENT_3D('',#2197,#1788,#1789);
#1580=AXIS2_PLACEMENT_3D('',#2199,#1791,#1792);
#1581=AXIS2_PLACEMENT_3D('',#2208,#1797,#1798);
#1582=AXIS2_PLACEMENT_3D('',#2214,#1802,#1803);
#1583=AXIS2_PLACEMENT_3D('',#2220,#1807,#1808);
#1584=AXIS2_PLACEMENT_3D('',#2223,#1811,#1812);
#1585=AXIS2_PLACEMENT_3D('',#2273,#1839,#1840);
#1586=AXIS2_PLACEMENT_3D('',#2279,#1844,#1845);
#1587=AXIS2_PLACEMENT_3D('',#2281,#1847,#1848);
#1588=AXIS2_PLACEMENT_3D('',#2283,#1850,#1851);
#1589=AXIS2_PLACEMENT_3D('',#2289,#1855,#1856);
#1590=AXIS2_PLACEMENT_3D('',#2290,#1857,#1858);
#1591=AXIS2_PLACEMENT_3D('',#2296,#1862,#1863);
#1592=AXIS2_PLACEMENT_3D('',#2299,#1866,#1867);
#1593=AXIS2_PLACEMENT_3D('',#2301,#1869,#1870);
#1594=AXIS2_PLACEMENT_3D('',#2302,#1871,#1872);
#1595=AXIS2_PLACEMENT_3D('',#2303,#1873,#1874);
#1596=AXIS2_PLACEMENT_3D('',#2304,#1875,#1876);
#1597=AXIS2_PLACEMENT_3D('',#2306,#1877,#1878);
#1598=AXIS2_PLACEMENT_3D('',#2309,#1880,#1881);
#1599=AXIS2_PLACEMENT_3D('',#2310,#1882,#1883);
#1600=AXIS2_PLACEMENT_3D('',#2312,#1884,#1885);
#1601=AXIS2_PLACEMENT_3D('',#2315,#1887,#1888);
#1602=AXIS2_PLACEMENT_3D('',#2316,#1889,#1890);
#1603=AXIS2_PLACEMENT_3D('',#2318,#1891,#1892);
#1604=AXIS2_PLACEMENT_3D('',#2321,#1894,#1895);
#1605=AXIS2_PLACEMENT_3D('',#2322,#1896,#1897);
#1606=AXIS2_PLACEMENT_3D('',#2324,#1898,#1899);
#1607=AXIS2_PLACEMENT_3D('',#2327,#1901,#1902);
#1608=AXIS2_PLACEMENT_3D('',#2328,#1903,#1904);
#1609=AXIS2_PLACEMENT_3D('',#2337,#1909,#1910);
#1610=AXIS2_PLACEMENT_3D('',#2343,#1914,#1915);
#1611=AXIS2_PLACEMENT_3D('',#2358,#1923,#1924);
#1612=AXIS2_PLACEMENT_3D('',#2360,#1925,#1926);
#1613=AXIS2_PLACEMENT_3D('',#2361,#1927,#1928);
#1614=AXIS2_PLACEMENT_3D('',#2367,#1932,#1933);
#1615=AXIS2_PLACEMENT_3D('',#2373,#1937,#1938);
#1616=AXIS2_PLACEMENT_3D('',#2376,#1941,#1942);
#1617=AXIS2_PLACEMENT_3D('',#2379,#1945,#1946);
#1618=AXIS2_PLACEMENT_3D('',#2380,#1947,#1948);
#1619=AXIS2_PLACEMENT_3D('',#2382,#1950,#1951);
#1620=AXIS2_PLACEMENT_3D('',#2384,#1953,#1954);
#1621=AXIS2_PLACEMENT_3D('',#2387,#1957,#1958);
#1622=AXIS2_PLACEMENT_3D('',#2389,#1960,#1961);
#1623=AXIS2_PLACEMENT_3D('',#2390,#1962,#1963);
#1624=AXIS2_PLACEMENT_3D('',#2392,#1965,#1966);
#1625=AXIS2_PLACEMENT_3D('',#2395,#1968,#1969);
#1626=AXIS2_PLACEMENT_3D('',#2396,#1970,#1971);
#1627=AXIS2_PLACEMENT_3D('',#2402,#1975,#1976);
#1628=AXIS2_PLACEMENT_3D('',#2406,#1979,#1980);
#1629=AXIS2_PLACEMENT_3D('',#2410,#1983,#1984);
#1630=AXIS2_PLACEMENT_3D('',#2412,#1986,#1987);
#1631=AXIS2_PLACEMENT_3D('',#2415,#1989,#1990);
#1632=AXIS2_PLACEMENT_3D('',#2416,#1991,#1992);
#1633=AXIS2_PLACEMENT_3D('',#2422,#1996,#1997);
#1634=AXIS2_PLACEMENT_3D('',#2426,#2000,#2001);
#1635=AXIS2_PLACEMENT_3D('',#2430,#2004,#2005);
#1636=AXIS2_PLACEMENT_3D('',#2434,#2008,#2009);
#1637=AXIS2_PLACEMENT_3D('',#2436,#2011,#2012);
#1638=DIRECTION('axis',(0.,0.,1.));
#1639=DIRECTION('refdir',(1.,0.,0.));
#1640=DIRECTION('center_axis',(-1.,0.,0.));
#1641=DIRECTION('ref_axis',(0.,1.,0.));
#1642=DIRECTION('',(0.,1.,0.));
#1643=DIRECTION('',(0.,0.,1.));
#1644=DIRECTION('',(0.,-1.,0.));
#1645=DIRECTION('',(0.,0.,-1.));
#1646=DIRECTION('center_axis',(1.,0.,0.));
#1647=DIRECTION('ref_axis',(0.,-1.,0.));
#1648=DIRECTION('',(0.,-1.,0.));
#1649=DIRECTION('',(0.,0.,1.));
#1650=DIRECTION('',(0.,1.,0.));
#1651=DIRECTION('',(0.,0.,-1.));
#1652=DIRECTION('center_axis',(0.,0.,-1.));
#1653=DIRECTION('ref_axis',(-1.,0.,0.));
#1654=DIRECTION('',(1.,0.,0.));
#1655=DIRECTION('',(0.,1.,0.));
#1656=DIRECTION('',(-1.,0.,0.));
#1657=DIRECTION('center_axis',(0.,0.,-1.));
#1658=DIRECTION('ref_axis',(-1.,0.,0.));
#1659=DIRECTION('',(-1.,0.,0.));
#1660=DIRECTION('',(0.,-1.,0.));
#1661=DIRECTION('',(1.,0.,0.));
#1662=DIRECTION('center_axis',(0.,-1.,0.));
#1663=DIRECTION('ref_axis',(-1.,0.,0.));
#1664=DIRECTION('',(-1.,0.,0.));
#1665=DIRECTION('',(0.,0.,-1.));
#1666=DIRECTION('',(1.,0.,0.));
#1667=DIRECTION('',(-0.000140468929646298,0.,0.99999999013424));
#1668=DIRECTION('',(1.,0.,0.));
#1669=DIRECTION('',(0.,0.,1.));
#1670=DIRECTION('center_axis',(0.,0.,-1.));
#1671=DIRECTION('ref_axis',(-1.,0.,0.));
#1672=DIRECTION('',(-1.,0.,0.));
#1673=DIRECTION('',(0.,1.,0.));
#1674=DIRECTION('',(1.,0.,0.));
#1675=DIRECTION('center_axis',(0.,0.,-1.));
#1676=DIRECTION('ref_axis',(-1.,0.,0.));
#1677=DIRECTION('',(1.,0.,0.));
#1678=DIRECTION('',(0.,-1.,0.));
#1679=DIRECTION('center_axis',(0.,1.,0.));
#1680=DIRECTION('ref_axis',(1.,0.,0.));
#1681=DIRECTION('',(0.,0.,1.));
#1682=DIRECTION('',(-1.,0.,0.));
#1683=DIRECTION('',(0.,0.,-1.));
#1684=DIRECTION('center_axis',(0.,1.,0.));
#1685=DIRECTION('ref_axis',(1.,0.,0.));
#1686=DIRECTION('',(0.,0.,1.));
#1687=DIRECTION('',(-1.,0.,0.));
#1688=DIRECTION('',(0.,0.,1.));
#1689=DIRECTION('center_axis',(0.,0.,-1.));
#1690=DIRECTION('ref_axis',(1.,0.,0.));
#1691=DIRECTION('',(-0.999999944964787,0.000331768627910432,0.));
#1692=DIRECTION('',(0.0249997536491986,-0.999687457317276,0.));
#1693=DIRECTION('',(0.99999988738249,0.000474589303809582,0.));
#1694=DIRECTION('',(-0.00482487139528657,0.999988360240267,0.));
#1695=DIRECTION('',(1.,0.,0.));
#1696=DIRECTION('',(0.,-1.,0.));
#1697=DIRECTION('',(-1.,0.,0.));
#1698=DIRECTION('',(0.,1.,0.));
#1699=DIRECTION('center_axis',(1.,0.,0.));
#1700=DIRECTION('ref_axis',(0.,-1.,0.));
#1701=DIRECTION('',(0.,0.,-1.));
#1702=DIRECTION('',(0.,-1.,0.));
#1703=DIRECTION('',(0.,0.,-1.));
#1704=DIRECTION('center_axis',(0.,-1.,0.));
#1705=DIRECTION('ref_axis',(-1.,0.,0.));
#1706=DIRECTION('',(-1.,0.,0.));
#1707=DIRECTION('',(0.,0.,-1.));
#1708=DIRECTION('center_axis',(-1.,0.,0.));
#1709=DIRECTION('ref_axis',(0.,1.,0.));
#1710=DIRECTION('',(0.,1.,0.));
#1711=DIRECTION('',(0.,0.,-1.));
#1712=DIRECTION('center_axis',(0.,1.,0.));
#1713=DIRECTION('ref_axis',(1.,0.,0.));
#1714=DIRECTION('',(1.,0.,0.));
#1715=DIRECTION('center_axis',(1.,0.,0.));
#1716=DIRECTION('ref_axis',(0.,-1.,0.));
#1717=DIRECTION('',(0.,1.,0.));
#1718=DIRECTION('',(0.,0.,-1.));
#1719=DIRECTION('',(0.,-1.,0.));
#1720=DIRECTION('',(0.,0.,-1.));
#1721=DIRECTION('center_axis',(0.,1.,0.));
#1722=DIRECTION('ref_axis',(1.,0.,0.));
#1723=DIRECTION('',(-1.,0.,0.));
#1724=DIRECTION('',(1.,0.,0.));
#1725=DIRECTION('',(0.,0.,-1.));
#1726=DIRECTION('center_axis',(-1.,0.,0.));
#1727=DIRECTION('ref_axis',(0.,1.,0.));
#1728=DIRECTION('',(0.,-1.,0.));
#1729=DIRECTION('',(0.,1.,0.));
#1730=DIRECTION('',(0.,0.,-1.));
#1731=DIRECTION('center_axis',(0.,-1.,0.));
#1732=DIRECTION('ref_axis',(-1.,0.,0.));
#1733=DIRECTION('',(1.,0.,0.));
#1734=DIRECTION('',(-1.,0.,0.));
#1735=DIRECTION('center_axis',(0.,0.,-1.));
#1736=DIRECTION('ref_axis',(-1.,0.,0.));
#1737=DIRECTION('center_axis',(7.40148683083439E-15,-1.,0.));
#1738=DIRECTION('ref_axis',(-1.,-7.40148683083439E-15,0.));
#1739=DIRECTION('',(1.,7.40148683083439E-15,0.));
#1740=DIRECTION('',(0.,0.,-1.));
#1741=DIRECTION('',(-1.,-7.40148683083439E-15,0.));
#1742=DIRECTION('',(0.,0.,-1.));
#1743=DIRECTION('center_axis',(9.62193288008467E-15,1.,0.));
#1744=DIRECTION('ref_axis',(1.,-9.62193288008467E-15,0.));
#1745=DIRECTION('',(-1.,9.62193288008467E-15,0.));
#1746=DIRECTION('',(0.,0.,-1.));
#1747=DIRECTION('',(1.,-9.62193288008467E-15,0.));
#1748=DIRECTION('',(0.,0.,-1.));
#1749=DIRECTION('center_axis',(1.,-6.34413156928661E-16,0.));
#1750=DIRECTION('ref_axis',(-6.34413156928661E-16,-1.,0.));
#1751=DIRECTION('',(-6.34413156928661E-16,-1.,0.));
#1752=DIRECTION('',(0.,0.,-1.));
#1753=DIRECTION('',(2.53765262771471E-15,1.,0.));
#1754=DIRECTION('',(-6.34413156928661E-16,-1.,0.));
#1755=DIRECTION('',(4.56777472988635E-14,1.,0.));
#1756=DIRECTION('',(0.,0.,-1.));
#1757=DIRECTION('center_axis',(-7.40148683083438E-16,1.,0.));
#1758=DIRECTION('ref_axis',(1.,7.40148683083438E-16,0.));
#1759=DIRECTION('',(1.,7.40148683083438E-16,0.));
#1760=DIRECTION('',(0.,0.,-1.));
#1761=DIRECTION('',(-1.,0.,0.));
#1762=DIRECTION('center_axis',(-1.,3.1720657846433E-16,0.));
#1763=DIRECTION('ref_axis',(3.1720657846433E-16,1.,0.));
#1764=DIRECTION('',(3.1720657846433E-16,1.,0.));
#1765=DIRECTION('',(0.,0.,-1.));
#1766=DIRECTION('',(-2.53765262771456E-15,-1.,0.));
#1767=DIRECTION('',(3.1720657846433E-16,1.,0.));
#1768=DIRECTION('',(3.67959631018624E-14,-1.,0.));
#1769=DIRECTION('center_axis',(7.40148683083438E-16,-1.,0.));
#1770=DIRECTION('ref_axis',(-1.,-7.40148683083438E-16,0.));
#1771=DIRECTION('',(-1.,-7.40148683083438E-16,0.));
#1772=DIRECTION('',(1.,-7.40148683083446E-16,0.));
#1773=DIRECTION('center_axis',(0.,0.,-1.));
#1774=DIRECTION('ref_axis',(-1.,0.,0.));
#1775=DIRECTION('center_axis',(0.000331768627910432,0.999999944964787,0.));
#1776=DIRECTION('ref_axis',(0.999999944964787,-0.000331768627910432,0.));
#1777=DIRECTION('',(0.999999944964787,-0.000331768627910432,0.));
#1778=DIRECTION('',(0.,0.,-1.));
#1779=DIRECTION('',(0.,0.,-1.));
#1780=DIRECTION('center_axis',(-0.999687457317275,-0.0249997536491986,0.));
#1781=DIRECTION('ref_axis',(-0.0249997536491986,0.999687457317276,0.));
#1782=DIRECTION('',(-0.0249997536491986,0.999687457317276,0.));
#1783=DIRECTION('',(0.,0.,-1.));
#1784=DIRECTION('center_axis',(0.000474589303809582,-0.99999988738249,0.));
#1785=DIRECTION('ref_axis',(-0.99999988738249,-0.000474589303809582,0.));
#1786=DIRECTION('',(-0.99999988738249,-0.000474589303809582,0.));
#1787=DIRECTION('',(0.,0.,-1.));
#1788=DIRECTION('center_axis',(0.999988360240267,0.00482487139528657,0.));
#1789=DIRECTION('ref_axis',(0.00482487139528657,-0.999988360240267,0.));
#1790=DIRECTION('',(0.00482487139528657,-0.999988360240267,0.));
#1791=DIRECTION('center_axis',(1.,0.,0.));
#1792=DIRECTION('ref_axis',(0.,-1.,0.));
#1793=DIRECTION('',(0.,-1.,0.));
#1794=DIRECTION('',(0.,0.,-1.));
#1795=DIRECTION('',(0.,1.,0.));
#1796=DIRECTION('',(0.,0.,-1.));
#1797=DIRECTION('center_axis',(0.,1.,0.));
#1798=DIRECTION('ref_axis',(1.,0.,0.));
#1799=DIRECTION('',(1.,0.,0.));
#1800=DIRECTION('',(0.,0.,-1.));
#1801=DIRECTION('',(-1.,0.,0.));
#1802=DIRECTION('center_axis',(-1.,0.,0.));
#1803=DIRECTION('ref_axis',(0.,1.,0.));
#1804=DIRECTION('',(0.,1.,0.));
#1805=DIRECTION('',(0.,0.,-1.));
#1806=DIRECTION('',(0.,-1.,0.));
#1807=DIRECTION('center_axis',(0.,-1.,0.));
#1808=DIRECTION('ref_axis',(-1.,0.,0.));
#1809=DIRECTION('',(-1.,0.,0.));
#1810=DIRECTION('',(1.,0.,0.));
#1811=DIRECTION('center_axis',(0.,0.,1.));
#1812=DIRECTION('ref_axis',(-1.,0.,0.));
#1813=DIRECTION('',(0.00615443345995725,0.999981061295056,0.));
#1814=DIRECTION('',(-0.999981061295056,0.00615443345995637,0.));
#1815=DIRECTION('',(-0.00615443345995598,-0.999981061295056,0.));
#1816=DIRECTION('',(0.,-1.,0.));
#1817=DIRECTION('',(-1.,0.,0.));
#1818=DIRECTION('',(0.,1.,0.));
#1819=DIRECTION('',(-1.,0.,0.));
#1820=DIRECTION('',(0.,1.,0.));
#1821=DIRECTION('',(-1.,0.,0.));
#1822=DIRECTION('',(0.,1.,0.));
#1823=DIRECTION('',(-1.,0.,0.));
#1824=DIRECTION('',(0.,1.,0.));
#1825=DIRECTION('',(-1.,0.,0.));
#1826=DIRECTION('',(0.,1.,0.));
#1827=DIRECTION('',(-1.,0.,0.));
#1828=DIRECTION('',(0.,-1.,0.));
#1829=DIRECTION('',(1.,0.,0.));
#1830=DIRECTION('',(0.,1.,0.));
#1831=DIRECTION('',(0.,-1.,0.));
#1832=DIRECTION('',(1.,0.,0.));
#1833=DIRECTION('',(0.,1.,0.));
#1834=DIRECTION('',(-1.,0.,0.));
#1835=DIRECTION('',(0.,1.,0.));
#1836=DIRECTION('',(0.,-1.,0.));
#1837=DIRECTION('',(-1.,0.,0.));
#1838=DIRECTION('',(0.,-1.,0.));
#1839=DIRECTION('center_axis',(0.,1.,0.));
#1840=DIRECTION('ref_axis',(0.,0.,1.));
#1841=DIRECTION('',(0.,0.,-1.));
#1842=DIRECTION('',(-1.,0.,0.));
#1843=DIRECTION('',(-0.000140468929646298,0.,0.99999999013424));
#1844=DIRECTION('center_axis',(-1.,0.,0.));
#1845=DIRECTION('ref_axis',(0.,-1.,0.));
#1846=DIRECTION('',(0.,-1.,0.));
#1847=DIRECTION('center_axis',(0.,0.,1.));
#1848=DIRECTION('ref_axis',(1.,0.,0.));
#1849=DIRECTION('',(0.,-1.,0.));
#1850=DIRECTION('center_axis',(1.,0.,0.));
#1851=DIRECTION('ref_axis',(0.,1.,0.));
#1852=DIRECTION('',(0.,0.,1.));
#1853=DIRECTION('',(0.,1.,0.));
#1854=DIRECTION('',(0.,0.,1.));
#1855=DIRECTION('center_axis',(1.,0.,0.));
#1856=DIRECTION('ref_axis',(0.,-1.,0.));
#1857=DIRECTION('center_axis',(0.,0.,1.));
#1858=DIRECTION('ref_axis',(1.,0.,0.));
#1859=DIRECTION('',(-1.,0.,0.));
#1860=DIRECTION('',(0.,1.,0.));
#1861=DIRECTION('',(1.,0.,0.));
#1862=DIRECTION('center_axis',(0.,-1.,0.));
#1863=DIRECTION('ref_axis',(-1.,0.,0.));
#1864=DIRECTION('',(0.,0.,1.));
#1865=DIRECTION('',(0.,0.,-1.));
#1866=DIRECTION('center_axis',(1.,0.,0.));
#1867=DIRECTION('ref_axis',(0.,0.,-1.));
#1868=DIRECTION('',(0.,0.,-1.));
#1869=DIRECTION('center_axis',(-1.,0.,0.));
#1870=DIRECTION('ref_axis',(0.,0.,1.));
#1871=DIRECTION('center_axis',(0.,1.,0.));
#1872=DIRECTION('ref_axis',(0.,0.,1.));
#1873=DIRECTION('center_axis',(-0.99999999013424,0.,-0.000140468929646298));
#1874=DIRECTION('ref_axis',(-0.000140468929646298,0.,0.99999999013424));
#1875=DIRECTION('center_axis',(0.,1.,0.));
#1876=DIRECTION('ref_axis',(1.,0.,0.));
#1877=DIRECTION('center_axis',(0.,1.,0.));
#1878=DIRECTION('ref_axis',(1.,0.,0.));
#1879=DIRECTION('',(0.,1.,0.));
#1880=DIRECTION('center_axis',(0.,-1.,0.));
#1881=DIRECTION('ref_axis',(1.,0.,0.));
#1882=DIRECTION('center_axis',(0.,1.,0.));
#1883=DIRECTION('ref_axis',(1.,0.,0.));
#1884=DIRECTION('center_axis',(0.,1.,0.));
#1885=DIRECTION('ref_axis',(1.,0.,0.));
#1886=DIRECTION('',(0.,1.,0.));
#1887=DIRECTION('center_axis',(0.,-1.,0.));
#1888=DIRECTION('ref_axis',(1.,0.,0.));
#1889=DIRECTION('center_axis',(0.,1.,0.));
#1890=DIRECTION('ref_axis',(1.,0.,0.));
#1891=DIRECTION('center_axis',(0.,1.,0.));
#1892=DIRECTION('ref_axis',(1.,0.,0.));
#1893=DIRECTION('',(0.,1.,0.));
#1894=DIRECTION('center_axis',(0.,-1.,0.));
#1895=DIRECTION('ref_axis',(1.,0.,0.));
#1896=DIRECTION('center_axis',(0.,1.,0.));
#1897=DIRECTION('ref_axis',(1.,0.,0.));
#1898=DIRECTION('center_axis',(0.,1.,0.));
#1899=DIRECTION('ref_axis',(1.,0.,0.));
#1900=DIRECTION('',(0.,1.,0.));
#1901=DIRECTION('center_axis',(0.,-1.,0.));
#1902=DIRECTION('ref_axis',(1.,0.,0.));
#1903=DIRECTION('center_axis',(0.,-1.,0.));
#1904=DIRECTION('ref_axis',(1.,0.,0.));
#1905=DIRECTION('',(-1.,0.,0.));
#1906=DIRECTION('',(0.,0.,1.));
#1907=DIRECTION('',(1.,0.,0.));
#1908=DIRECTION('',(0.,0.,1.));
#1909=DIRECTION('center_axis',(0.,0.,1.));
#1910=DIRECTION('ref_axis',(1.,0.,0.));
#1911=DIRECTION('',(0.,1.,0.));
#1912=DIRECTION('',(-1.,0.,0.));
#1913=DIRECTION('',(0.,-1.,0.));
#1914=DIRECTION('center_axis',(0.,0.,1.));
#1915=DIRECTION('ref_axis',(-1.,0.,0.));
#1916=DIRECTION('',(-1.,0.,0.));
#1917=DIRECTION('',(-1.,0.,0.));
#1918=DIRECTION('',(-1.,0.,0.));
#1919=DIRECTION('',(0.,-1.,0.));
#1920=DIRECTION('',(1.,0.,0.));
#1921=DIRECTION('',(0.,1.,0.));
#1922=DIRECTION('',(-1.,0.,0.));
#1923=DIRECTION('center_axis',(0.,0.,-1.));
#1924=DIRECTION('ref_axis',(-1.,0.,0.));
#1925=DIRECTION('center_axis',(0.,0.,-1.));
#1926=DIRECTION('ref_axis',(-1.,0.,0.));
#1927=DIRECTION('center_axis',(0.,-1.,0.));
#1928=DIRECTION('ref_axis',(1.,0.,0.));
#1929=DIRECTION('',(0.,0.,1.));
#1930=DIRECTION('',(1.,0.,0.));
#1931=DIRECTION('',(0.,0.,1.));
#1932=DIRECTION('center_axis',(0.,0.,1.));
#1933=DIRECTION('ref_axis',(1.,0.,0.));
#1934=DIRECTION('',(-2.77555756156289E-16,1.,0.));
#1935=DIRECTION('',(-1.,0.,0.));
#1936=DIRECTION('',(0.,-1.,0.));
#1937=DIRECTION('center_axis',(1.,0.,0.));
#1938=DIRECTION('ref_axis',(0.,0.,-1.));
#1939=DIRECTION('',(0.,0.,1.));
#1940=DIRECTION('',(0.,0.,1.));
#1941=DIRECTION('center_axis',(-1.,0.,0.));
#1942=DIRECTION('ref_axis',(0.,0.,1.));
#1943=DIRECTION('',(0.,0.,-1.));
#1944=DIRECTION('',(0.,0.,1.));
#1945=DIRECTION('center_axis',(0.,1.,0.));
#1946=DIRECTION('ref_axis',(0.,0.,1.));
#1947=DIRECTION('center_axis',(0.,1.,0.));
#1948=DIRECTION('ref_axis',(-1.,0.,0.));
#1949=DIRECTION('',(0.,0.,-1.));
#1950=DIRECTION('center_axis',(0.,1.,0.));
#1951=DIRECTION('ref_axis',(-1.,0.,0.));
#1952=DIRECTION('',(0.,0.,1.));
#1953=DIRECTION('center_axis',(1.,0.,0.));
#1954=DIRECTION('ref_axis',(0.,0.,-1.));
#1955=DIRECTION('',(0.,0.,1.));
#1956=DIRECTION('',(0.,0.,1.));
#1957=DIRECTION('center_axis',(-1.,0.,0.));
#1958=DIRECTION('ref_axis',(0.,0.,1.));
#1959=DIRECTION('',(0.,0.,1.));
#1960=DIRECTION('center_axis',(0.,1.,0.));
#1961=DIRECTION('ref_axis',(0.,0.,1.));
#1962=DIRECTION('center_axis',(0.,1.,0.));
#1963=DIRECTION('ref_axis',(-1.,0.,0.));
#1964=DIRECTION('',(0.,0.,1.));
#1965=DIRECTION('center_axis',(0.,0.,1.));
#1966=DIRECTION('ref_axis',(-1.,0.,0.));
#1967=DIRECTION('',(0.,0.,-1.));
#1968=DIRECTION('center_axis',(0.,0.,-1.));
#1969=DIRECTION('ref_axis',(-1.,0.,0.));
#1970=DIRECTION('center_axis',(-1.,0.,0.));
#1971=DIRECTION('ref_axis',(0.,-1.,0.));
#1972=DIRECTION('',(0.,-1.,0.));
#1973=DIRECTION('',(0.,0.,1.));
#1974=DIRECTION('',(0.,0.,1.));
#1975=DIRECTION('center_axis',(0.,1.,0.));
#1976=DIRECTION('ref_axis',(-1.,0.,0.));
#1977=DIRECTION('',(-1.,0.,0.));
#1978=DIRECTION('',(0.,0.,1.));
#1979=DIRECTION('center_axis',(1.,0.,0.));
#1980=DIRECTION('ref_axis',(0.,1.,0.));
#1981=DIRECTION('',(0.,1.,0.));
#1982=DIRECTION('',(0.,0.,1.));
#1983=DIRECTION('center_axis',(0.,0.,1.));
#1984=DIRECTION('ref_axis',(-1.,0.,0.));
#1985=DIRECTION('',(1.,0.,0.));
#1986=DIRECTION('center_axis',(0.,0.,1.));
#1987=DIRECTION('ref_axis',(-1.,0.,0.));
#1988=DIRECTION('',(0.,0.,-1.));
#1989=DIRECTION('center_axis',(0.,0.,-1.));
#1990=DIRECTION('ref_axis',(-1.,0.,0.));
#1991=DIRECTION('center_axis',(0.00615443345995637,0.999981061295056,0.));
#1992=DIRECTION('ref_axis',(-0.999981061295056,0.00615443345995637,0.));
#1993=DIRECTION('',(-0.999981061295056,0.00615443345995637,0.));
#1994=DIRECTION('',(0.,0.,1.));
#1995=DIRECTION('',(0.,0.,1.));
#1996=DIRECTION('center_axis',(0.999981061295056,-0.00615443345995725,0.));
#1997=DIRECTION('ref_axis',(0.00615443345995725,0.999981061295056,0.));
#1998=DIRECTION('',(0.00615443345995725,0.999981061295056,0.));
#1999=DIRECTION('',(0.,0.,1.));
#2000=DIRECTION('center_axis',(0.,-1.,0.));
#2001=DIRECTION('ref_axis',(1.,0.,0.));
#2002=DIRECTION('',(1.,0.,0.));
#2003=DIRECTION('',(0.,0.,1.));
#2004=DIRECTION('center_axis',(-1.,0.,0.));
#2005=DIRECTION('ref_axis',(0.,-1.,0.));
#2006=DIRECTION('',(0.,-1.,0.));
#2007=DIRECTION('',(0.,0.,1.));
#2008=DIRECTION('center_axis',(-0.999981061295056,0.00615443345995598,0.));
#2009=DIRECTION('ref_axis',(-0.00615443345995598,-0.999981061295056,0.));
#2010=DIRECTION('',(-0.00615443345995598,-0.999981061295056,0.));
#2011=DIRECTION('center_axis',(0.,0.,1.));
#2012=DIRECTION('ref_axis',(-1.,0.,0.));
#2013=CARTESIAN_POINT('',(0.,0.,0.));
#2014=CARTESIAN_POINT('Origin',(-3.49611242520772,-29.6596461928125,-122.350000000001));
#2015=CARTESIAN_POINT('',(-3.49611242520772,-29.6596461928125,-122.350000000001));
#2016=CARTESIAN_POINT('',(-3.49611242520772,-22.2096461928125,-122.350000000001));
#2017=CARTESIAN_POINT('',(-3.49611242520772,-27.7971461928125,-122.350000000001));
#2018=CARTESIAN_POINT('',(-3.49611242520772,-29.6596461928125,-124.350000000001));
#2019=CARTESIAN_POINT('',(-3.49611242520772,-29.6596461928125,-120.312500000001));
#2020=CARTESIAN_POINT('',(-3.49611242520772,-22.2096461928125,-124.350000000001));
#2021=CARTESIAN_POINT('',(-3.49611242520772,-27.7971461928125,-124.350000000001));
#2022=CARTESIAN_POINT('',(-3.49611242520772,-22.2096461928125,-122.350000000001));
#2023=CARTESIAN_POINT('Origin',(3.50388757479228,-22.2096461928125,-122.350000000001));
#2024=CARTESIAN_POINT('',(3.50388757479228,-22.2096461928125,-122.350000000001));
#2025=CARTESIAN_POINT('',(3.50388757479228,-29.6596461928125,-122.350000000001));
#2026=CARTESIAN_POINT('',(3.50388757479228,-24.0721461928125,-122.350000000001));
#2027=CARTESIAN_POINT('',(3.50388757479228,-22.2096461928125,-124.350000000001));
#2028=CARTESIAN_POINT('',(3.50388757479228,-22.2096461928125,-122.350000000001));
#2029=CARTESIAN_POINT('',(3.50388757479228,-29.6596461928125,-124.350000000001));
#2030=CARTESIAN_POINT('',(3.50388757479228,-24.0721461928125,-124.350000000001));
#2031=CARTESIAN_POINT('',(3.50388757479228,-29.6596461928125,-120.312500000001));
#2032=CARTESIAN_POINT('Origin',(0.00388757479228063,-25.9346461928125,-122.350000000001));
#2033=CARTESIAN_POINT('',(9.07888757479228,-29.6596461928125,-122.350000000001));
#2034=CARTESIAN_POINT('',(-12.0711124252077,-29.6596461928125,-122.350000000001));
#2035=CARTESIAN_POINT('',(9.07888757479228,-22.2096461928125,-122.350000000001));
#2036=CARTESIAN_POINT('',(9.07888757479228,-24.0721461928125,-122.350000000001));
#2037=CARTESIAN_POINT('',(12.0788875747923,-22.2096461928125,-122.350000000001));
#2038=CARTESIAN_POINT('Origin',(0.00388757479228063,-25.9346461928125,-122.350000000001));
#2039=CARTESIAN_POINT('',(-9.07111242520772,-22.2096461928125,-122.350000000001));
#2040=CARTESIAN_POINT('',(12.0788875747923,-22.2096461928125,-122.350000000001));
#2041=CARTESIAN_POINT('',(-9.07111242520772,-29.6596461928125,-122.350000000001));
#2042=CARTESIAN_POINT('',(-9.07111242520772,-27.7971461928125,-122.350000000001));
#2043=CARTESIAN_POINT('',(-12.0711124252077,-29.6596461928125,-122.350000000001));
#2044=CARTESIAN_POINT('Origin',(-9.82111242520772,-29.6596461928125,-118.275000000001));
#2045=CARTESIAN_POINT('',(12.0788875747923,-29.6596461928125,-124.350000000001));
#2046=CARTESIAN_POINT('',(-12.0711124252077,-29.6596461928125,-124.350000000001));
#2047=CARTESIAN_POINT('',(12.0788875747923,-29.6596461928125,-115.000000000001));
#2048=CARTESIAN_POINT('',(12.0788875747923,-29.6596461928125,-122.350000000001));
#2049=CARTESIAN_POINT('',(7.57796750329402,-29.6596461928125,-115.000000000001));
#2050=CARTESIAN_POINT('',(4.93133115576485,-29.6596461928125,-115.000000000001));
#2051=CARTESIAN_POINT('',(7.57887352789917,-29.6596461928125,-121.450000000001));
#2052=CARTESIAN_POINT('',(7.57888757479228,-29.6596461928125,-121.550000000001));
#2053=CARTESIAN_POINT('',(9.07888757479228,-29.6596461928125,-121.450000000001));
#2054=CARTESIAN_POINT('',(8.70365755691771,-29.6596461928125,-121.450000000001));
#2055=CARTESIAN_POINT('',(9.07888757479228,-29.6596461928125,-122.350000000001));
#2056=CARTESIAN_POINT('Origin',(0.00388757479228063,-25.9346461928125,-124.350000000001));
#2057=CARTESIAN_POINT('',(-12.0711124252077,-29.6596461928125,-124.350000000001));
#2058=CARTESIAN_POINT('',(-12.0711124252077,-29.6596461928125,-124.350000000001));
#2059=CARTESIAN_POINT('',(-12.0711124252077,-22.2096461928125,-124.350000000001));
#2060=CARTESIAN_POINT('',(-12.0711124252077,-28.2096461928125,-124.350000000001));
#2061=CARTESIAN_POINT('',(12.0788875747923,-22.2096461928125,-124.350000000001));
#2062=CARTESIAN_POINT('Origin',(0.00388757479228063,-25.9346461928125,-124.350000000001));
#2063=CARTESIAN_POINT('',(12.0788875747923,-22.2096461928125,-124.350000000001));
#2064=CARTESIAN_POINT('',(12.0788875747923,-22.2096461928125,-124.350000000001));
#2065=CARTESIAN_POINT('',(12.0788875747923,-28.2096461928125,-124.350000000001));
#2066=CARTESIAN_POINT('Origin',(-12.0711124252077,-22.2096461928125,-122.350000000001));
#2067=CARTESIAN_POINT('',(9.07888757479228,-22.2096461928125,-115.000000000001));
#2068=CARTESIAN_POINT('',(9.07888757479228,-22.2096461928125,-122.350000000001));
#2069=CARTESIAN_POINT('',(12.0788875747923,-22.2096461928125,-115.000000000001));
#2070=CARTESIAN_POINT('',(6.05656117363942,-22.2096461928125,-115.000000000001));
#2071=CARTESIAN_POINT('',(12.0788875747923,-22.2096461928125,-122.350000000001));
#2072=CARTESIAN_POINT('Origin',(-12.0711124252077,-22.2096461928125,-122.350000000001));
#2073=CARTESIAN_POINT('',(-12.0711124252077,-22.2096461928125,-115.000000000001));
#2074=CARTESIAN_POINT('',(-12.0711124252077,-22.2096461928125,-122.350000000001));
#2075=CARTESIAN_POINT('',(-9.07111242520772,-22.2096461928125,-115.000000000001));
#2076=CARTESIAN_POINT('',(-4.51843882636058,-22.2096461928125,-115.000000000001));
#2077=CARTESIAN_POINT('',(-9.07111242520772,-22.2096461928125,-122.350000000001));
#2078=CARTESIAN_POINT('Origin',(18.6576253232837,-15.1120592488193,-115.000000000001));
#2079=CARTESIAN_POINT('',(23.0229950775394,-13.114149215267,-115.000000000001));
#2080=CARTESIAN_POINT('',(14.1922565544312,-13.1112194531026,-115.000000000001));
#2081=CARTESIAN_POINT('',(7.11449860817084,-13.1088712749308,-115.000000000001));
#2082=CARTESIAN_POINT('',(14.292255569028,-17.1099692823717,-115.000000000001));
#2083=CARTESIAN_POINT('',(14.3321566818055,-18.7055306841517,-115.000000000001));
#2084=CARTESIAN_POINT('',(23.0422545836248,-17.1058166259633,-115.000000000001));
#2085=CARTESIAN_POINT('',(11.5374039645064,-17.111276705624,-115.000000000001));
#2086=CARTESIAN_POINT('',(23.0409303098364,-16.8313516163029,-115.000000000001));
#2087=CARTESIAN_POINT('',(14.792255569028,-16.6099692823717,-115.000000000001));
#2088=CARTESIAN_POINT('',(22.5229950775394,-16.6099692823717,-115.000000000001));
#2089=CARTESIAN_POINT('',(14.792255569028,-16.6099692823717,-115.000000000001));
#2090=CARTESIAN_POINT('',(14.792255569028,-13.614149215267,-115.000000000001));
#2091=CARTESIAN_POINT('',(14.792255569028,-13.614149215267,-115.000000000001));
#2092=CARTESIAN_POINT('',(22.5229950775394,-13.614149215267,-115.000000000001));
#2093=CARTESIAN_POINT('',(22.5229950775394,-13.614149215267,-115.000000000001));
#2094=CARTESIAN_POINT('',(22.5229950775394,-16.6099692823717,-115.000000000001));
#2095=CARTESIAN_POINT('Origin',(14.792255569028,-13.614149215267,-115.000000000001));
#2096=CARTESIAN_POINT('',(14.792255569028,-16.6099692823717,-116.250000000001));
#2097=CARTESIAN_POINT('',(14.792255569028,-16.6099692823717,-115.000000000001));
#2098=CARTESIAN_POINT('',(14.792255569028,-13.614149215267,-116.250000000001));
#2099=CARTESIAN_POINT('',(14.792255569028,-13.614149215267,-116.250000000001));
#2100=CARTESIAN_POINT('',(14.792255569028,-13.614149215267,-115.000000000001));
#2101=CARTESIAN_POINT('Origin',(22.5229950775394,-13.614149215267,-115.000000000001));
#2102=CARTESIAN_POINT('',(22.5229950775394,-13.614149215267,-116.250000000001));
#2103=CARTESIAN_POINT('',(22.5229950775394,-13.614149215267,-116.250000000001));
#2104=CARTESIAN_POINT('',(22.5229950775394,-13.614149215267,-115.000000000001));
#2105=CARTESIAN_POINT('Origin',(22.5229950775394,-16.6099692823717,-115.000000000001));
#2106=CARTESIAN_POINT('',(22.5229950775394,-16.6099692823717,-116.250000000001));
#2107=CARTESIAN_POINT('',(22.5229950775394,-16.6099692823717,-116.250000000001));
#2108=CARTESIAN_POINT('',(22.5229950775394,-16.6099692823717,-115.000000000001));
#2109=CARTESIAN_POINT('Origin',(14.792255569028,-16.6099692823717,-115.000000000001));
#2110=CARTESIAN_POINT('',(14.792255569028,-16.6099692823717,-116.250000000001));
#2111=CARTESIAN_POINT('Origin',(24.5229950775394,-11.614149215267,-115.000000000001));
#2112=CARTESIAN_POINT('',(24.5229950775394,-18.6099692823717,-115.000000000001));
#2113=CARTESIAN_POINT('',(24.5229950775394,-11.614149215267,-115.000000000001));
#2114=CARTESIAN_POINT('',(24.5229950775394,-16.1368977040398,-115.000000000001));
#2115=CARTESIAN_POINT('',(24.5229950775394,-18.6099692823717,-116.250000000001));
#2116=CARTESIAN_POINT('',(24.5229950775394,-18.6099692823717,-115.000000000001));
#2117=CARTESIAN_POINT('',(24.5229950775394,-11.614149215267,-116.250000000001));
#2118=CARTESIAN_POINT('',(24.5229950775394,-18.6099692823717,-116.250000000001));
#2119=CARTESIAN_POINT('',(24.5229950775394,-11.614149215267,-115.000000000001));
#2120=CARTESIAN_POINT('Origin',(12.792255569028,-11.614149215267,-115.000000000001));
#2121=CARTESIAN_POINT('',(12.792255569028,-11.614149215267,-115.000000000001));
#2122=CARTESIAN_POINT('',(6.41324517075727,-11.614149215267,-115.000000000001));
#2123=CARTESIAN_POINT('',(12.792255569028,-11.614149215267,-116.250000000001));
#2124=CARTESIAN_POINT('',(24.5229950775394,-11.614149215267,-116.250000000001));
#2125=CARTESIAN_POINT('',(12.792255569028,-11.614149215267,-115.000000000001));
#2126=CARTESIAN_POINT('Origin',(12.792255569028,-18.6099692823717,-115.000000000001));
#2127=CARTESIAN_POINT('',(12.792255569028,-18.6099692823717,-115.000000000001));
#2128=CARTESIAN_POINT('',(12.792255569028,-19.6348077375921,-115.000000000001));
#2129=CARTESIAN_POINT('',(12.792255569028,-18.6099692823717,-116.250000000001));
#2130=CARTESIAN_POINT('',(12.792255569028,-11.614149215267,-116.250000000001));
#2131=CARTESIAN_POINT('',(12.792255569028,-18.6099692823717,-115.000000000001));
#2132=CARTESIAN_POINT('Origin',(24.5229950775394,-18.6099692823717,-115.000000000001));
#2133=CARTESIAN_POINT('',(12.278614925013,-18.6099692823717,-115.000000000001));
#2134=CARTESIAN_POINT('',(12.792255569028,-18.6099692823717,-116.250000000001));
#2135=CARTESIAN_POINT('Origin',(18.6576253232837,-15.1120592488193,-116.250000000001));
#2136=CARTESIAN_POINT('Origin',(21.617255569028,-24.4096461928125,-113.750000000001));
#2137=CARTESIAN_POINT('',(15.617255569028,-24.4096461928125,-115.000000000001));
#2138=CARTESIAN_POINT('',(21.617255569028,-24.4096461928125,-115.000000000001));
#2139=CARTESIAN_POINT('',(10.8257451707573,-24.4096461928125,-115.000000000001));
#2140=CARTESIAN_POINT('',(15.617255569028,-24.4096461928125,-113.750000000001));
#2141=CARTESIAN_POINT('',(15.617255569028,-24.4096461928125,-113.750000000001));
#2142=CARTESIAN_POINT('',(21.617255569028,-24.4096461928125,-113.750000000001));
#2143=CARTESIAN_POINT('',(20.117255569028,-24.4096461928125,-113.750000000001));
#2144=CARTESIAN_POINT('',(21.617255569028,-24.4096461928125,-113.750000000001));
#2145=CARTESIAN_POINT('Origin',(15.617255569028,-27.9096461928125,-113.750000000001));
#2146=CARTESIAN_POINT('',(21.617255569028,-27.9096461928125,-115.000000000001));
#2147=CARTESIAN_POINT('',(15.617255569028,-27.9096461928125,-115.000000000001));
#2148=CARTESIAN_POINT('',(7.82574517075723,-27.9096461928124,-115.000000000001));
#2149=CARTESIAN_POINT('',(21.617255569028,-27.9096461928125,-113.750000000001));
#2150=CARTESIAN_POINT('',(21.617255569028,-27.9096461928125,-113.750000000001));
#2151=CARTESIAN_POINT('',(15.617255569028,-27.9096461928125,-113.750000000001));
#2152=CARTESIAN_POINT('',(17.117255569028,-27.9096461928125,-113.750000000001));
#2153=CARTESIAN_POINT('',(15.617255569028,-27.9096461928125,-113.750000000001));
#2154=CARTESIAN_POINT('Origin',(21.617255569028,-22.6596461928125,-111.000000000001));
#2155=CARTESIAN_POINT('',(21.617255569028,-22.6596461928125,-111.000000000001));
#2156=CARTESIAN_POINT('',(21.617255569028,-29.6596461928125,-111.000000000001));
#2157=CARTESIAN_POINT('',(21.617255569028,-21.6596461928125,-111.000000000001));
#2158=CARTESIAN_POINT('',(21.617255569028,-22.6596461928125,-115.000000000001));
#2159=CARTESIAN_POINT('',(21.617255569028,-22.6596461928125,-111.000000000001));
#2160=CARTESIAN_POINT('',(21.617255569028,-21.6596461928125,-115.000000000001));
#2161=CARTESIAN_POINT('',(21.617255569028,-22.6596461928125,-113.750000000001));
#2162=CARTESIAN_POINT('',(21.6172555690279,-29.6596461928125,-115.000000000001));
#2163=CARTESIAN_POINT('',(21.6172555690282,-24.284646192813,-115.000000000001));
#2164=CARTESIAN_POINT('',(21.617255569028,-29.6596461928125,-111.000000000001));
#2165=CARTESIAN_POINT('Origin',(15.617255569028,-22.6596461928125,-111.000000000001));
#2166=CARTESIAN_POINT('',(15.617255569028,-22.6596461928125,-111.000000000001));
#2167=CARTESIAN_POINT('',(7.82574517075727,-22.6596461928125,-111.000000000001));
#2168=CARTESIAN_POINT('',(15.6172555690279,-22.6596461928125,-115.000000000001));
#2169=CARTESIAN_POINT('',(15.617255569028,-22.6596461928125,-111.000000000001));
#2170=CARTESIAN_POINT('',(7.82574517075724,-22.6596461928125,-115.000000000001));
#2171=CARTESIAN_POINT('Origin',(15.617255569028,-29.6596461928125,-111.000000000001));
#2172=CARTESIAN_POINT('',(15.617255569028,-29.6596461928125,-111.000000000001));
#2173=CARTESIAN_POINT('',(15.617255569028,-25.1596461928125,-111.000000000001));
#2174=CARTESIAN_POINT('',(15.617255569028,-29.6596461928125,-115.000000000001));
#2175=CARTESIAN_POINT('',(15.617255569028,-29.6596461928125,-111.000000000001));
#2176=CARTESIAN_POINT('',(15.617255569028,-25.1596461928125,-115.000000000001));
#2177=CARTESIAN_POINT('',(15.617255569028,-29.6596461928125,-113.750000000001));
#2178=CARTESIAN_POINT('',(15.6172555690279,-22.5346461928122,-115.000000000001));
#2179=CARTESIAN_POINT('Origin',(21.617255569028,-29.6596461928125,-111.000000000001));
#2180=CARTESIAN_POINT('',(10.8257451707573,-29.6596461928125,-111.000000000001));
#2181=CARTESIAN_POINT('',(10.8257451707572,-29.6596461928125,-115.000000000001));
#2182=CARTESIAN_POINT('Origin',(18.617255569028,-26.1596461928125,-113.750000000001));
#2183=CARTESIAN_POINT('Origin',(14.1922565544312,-13.1112194531026,-111.000000000001));
#2184=CARTESIAN_POINT('',(14.1922565544312,-13.1112194531026,-111.000000000001));
#2185=CARTESIAN_POINT('',(23.0229950775394,-13.114149215267,-111.000000000001));
#2186=CARTESIAN_POINT('',(7.11449860817084,-13.1088712749308,-111.000000000001));
#2187=CARTESIAN_POINT('',(14.1922565544312,-13.1112194531026,-111.000000000001));
#2188=CARTESIAN_POINT('',(23.0229950775394,-13.114149215267,-111.000000000001));
#2189=CARTESIAN_POINT('Origin',(14.292255569028,-17.1099692823717,-111.000000000001));
#2190=CARTESIAN_POINT('',(14.292255569028,-17.1099692823717,-111.000000000001));
#2191=CARTESIAN_POINT('',(14.3321566818055,-18.7055306841517,-111.000000000001));
#2192=CARTESIAN_POINT('',(14.292255569028,-17.1099692823717,-111.000000000001));
#2193=CARTESIAN_POINT('Origin',(23.0422545836248,-17.1058166259633,-111.000000000001));
#2194=CARTESIAN_POINT('',(23.0422545836248,-17.1058166259633,-111.000000000001));
#2195=CARTESIAN_POINT('',(11.5374039645064,-17.111276705624,-111.000000000001));
#2196=CARTESIAN_POINT('',(23.0422545836248,-17.1058166259633,-111.000000000001));
#2197=CARTESIAN_POINT('Origin',(23.0229950775394,-13.114149215267,-111.000000000001));
#2198=CARTESIAN_POINT('',(23.0409303098364,-16.8313516163029,-111.000000000001));
#2199=CARTESIAN_POINT('Origin',(-14.0487860240549,-13.9096461928125,-111.000000000001));
#2200=CARTESIAN_POINT('',(-14.0487860240549,-13.9096461928125,-111.000000000001));
#2201=CARTESIAN_POINT('',(-14.0487860240549,-27.4096461928125,-111.000000000001));
#2202=CARTESIAN_POINT('',(-14.0487860240549,-17.2846461928125,-111.000000000001));
#2203=CARTESIAN_POINT('',(-14.0487860240549,-13.9096461928125,-115.000000000001));
#2204=CARTESIAN_POINT('',(-14.0487860240549,-13.9096461928125,-111.000000000001));
#2205=CARTESIAN_POINT('',(-14.0487860240549,-27.4096461928125,-115.000000000001));
#2206=CARTESIAN_POINT('',(-14.0487860240549,-17.2846461928125,-115.000000000001));
#2207=CARTESIAN_POINT('',(-14.0487860240549,-27.4096461928125,-111.000000000001));
#2208=CARTESIAN_POINT('Origin',(-23.0487860240549,-13.9096461928125,-111.000000000001));
#2209=CARTESIAN_POINT('',(-23.0487860240549,-13.9096461928125,-111.000000000001));
#2210=CARTESIAN_POINT('',(-11.5072756257842,-13.9096461928125,-111.000000000001));
#2211=CARTESIAN_POINT('',(-23.0487860240549,-13.9096461928125,-115.000000000001));
#2212=CARTESIAN_POINT('',(-23.0487860240549,-13.9096461928125,-111.000000000001));
#2213=CARTESIAN_POINT('',(-11.5072756257842,-13.9096461928125,-115.000000000001));
#2214=CARTESIAN_POINT('Origin',(-23.0487860240549,-27.4096461928125,-111.000000000001));
#2215=CARTESIAN_POINT('',(-23.0487860240549,-27.4096461928125,-111.000000000001));
#2216=CARTESIAN_POINT('',(-23.0487860240549,-24.0346461928125,-111.000000000001));
#2217=CARTESIAN_POINT('',(-23.0487860240549,-27.4096461928125,-115.000000000001));
#2218=CARTESIAN_POINT('',(-23.0487860240549,-27.4096461928125,-111.000000000001));
#2219=CARTESIAN_POINT('',(-23.0487860240549,-24.0346461928125,-115.000000000001));
#2220=CARTESIAN_POINT('Origin',(-14.0487860240549,-27.4096461928125,-111.000000000001));
#2221=CARTESIAN_POINT('',(-7.00727562578415,-27.4096461928125,-111.000000000001));
#2222=CARTESIAN_POINT('',(-7.00727562578415,-27.4096461928125,-115.000000000001));
#2223=CARTESIAN_POINT('Origin',(0.0342347724865588,-20.6596461928125,-115.000000000001));
#2224=CARTESIAN_POINT('',(-25.026459622902,-31.6596461928125,-115.000000000001));
#2225=CARTESIAN_POINT('',(-24.9652917598898,-21.7210052163481,-115.000000000001));
#2226=CARTESIAN_POINT('',(-25.0268360944894,-31.7208158292986,-115.000000000001));
#2227=CARTESIAN_POINT('',(-34.9651023728404,-21.6594608817485,-115.000000000001));
#2228=CARTESIAN_POINT('',(-24.9652917598898,-21.7210052163481,-115.000000000001));
#2229=CARTESIAN_POINT('',(-34.9657652275134,-21.7671624474147,-115.000000000001));
#2230=CARTESIAN_POINT('',(-34.9651023728404,-21.6594608817485,-115.000000000001));
#2231=CARTESIAN_POINT('',(-34.9657652275134,-9.65964619281251,-115.000000000001));
#2232=CARTESIAN_POINT('',(-34.9657652275134,-9.65964619281251,-115.000000000001));
#2233=CARTESIAN_POINT('',(-15.4657652275134,-9.65964619281251,-115.000000000001));
#2234=CARTESIAN_POINT('',(35.0342347724866,-9.65964619281251,-115.000000000001));
#2235=CARTESIAN_POINT('',(-15.4657652275134,-5.65964619281251,-115.000000000001));
#2236=CARTESIAN_POINT('',(-15.4657652275134,-9.65964619281251,-115.000000000001));
#2237=CARTESIAN_POINT('',(-5.71576522751344,-5.65964619281251,-115.000000000001));
#2238=CARTESIAN_POINT('',(15.5342347724866,-5.65964619281251,-115.000000000001));
#2239=CARTESIAN_POINT('',(-5.71576522751344,-9.65964619281251,-115.000000000001));
#2240=CARTESIAN_POINT('',(-5.71576522751344,-9.65964619281251,-115.000000000001));
#2241=CARTESIAN_POINT('',(5.78423477248656,-9.65964619281251,-115.000000000001));
#2242=CARTESIAN_POINT('',(35.0342347724866,-9.65964619281251,-115.000000000001));
#2243=CARTESIAN_POINT('',(5.78423477248656,-5.65964619281251,-115.000000000001));
#2244=CARTESIAN_POINT('',(5.78423477248656,-9.65964619281251,-115.000000000001));
#2245=CARTESIAN_POINT('',(15.5342347724866,-5.65964619281251,-115.000000000001));
#2246=CARTESIAN_POINT('',(15.5342347724866,-5.65964619281251,-115.000000000001));
#2247=CARTESIAN_POINT('',(15.5342347724866,-9.65964619281251,-115.000000000001));
#2248=CARTESIAN_POINT('',(15.5342347724866,-9.65964619281251,-115.000000000001));
#2249=CARTESIAN_POINT('',(35.0342347724866,-9.65964619281251,-115.000000000001));
#2250=CARTESIAN_POINT('',(35.0342347724866,-9.65964619281251,-115.000000000001));
#2251=CARTESIAN_POINT('',(35.0342347724866,-21.874866052847,-115.000000000001));
#2252=CARTESIAN_POINT('',(35.0342347724866,-31.6596461928125,-115.000000000001));
#2253=CARTESIAN_POINT('',(25.0342347724866,-21.874866052847,-115.000000000001));
#2254=CARTESIAN_POINT('',(35.0342347724866,-21.874866052847,-115.000000000001));
#2255=CARTESIAN_POINT('',(25.0342347724866,-31.6596461928125,-115.000000000001));
#2256=CARTESIAN_POINT('',(25.0342347724866,-21.874866052847,-115.000000000001));
#2257=CARTESIAN_POINT('',(-34.9657652275134,-31.6596461928125,-115.000000000001));
#2258=CARTESIAN_POINT('',(-9.07111242520772,-25.6596461928125,-115.000000000001));
#2259=CARTESIAN_POINT('',(-9.07111242520772,-23.1596461928125,-115.000000000001));
#2260=CARTESIAN_POINT('',(-12.0711124252077,-29.6596461928125,-115.000000000001));
#2261=CARTESIAN_POINT('',(-12.0711124252077,-25.1596461928125,-115.000000000001));
#2262=CARTESIAN_POINT('',(-7.57111242520772,-29.6596461928125,-115.000000000001));
#2263=CARTESIAN_POINT('',(-4.89343882636058,-29.6596461928125,-115.000000000001));
#2264=CARTESIAN_POINT('',(-7.57111242520772,-25.6596461928125,-115.000000000001));
#2265=CARTESIAN_POINT('',(-7.57111242520772,-25.1596461928125,-115.000000000001));
#2266=CARTESIAN_POINT('',(-4.89343882636058,-25.6596461928125,-115.000000000001));
#2267=CARTESIAN_POINT('',(12.0788875747923,-25.1596461928125,-115.000000000001));
#2268=CARTESIAN_POINT('',(9.07888757479228,-25.6596461928125,-115.000000000001));
#2269=CARTESIAN_POINT('',(9.07888757479228,-21.4346461928125,-115.000000000001));
#2270=CARTESIAN_POINT('',(7.57796750329402,-25.6596461928125,-115.000000000001));
#2271=CARTESIAN_POINT('',(4.93133115576485,-25.6596461928125,-115.000000000001));
#2272=CARTESIAN_POINT('',(7.57796750329402,-25.1596461928125,-115.000000000001));
#2273=CARTESIAN_POINT('Origin',(9.82842753904315,-25.6596461928125,-118.275000000001));
#2274=CARTESIAN_POINT('',(9.07888757479228,-25.6596461928125,-121.450000000001));
#2275=CARTESIAN_POINT('',(9.07888757479228,-25.6596461928125,-119.862500000001));
#2276=CARTESIAN_POINT('',(7.57887352789917,-25.6596461928125,-121.450000000001));
#2277=CARTESIAN_POINT('',(8.70365755691771,-25.6596461928125,-121.450000000001));
#2278=CARTESIAN_POINT('',(7.57888757479228,-25.6596461928125,-121.550000000001));
#2279=CARTESIAN_POINT('Origin',(9.07888757479228,-22.2096461928125,-122.350000000001));
#2280=CARTESIAN_POINT('',(9.07888757479228,-25.9346461928125,-121.450000000001));
#2281=CARTESIAN_POINT('Origin',(12.0788875747923,-29.6596461928125,-121.450000000001));
#2282=CARTESIAN_POINT('',(7.57887352789917,-29.6596461928125,-121.450000000001));
#2283=CARTESIAN_POINT('Origin',(-9.07111242520772,-29.6596461928125,-122.350000000001));
#2284=CARTESIAN_POINT('',(-9.07111242520772,-25.6596461928125,-121.450000000001));
#2285=CARTESIAN_POINT('',(-9.07111242520772,-25.6596461928125,-119.862500000001));
#2286=CARTESIAN_POINT('',(-9.07111242520772,-29.6596461928125,-121.450000000001));
#2287=CARTESIAN_POINT('',(-9.07111242520772,-29.6596461928125,-121.450000000001));
#2288=CARTESIAN_POINT('',(-9.07111242520772,-29.6596461928125,-122.350000000001));
#2289=CARTESIAN_POINT('Origin',(12.0788875747923,-22.2096461928125,-122.350000000001));
#2290=CARTESIAN_POINT('Origin',(-7.57111242520772,-29.6596461928125,-121.450000000001));
#2291=CARTESIAN_POINT('',(-7.57111242520772,-25.6596461928125,-121.450000000001));
#2292=CARTESIAN_POINT('',(-8.69611242520772,-25.6596461928125,-121.450000000001));
#2293=CARTESIAN_POINT('',(-7.57111242520772,-29.6596461928125,-121.450000000001));
#2294=CARTESIAN_POINT('',(-7.57111242520772,-29.6596461928125,-121.450000000001));
#2295=CARTESIAN_POINT('',(-8.69611242520772,-29.6596461928125,-121.450000000001));
#2296=CARTESIAN_POINT('Origin',(-9.82111242520772,-29.6596461928125,-118.275000000001));
#2297=CARTESIAN_POINT('',(-7.57111242520772,-29.6596461928125,-121.550000000001));
#2298=CARTESIAN_POINT('',(-12.0711124252077,-29.6596461928125,-115.000000000001));
#2299=CARTESIAN_POINT('Origin',(-7.57111242520772,-29.6596461928125,-115.000000000001));
#2300=CARTESIAN_POINT('',(-7.57111242520772,-25.6596461928125,-121.550000000001));
#2301=CARTESIAN_POINT('Origin',(-12.0711124252077,-29.6596461928125,-121.550000000001));
#2302=CARTESIAN_POINT('Origin',(-9.82111242520772,-25.6596461928125,-118.275000000001));
#2303=CARTESIAN_POINT('Origin',(7.57888757479228,-29.6596461928125,-121.550000000001));
#2304=CARTESIAN_POINT('Origin',(11.9092347724866,-9.65964619281251,-72.9250000000012));
#2305=CARTESIAN_POINT('',(10.9842347724866,-9.65964619281251,-72.9250000000012));
#2306=CARTESIAN_POINT('Origin',(11.9092347724866,-9.65964619281251,-72.9250000000012));
#2307=CARTESIAN_POINT('',(10.9842347724866,-5.65964619281251,-72.9250000000012));
#2308=CARTESIAN_POINT('',(10.9842347724866,-9.65964619281251,-72.9250000000012));
#2309=CARTESIAN_POINT('Origin',(11.9092347724866,-5.65964619281251,-72.9250000000012));
#2310=CARTESIAN_POINT('Origin',(11.9092347724866,-9.65964619281251,-96.5750000000012));
#2311=CARTESIAN_POINT('',(10.9842347724866,-9.65964619281251,-96.5750000000012));
#2312=CARTESIAN_POINT('Origin',(11.9092347724866,-9.65964619281251,-96.5750000000012));
#2313=CARTESIAN_POINT('',(10.9842347724866,-5.65964619281251,-96.5750000000012));
#2314=CARTESIAN_POINT('',(10.9842347724866,-9.65964619281251,-96.5750000000012));
#2315=CARTESIAN_POINT('Origin',(11.9092347724866,-5.65964619281251,-96.5750000000012));
#2316=CARTESIAN_POINT('Origin',(-11.8407652275134,-9.65964619281251,-72.9250000000012));
#2317=CARTESIAN_POINT('',(-12.7657652275134,-9.65964619281251,-72.9250000000012));
#2318=CARTESIAN_POINT('Origin',(-11.8407652275134,-9.65964619281251,-72.9250000000012));
#2319=CARTESIAN_POINT('',(-12.7657652275134,-5.65964619281251,-72.9250000000012));
#2320=CARTESIAN_POINT('',(-12.7657652275134,-9.65964619281251,-72.9250000000012));
#2321=CARTESIAN_POINT('Origin',(-11.8407652275134,-5.65964619281251,-72.9250000000012));
#2322=CARTESIAN_POINT('Origin',(-11.8407652275134,-9.65964619281251,-96.5750000000012));
#2323=CARTESIAN_POINT('',(-12.7657652275134,-9.65964619281251,-96.5750000000012));
#2324=CARTESIAN_POINT('Origin',(-11.8407652275134,-9.65964619281251,-96.5750000000012));
#2325=CARTESIAN_POINT('',(-12.7657652275134,-5.65964619281251,-96.5750000000012));
#2326=CARTESIAN_POINT('',(-12.7657652275134,-9.65964619281251,-96.5750000000012));
#2327=CARTESIAN_POINT('Origin',(-11.8407652275134,-5.65964619281251,-96.5750000000012));
#2328=CARTESIAN_POINT('Origin',(5.78423477248656,-9.65964619281251,-111.000000000001));
#2329=CARTESIAN_POINT('',(15.5342347724866,-9.65964619281251,-111.000000000001));
#2330=CARTESIAN_POINT('',(5.78423477248656,-9.65964619281251,-111.000000000001));
#2331=CARTESIAN_POINT('',(2.90923477248656,-9.65964619281251,-111.000000000001));
#2332=CARTESIAN_POINT('',(15.5342347724866,-9.65964619281251,-69.0000000000012));
#2333=CARTESIAN_POINT('',(15.5342347724866,-9.65964619281251,-111.000000000001));
#2334=CARTESIAN_POINT('',(5.78423477248656,-9.65964619281251,-69.0000000000012));
#2335=CARTESIAN_POINT('',(5.78423477248656,-9.65964619281251,-69.0000000000012));
#2336=CARTESIAN_POINT('',(5.78423477248656,-9.65964619281251,-111.000000000001));
#2337=CARTESIAN_POINT('Origin',(10.6592347724866,-7.65964619281251,-69.0000000000012));
#2338=CARTESIAN_POINT('',(15.5342347724866,-5.65964619281251,-69.0000000000012));
#2339=CARTESIAN_POINT('',(15.5342347724866,-9.65964619281251,-69.0000000000012));
#2340=CARTESIAN_POINT('',(5.78423477248656,-5.65964619281251,-69.0000000000012));
#2341=CARTESIAN_POINT('',(15.5342347724866,-5.65964619281251,-69.0000000000012));
#2342=CARTESIAN_POINT('',(5.78423477248656,-5.65964619281251,-69.0000000000012));
#2343=CARTESIAN_POINT('Origin',(0.0342347724865588,-20.6596461928125,-111.000000000001));
#2344=CARTESIAN_POINT('',(-5.71576522751344,-9.65964619281251,-111.000000000001));
#2345=CARTESIAN_POINT('',(35.0342347724866,-9.65964619281251,-111.000000000001));
#2346=CARTESIAN_POINT('',(-15.4657652275134,-9.65964619281251,-111.000000000001));
#2347=CARTESIAN_POINT('',(-7.71576522751344,-9.65964619281251,-111.000000000001));
#2348=CARTESIAN_POINT('',(-34.9657652275134,-9.65964619281251,-111.000000000001));
#2349=CARTESIAN_POINT('',(35.0342347724866,-9.65964619281251,-111.000000000001));
#2350=CARTESIAN_POINT('',(-34.9657652275134,-31.6596461928125,-111.000000000001));
#2351=CARTESIAN_POINT('',(-34.9657652275134,-9.65964619281251,-111.000000000001));
#2352=CARTESIAN_POINT('',(35.0342347724866,-31.6596461928125,-111.000000000001));
#2353=CARTESIAN_POINT('',(-34.9657652275134,-31.6596461928125,-111.000000000001));
#2354=CARTESIAN_POINT('',(35.0342347724866,-9.65964619281251,-111.000000000001));
#2355=CARTESIAN_POINT('',(35.0342347724866,-31.6596461928125,-111.000000000001));
#2356=CARTESIAN_POINT('',(35.0342347724866,-9.65964619281251,-111.000000000001));
#2357=CARTESIAN_POINT('',(32.9092347724866,-26.874866052847,-111.000000000001));
#2358=CARTESIAN_POINT('Origin',(30.0342347724866,-26.874866052847,-111.000000000001));
#2359=CARTESIAN_POINT('',(-27.1209692336649,-26.6901383555236,-111.000000000001));
#2360=CARTESIAN_POINT('Origin',(-29.9959692336649,-26.6901383555236,-111.000000000001));
#2361=CARTESIAN_POINT('Origin',(-15.4657652275134,-9.65964619281251,-111.000000000001));
#2362=CARTESIAN_POINT('',(-5.71576522751344,-9.65964619281251,-69.0000000000012));
#2363=CARTESIAN_POINT('',(-5.71576522751344,-9.65964619281251,-111.000000000001));
#2364=CARTESIAN_POINT('',(-15.4657652275134,-9.65964619281251,-69.0000000000012));
#2365=CARTESIAN_POINT('',(-15.4657652275134,-9.65964619281251,-69.0000000000012));
#2366=CARTESIAN_POINT('',(-15.4657652275134,-9.65964619281251,-111.000000000001));
#2367=CARTESIAN_POINT('Origin',(-10.5907652275134,-7.65964619281251,-69.0000000000012));
#2368=CARTESIAN_POINT('',(-5.71576522751344,-5.65964619281251,-69.0000000000012));
#2369=CARTESIAN_POINT('',(-5.71576522751344,-9.65964619281251,-69.0000000000012));
#2370=CARTESIAN_POINT('',(-15.4657652275134,-5.65964619281251,-69.0000000000012));
#2371=CARTESIAN_POINT('',(-5.71576522751344,-5.65964619281251,-69.0000000000012));
#2372=CARTESIAN_POINT('',(-15.4657652275134,-5.65964619281251,-69.0000000000012));
#2373=CARTESIAN_POINT('Origin',(-5.71576522751344,-9.65964619281251,-111.000000000001));
#2374=CARTESIAN_POINT('',(-5.71576522751344,-9.65964619281251,-113.000000000001));
#2375=CARTESIAN_POINT('',(-5.71576522751344,-5.65964619281251,-111.000000000001));
#2376=CARTESIAN_POINT('Origin',(-15.4657652275134,-9.65964619281251,-115.000000000001));
#2377=CARTESIAN_POINT('',(-15.4657652275134,-9.65964619281251,-115.000000000001));
#2378=CARTESIAN_POINT('',(-15.4657652275134,-5.65964619281251,-115.000000000001));
#2379=CARTESIAN_POINT('Origin',(-10.5907652275134,-5.65964619281251,-113.000000000001));
#2380=CARTESIAN_POINT('Origin',(35.0342347724866,-9.65964619281251,-115.000000000001));
#2381=CARTESIAN_POINT('',(5.78423477248656,-9.65964619281251,-115.000000000001));
#2382=CARTESIAN_POINT('Origin',(35.0342347724866,-9.65964619281251,-115.000000000001));
#2383=CARTESIAN_POINT('',(-34.9657652275134,-9.65964619281251,-115.000000000001));
#2384=CARTESIAN_POINT('Origin',(15.5342347724866,-9.65964619281251,-111.000000000001));
#2385=CARTESIAN_POINT('',(15.5342347724866,-9.65964619281251,-113.000000000001));
#2386=CARTESIAN_POINT('',(15.5342347724866,-5.65964619281251,-111.000000000001));
#2387=CARTESIAN_POINT('Origin',(5.78423477248656,-9.65964619281251,-115.000000000001));
#2388=CARTESIAN_POINT('',(5.78423477248656,-5.65964619281251,-115.000000000001));
#2389=CARTESIAN_POINT('Origin',(10.6592347724866,-5.65964619281251,-113.000000000001));
#2390=CARTESIAN_POINT('Origin',(35.0342347724866,-9.65964619281251,-115.000000000001));
#2391=CARTESIAN_POINT('',(35.0342347724866,-9.65964619281251,-115.000000000001));
#2392=CARTESIAN_POINT('Origin',(30.0342347724866,-26.874866052847,-125.000000000001));
#2393=CARTESIAN_POINT('',(32.9092347724866,-26.874866052847,-125.000000000001));
#2394=CARTESIAN_POINT('',(32.9092347724866,-26.874866052847,-125.000000000001));
#2395=CARTESIAN_POINT('Origin',(30.0342347724866,-26.874866052847,-125.000000000001));
#2396=CARTESIAN_POINT('Origin',(25.0342347724866,-21.874866052847,-125.000000000001));
#2397=CARTESIAN_POINT('',(25.0342347724866,-21.874866052847,-125.000000000001));
#2398=CARTESIAN_POINT('',(25.0342347724866,-31.6596461928125,-125.000000000001));
#2399=CARTESIAN_POINT('',(25.0342347724866,-21.874866052847,-125.000000000001));
#2400=CARTESIAN_POINT('',(25.0342347724866,-31.6596461928125,-125.000000000001));
#2401=CARTESIAN_POINT('',(25.0342347724866,-21.874866052847,-125.000000000001));
#2402=CARTESIAN_POINT('Origin',(35.0342347724866,-21.874866052847,-125.000000000001));
#2403=CARTESIAN_POINT('',(35.0342347724866,-21.874866052847,-125.000000000001));
#2404=CARTESIAN_POINT('',(35.0342347724866,-21.874866052847,-125.000000000001));
#2405=CARTESIAN_POINT('',(35.0342347724866,-21.874866052847,-125.000000000001));
#2406=CARTESIAN_POINT('Origin',(35.0342347724866,-31.6596461928125,-125.000000000001));
#2407=CARTESIAN_POINT('',(35.0342347724866,-31.6596461928125,-125.000000000001));
#2408=CARTESIAN_POINT('',(35.0342347724866,-31.6596461928125,-125.000000000001));
#2409=CARTESIAN_POINT('',(35.0342347724866,-31.6596461928125,-125.000000000001));
#2410=CARTESIAN_POINT('Origin',(30.0342347724866,-26.7672561228297,-125.000000000001));
#2411=CARTESIAN_POINT('',(-34.9657652275134,-31.6596461928125,-125.000000000001));
#2412=CARTESIAN_POINT('Origin',(-29.9959692336649,-26.6901383555236,-125.000000000001));
#2413=CARTESIAN_POINT('',(-27.1209692336649,-26.6901383555236,-125.000000000001));
#2414=CARTESIAN_POINT('',(-27.1209692336649,-26.6901383555236,-125.000000000001));
#2415=CARTESIAN_POINT('Origin',(-29.9959692336649,-26.6901383555236,-125.000000000001));
#2416=CARTESIAN_POINT('Origin',(-24.9652917598898,-21.7210052163481,-125.000000000001));
#2417=CARTESIAN_POINT('',(-24.9652917598898,-21.7210052163481,-125.000000000001));
#2418=CARTESIAN_POINT('',(-34.9651023728404,-21.6594608817485,-125.000000000001));
#2419=CARTESIAN_POINT('',(-24.9652917598898,-21.7210052163481,-125.000000000001));
#2420=CARTESIAN_POINT('',(-34.9651023728404,-21.6594608817485,-125.000000000001));
#2421=CARTESIAN_POINT('',(-24.9652917598898,-21.7210052163481,-125.000000000001));
#2422=CARTESIAN_POINT('Origin',(-25.026459622902,-31.6596461928125,-125.000000000001));
#2423=CARTESIAN_POINT('',(-25.026459622902,-31.6596461928125,-125.000000000001));
#2424=CARTESIAN_POINT('',(-25.0268360944894,-31.7208158292986,-125.000000000001));
#2425=CARTESIAN_POINT('',(-25.026459622902,-31.6596461928125,-125.000000000001));
#2426=CARTESIAN_POINT('Origin',(-34.9657652275134,-31.6596461928125,-125.000000000001));
#2427=CARTESIAN_POINT('',(-34.9657652275134,-31.6596461928125,-125.000000000001));
#2428=CARTESIAN_POINT('',(-34.9657652275134,-31.6596461928125,-125.000000000001));
#2429=CARTESIAN_POINT('',(-34.9657652275134,-31.6596461928125,-125.000000000001));
#2430=CARTESIAN_POINT('Origin',(-34.9657652275134,-21.7671624474147,-125.000000000001));
#2431=CARTESIAN_POINT('',(-34.9657652275134,-21.7671624474147,-125.000000000001));
#2432=CARTESIAN_POINT('',(-34.9657652275134,-9.65964619281251,-125.000000000001));
#2433=CARTESIAN_POINT('',(-34.9657652275134,-21.7671624474147,-125.000000000001));
#2434=CARTESIAN_POINT('Origin',(-34.9651023728404,-21.6594608817485,-125.000000000001));
#2435=CARTESIAN_POINT('',(-34.9651023728404,-21.6594608817485,-125.000000000001));
#2436=CARTESIAN_POINT('Origin',(-29.9655284937016,-26.6595535372805,-125.000000000001));
#2437=UNCERTAINTY_MEASURE_WITH_UNIT(LENGTH_MEASURE(0.01),#2441,
'DISTANCE_ACCURACY_VALUE',
'Maximum model space distance between geometric entities at asserted c
onnectivities');
#2438=UNCERTAINTY_MEASURE_WITH_UNIT(LENGTH_MEASURE(0.01),#2441,
'DISTANCE_ACCURACY_VALUE',
'Maximum model space distance between geometric entities at asserted c
onnectivities');
#2439=(
GEOMETRIC_REPRESENTATION_CONTEXT(3)
GLOBAL_UNCERTAINTY_ASSIGNED_CONTEXT((#2437))
GLOBAL_UNIT_ASSIGNED_CONTEXT((#2441,#2443,#2444))
REPRESENTATION_CONTEXT('','3D')
);
#2440=(
GEOMETRIC_REPRESENTATION_CONTEXT(3)
GLOBAL_UNCERTAINTY_ASSIGNED_CONTEXT((#2438))
GLOBAL_UNIT_ASSIGNED_CONTEXT((#2441,#2443,#2444))
REPRESENTATION_CONTEXT('','3D')
);
#2441=(
LENGTH_UNIT()
NAMED_UNIT(*)
SI_UNIT(.MILLI.,.METRE.)
);
#2442=(
LENGTH_UNIT()
NAMED_UNIT(*)
SI_UNIT($,.METRE.)
);
#2443=(
NAMED_UNIT(*)
PLANE_ANGLE_UNIT()
SI_UNIT($,.RADIAN.)
);
#2444=(
NAMED_UNIT(*)
SI_UNIT($,.STERADIAN.)
SOLID_ANGLE_UNIT()
);
#2445=SHAPE_DEFINITION_REPRESENTATION(#2446,#2447);
#2446=PRODUCT_DEFINITION_SHAPE('',$,#2449);
#2447=SHAPE_REPRESENTATION('',(#1549),#2439);
#2448=PRODUCT_DEFINITION_CONTEXT('part definition',#2453,'design');
#2449=PRODUCT_DEFINITION('Screen and buttons bracket',
'Screen and buttons bracket',#2450,#2448);
#2450=PRODUCT_DEFINITION_FORMATION('',$,#2455);
#2451=PRODUCT_RELATED_PRODUCT_CATEGORY('Screen and buttons bracket',
'Screen and buttons bracket',(#2455));
#2452=APPLICATION_PROTOCOL_DEFINITION('international standard',
'automotive_design',2009,#2453);
#2453=APPLICATION_CONTEXT(
'Core Data for Automotive Mechanical Design Process');
#2454=PRODUCT_CONTEXT('part definition',#2453,'mechanical');
#2455=PRODUCT('Screen and buttons bracket','Screen and buttons bracket',
$,(#2454));
#2456=PRESENTATION_STYLE_ASSIGNMENT((#2458));
#2457=PRESENTATION_STYLE_ASSIGNMENT((#2459));
#2458=SURFACE_STYLE_USAGE(.BOTH.,#2460);
#2459=SURFACE_STYLE_USAGE(.BOTH.,#2461);
#2460=SURFACE_SIDE_STYLE('',(#2462));
#2461=SURFACE_SIDE_STYLE('',(#2463));
#2462=SURFACE_STYLE_FILL_AREA(#2464);
#2463=SURFACE_STYLE_FILL_AREA(#2465);
#2464=FILL_AREA_STYLE(
'PA 12 - Nylon - PA 603-CF (with EOS P 3D Printers)',(#2466));
#2465=FILL_AREA_STYLE('ABS (White)',(#2467));
#2466=FILL_AREA_STYLE_COLOUR(
'PA 12 - Nylon - PA 603-CF (with EOS P 3D Printers)',#2468);
#2467=FILL_AREA_STYLE_COLOUR('ABS (White)',#2469);
#2468=COLOUR_RGB('PA 12 - Nylon - PA 603-CF (with EOS P 3D Printers)',0.247058823529412,
0.247058823529412,0.247058823529412);
#2469=COLOUR_RGB('ABS (White)',0.996078431372549,0.313725490196078,0.);
ENDSEC;
END-ISO-10303-21;
