ISO-10303-21;
HEADER;
/* Generated by software containing ST-Developer
 * from STEP Tools, Inc. (www.steptools.com) 
 */

FILE_DESCRIPTION(
/* description */ (''),
/* implementation_level */ '2;1');

FILE_NAME(
/* name */ 'Temperature sensor pod.step',
/* time_stamp */ '2026-05-13T02:05:31+03:00',
/* author */ (''),
/* organization */ (''),
/* preprocessor_version */ 'ST-DEVELOPER v20.1',
/* originating_system */ 'Autodesk Translation Framework v15.8.0.0',
/* authorisation */ '');

FILE_SCHEMA (('AUTOMOTIVE_DESIGN { 1 0 10303 214 3 1 1 }'));
ENDSEC;

DATA;
#10=MECHANICAL_DESIGN_GEOMETRIC_PRESENTATION_REPRESENTATION('',(#13),#9983);
#11=SHAPE_REPRESENTATION_RELATIONSHIP('SRR','None',#9990,#12);
#12=ADVANCED_BREP_SHAPE_REPRESENTATION('',(#14),#9982);
#13=STYLED_ITEM('',(#9999),#14);
#14=MANIFOLD_SOLID_BREP('Body1',#5891);
#15=B_SPLINE_SURFACE_WITH_KNOTS('',3,3,((#7892,#7893,#7894,#7895),(#7896,
#7897,#7898,#7899),(#7900,#7901,#7902,#7903),(#7904,#7905,#7906,#7907)),
 .UNSPECIFIED.,.F.,.F.,.F.,(4,4),(4,4),(0.,1.),(0.,1.),.UNSPECIFIED.);
#16=B_SPLINE_SURFACE_WITH_KNOTS('',3,3,((#7916,#7917,#7918,#7919),(#7920,
#7921,#7922,#7923),(#7924,#7925,#7926,#7927),(#7928,#7929,#7930,#7931)),
 .UNSPECIFIED.,.F.,.F.,.F.,(4,4),(4,4),(0.,1.),(0.,1.),.UNSPECIFIED.);
#17=B_SPLINE_SURFACE_WITH_KNOTS('',3,3,((#7943,#7944,#7945,#7946),(#7947,
#7948,#7949,#7950),(#7951,#7952,#7953,#7954),(#7955,#7956,#7957,#7958)),
 .UNSPECIFIED.,.F.,.F.,.F.,(4,4),(4,4),(0.,1.),(0.,1.),.UNSPECIFIED.);
#18=B_SPLINE_SURFACE_WITH_KNOTS('',3,3,((#7971,#7972,#7973,#7974),(#7975,
#7976,#7977,#7978),(#7979,#7980,#7981,#7982),(#7983,#7984,#7985,#7986)),
 .UNSPECIFIED.,.F.,.F.,.F.,(4,4),(4,4),(0.,1.),(0.,1.),.UNSPECIFIED.);
#19=B_SPLINE_SURFACE_WITH_KNOTS('',3,3,((#8001,#8002,#8003,#8004),(#8005,
#8006,#8007,#8008),(#8009,#8010,#8011,#8012),(#8013,#8014,#8015,#8016)),
 .UNSPECIFIED.,.F.,.F.,.F.,(4,4),(4,4),(0.,1.),(0.,1.),.UNSPECIFIED.);
#20=B_SPLINE_SURFACE_WITH_KNOTS('',3,3,((#8022,#8023,#8024,#8025),(#8026,
#8027,#8028,#8029),(#8030,#8031,#8032,#8033),(#8034,#8035,#8036,#8037)),
 .UNSPECIFIED.,.F.,.F.,.F.,(4,4),(4,4),(0.,1.),(0.,1.),.UNSPECIFIED.);
#21=B_SPLINE_SURFACE_WITH_KNOTS('',3,3,((#8040,#8041,#8042,#8043),(#8044,
#8045,#8046,#8047),(#8048,#8049,#8050,#8051),(#8052,#8053,#8054,#8055)),
 .UNSPECIFIED.,.F.,.F.,.F.,(4,4),(4,4),(0.,1.),(0.,1.),.UNSPECIFIED.);
#22=B_SPLINE_SURFACE_WITH_KNOTS('',3,3,((#8066,#8067,#8068,#8069),(#8070,
#8071,#8072,#8073),(#8074,#8075,#8076,#8077),(#8078,#8079,#8080,#8081)),
 .UNSPECIFIED.,.F.,.F.,.F.,(4,4),(4,4),(0.,1.),(0.,1.),.UNSPECIFIED.);
#23=B_SPLINE_SURFACE_WITH_KNOTS('',3,3,((#8089,#8090,#8091,#8092),(#8093,
#8094,#8095,#8096),(#8097,#8098,#8099,#8100),(#8101,#8102,#8103,#8104)),
 .UNSPECIFIED.,.F.,.F.,.F.,(4,4),(4,4),(0.,1.),(0.,1.),.UNSPECIFIED.);
#24=B_SPLINE_SURFACE_WITH_KNOTS('',3,3,((#8115,#8116,#8117,#8118),(#8119,
#8120,#8121,#8122),(#8123,#8124,#8125,#8126),(#8127,#8128,#8129,#8130)),
 .UNSPECIFIED.,.F.,.F.,.F.,(4,4),(4,4),(0.,1.),(0.,1.),.UNSPECIFIED.);
#25=B_SPLINE_SURFACE_WITH_KNOTS('',3,3,((#8145,#8146,#8147,#8148),(#8149,
#8150,#8151,#8152),(#8153,#8154,#8155,#8156),(#8157,#8158,#8159,#8160)),
 .UNSPECIFIED.,.F.,.F.,.F.,(4,4),(4,4),(0.,1.),(0.,1.),.UNSPECIFIED.);
#26=B_SPLINE_SURFACE_WITH_KNOTS('',3,3,((#8166,#8167,#8168,#8169),(#8170,
#8171,#8172,#8173),(#8174,#8175,#8176,#8177),(#8178,#8179,#8180,#8181)),
 .UNSPECIFIED.,.F.,.F.,.F.,(4,4),(4,4),(0.,1.),(0.,1.),.UNSPECIFIED.);
#27=B_SPLINE_SURFACE_WITH_KNOTS('',3,3,((#8184,#8185,#8186,#8187),(#8188,
#8189,#8190,#8191),(#8192,#8193,#8194,#8195),(#8196,#8197,#8198,#8199)),
 .UNSPECIFIED.,.F.,.F.,.F.,(4,4),(4,4),(0.,1.),(0.,1.),.UNSPECIFIED.);
#28=B_SPLINE_SURFACE_WITH_KNOTS('',3,3,((#8214,#8215,#8216,#8217),(#8218,
#8219,#8220,#8221),(#8222,#8223,#8224,#8225),(#8226,#8227,#8228,#8229)),
 .UNSPECIFIED.,.F.,.F.,.F.,(4,4),(4,4),(0.,1.),(0.,1.),.UNSPECIFIED.);
#29=B_SPLINE_SURFACE_WITH_KNOTS('',3,3,((#8235,#8236,#8237,#8238),(#8239,
#8240,#8241,#8242),(#8243,#8244,#8245,#8246),(#8247,#8248,#8249,#8250)),
 .UNSPECIFIED.,.F.,.F.,.F.,(4,4),(4,4),(0.,1.),(0.,1.),.UNSPECIFIED.);
#30=B_SPLINE_SURFACE_WITH_KNOTS('',3,3,((#8253,#8254,#8255,#8256),(#8257,
#8258,#8259,#8260),(#8261,#8262,#8263,#8264),(#8265,#8266,#8267,#8268)),
 .UNSPECIFIED.,.F.,.F.,.F.,(4,4),(4,4),(0.,1.),(0.,1.),.UNSPECIFIED.);
#31=B_SPLINE_SURFACE_WITH_KNOTS('',3,3,((#8277,#8278,#8279,#8280),(#8281,
#8282,#8283,#8284),(#8285,#8286,#8287,#8288),(#8289,#8290,#8291,#8292)),
 .UNSPECIFIED.,.F.,.F.,.F.,(4,4),(4,4),(0.,1.),(0.,1.),.UNSPECIFIED.);
#32=B_SPLINE_SURFACE_WITH_KNOTS('',3,3,((#8304,#8305,#8306,#8307),(#8308,
#8309,#8310,#8311),(#8312,#8313,#8314,#8315),(#8316,#8317,#8318,#8319)),
 .UNSPECIFIED.,.F.,.F.,.F.,(4,4),(4,4),(0.,1.),(0.,1.),.UNSPECIFIED.);
#33=B_SPLINE_SURFACE_WITH_KNOTS('',3,3,((#8330,#8331,#8332,#8333),(#8334,
#8335,#8336,#8337),(#8338,#8339,#8340,#8341),(#8342,#8343,#8344,#8345)),
 .UNSPECIFIED.,.F.,.F.,.F.,(4,4),(4,4),(0.,1.),(0.,1.),.UNSPECIFIED.);
#34=B_SPLINE_SURFACE_WITH_KNOTS('',3,3,((#8354,#8355,#8356,#8357),(#8358,
#8359,#8360,#8361),(#8362,#8363,#8364,#8365),(#8366,#8367,#8368,#8369)),
 .UNSPECIFIED.,.F.,.F.,.F.,(4,4),(4,4),(0.,1.),(0.,1.),.UNSPECIFIED.);
#35=B_SPLINE_SURFACE_WITH_KNOTS('',3,3,((#8381,#8382,#8383,#8384),(#8385,
#8386,#8387,#8388),(#8389,#8390,#8391,#8392),(#8393,#8394,#8395,#8396)),
 .UNSPECIFIED.,.F.,.F.,.F.,(4,4),(4,4),(0.,1.),(0.,1.),.UNSPECIFIED.);
#36=B_SPLINE_SURFACE_WITH_KNOTS('',3,3,((#8399,#8400,#8401,#8402),(#8403,
#8404,#8405,#8406),(#8407,#8408,#8409,#8410),(#8411,#8412,#8413,#8414)),
 .UNSPECIFIED.,.F.,.F.,.F.,(4,4),(4,4),(0.,1.),(0.,1.),.UNSPECIFIED.);
#37=B_SPLINE_SURFACE_WITH_KNOTS('',3,3,((#8425,#8426,#8427,#8428),(#8429,
#8430,#8431,#8432),(#8433,#8434,#8435,#8436),(#8437,#8438,#8439,#8440)),
 .UNSPECIFIED.,.F.,.F.,.F.,(4,4),(4,4),(0.,1.),(0.,1.),.UNSPECIFIED.);
#38=B_SPLINE_SURFACE_WITH_KNOTS('',3,3,((#8454,#8455,#8456,#8457),(#8458,
#8459,#8460,#8461),(#8462,#8463,#8464,#8465),(#8466,#8467,#8468,#8469)),
 .UNSPECIFIED.,.F.,.F.,.F.,(4,4),(4,4),(0.,1.),(0.,1.),.UNSPECIFIED.);
#39=B_SPLINE_SURFACE_WITH_KNOTS('',3,3,((#8474,#8475,#8476,#8477),(#8478,
#8479,#8480,#8481),(#8482,#8483,#8484,#8485),(#8486,#8487,#8488,#8489)),
 .UNSPECIFIED.,.F.,.F.,.F.,(4,4),(4,4),(0.,1.),(0.,1.),.UNSPECIFIED.);
#40=B_SPLINE_SURFACE_WITH_KNOTS('',3,3,((#8498,#8499,#8500,#8501),(#8502,
#8503,#8504,#8505),(#8506,#8507,#8508,#8509),(#8510,#8511,#8512,#8513)),
 .UNSPECIFIED.,.F.,.F.,.F.,(4,4),(4,4),(0.,1.),(0.,1.),.UNSPECIFIED.);
#41=B_SPLINE_SURFACE_WITH_KNOTS('',3,3,((#8525,#8526,#8527,#8528),(#8529,
#8530,#8531,#8532),(#8533,#8534,#8535,#8536),(#8537,#8538,#8539,#8540)),
 .UNSPECIFIED.,.F.,.F.,.F.,(4,4),(4,4),(0.,1.),(0.,1.),.UNSPECIFIED.);
#42=B_SPLINE_SURFACE_WITH_KNOTS('',3,3,((#8543,#8544,#8545,#8546),(#8547,
#8548,#8549,#8550),(#8551,#8552,#8553,#8554),(#8555,#8556,#8557,#8558)),
 .UNSPECIFIED.,.F.,.F.,.F.,(4,4),(4,4),(0.,1.),(0.,1.),.UNSPECIFIED.);
#43=B_SPLINE_SURFACE_WITH_KNOTS('',3,3,((#8567,#8568,#8569,#8570),(#8571,
#8572,#8573,#8574),(#8575,#8576,#8577,#8578),(#8579,#8580,#8581,#8582)),
 .UNSPECIFIED.,.F.,.F.,.F.,(4,4),(4,4),(0.,1.),(0.,1.),.UNSPECIFIED.);
#44=B_SPLINE_SURFACE_WITH_KNOTS('',3,3,((#8594,#8595,#8596,#8597),(#8598,
#8599,#8600,#8601),(#8602,#8603,#8604,#8605),(#8606,#8607,#8608,#8609)),
 .UNSPECIFIED.,.F.,.F.,.F.,(4,4),(4,4),(0.,1.),(0.,1.),.UNSPECIFIED.);
#45=B_SPLINE_SURFACE_WITH_KNOTS('',3,3,((#8612,#8613,#8614,#8615),(#8616,
#8617,#8618,#8619),(#8620,#8621,#8622,#8623),(#8624,#8625,#8626,#8627)),
 .UNSPECIFIED.,.F.,.F.,.F.,(4,4),(4,4),(0.,1.),(0.,1.),.UNSPECIFIED.);
#46=B_SPLINE_SURFACE_WITH_KNOTS('',3,3,((#8638,#8639,#8640,#8641),(#8642,
#8643,#8644,#8645),(#8646,#8647,#8648,#8649),(#8650,#8651,#8652,#8653)),
 .UNSPECIFIED.,.F.,.F.,.F.,(4,4),(4,4),(0.,1.),(0.,1.),.UNSPECIFIED.);
#47=B_SPLINE_SURFACE_WITH_KNOTS('',3,3,((#8664,#8665,#8666,#8667),(#8668,
#8669,#8670,#8671),(#8672,#8673,#8674,#8675),(#8676,#8677,#8678,#8679)),
 .UNSPECIFIED.,.F.,.F.,.F.,(4,4),(4,4),(0.,1.),(0.,1.),.UNSPECIFIED.);
#48=B_SPLINE_SURFACE_WITH_KNOTS('',3,3,((#8704,#8705,#8706,#8707),(#8708,
#8709,#8710,#8711),(#8712,#8713,#8714,#8715),(#8716,#8717,#8718,#8719)),
 .UNSPECIFIED.,.F.,.F.,.F.,(4,4),(4,4),(0.,1.),(0.,1.),.UNSPECIFIED.);
#49=B_SPLINE_SURFACE_WITH_KNOTS('',3,3,((#8730,#8731,#8732,#8733),(#8734,
#8735,#8736,#8737),(#8738,#8739,#8740,#8741),(#8742,#8743,#8744,#8745)),
 .UNSPECIFIED.,.F.,.F.,.F.,(4,4),(4,4),(0.,1.),(0.,1.),.UNSPECIFIED.);
#50=B_SPLINE_SURFACE_WITH_KNOTS('',3,3,((#8753,#8754,#8755,#8756),(#8757,
#8758,#8759,#8760),(#8761,#8762,#8763,#8764),(#8765,#8766,#8767,#8768)),
 .UNSPECIFIED.,.F.,.F.,.F.,(4,4),(4,4),(0.,1.),(0.,1.),.UNSPECIFIED.);
#51=B_SPLINE_SURFACE_WITH_KNOTS('',3,3,((#8792,#8793,#8794,#8795),(#8796,
#8797,#8798,#8799),(#8800,#8801,#8802,#8803),(#8804,#8805,#8806,#8807)),
 .UNSPECIFIED.,.F.,.F.,.F.,(4,4),(4,4),(0.,1.),(0.,1.),.UNSPECIFIED.);
#52=B_SPLINE_SURFACE_WITH_KNOTS('',3,3,((#8818,#8819,#8820,#8821),(#8822,
#8823,#8824,#8825),(#8826,#8827,#8828,#8829),(#8830,#8831,#8832,#8833)),
 .UNSPECIFIED.,.F.,.F.,.F.,(4,4),(4,4),(0.,1.),(0.,1.),.UNSPECIFIED.);
#53=B_SPLINE_SURFACE_WITH_KNOTS('',3,3,((#8841,#8842,#8843,#8844),(#8845,
#8846,#8847,#8848),(#8849,#8850,#8851,#8852),(#8853,#8854,#8855,#8856)),
 .UNSPECIFIED.,.F.,.F.,.F.,(4,4),(4,4),(0.,1.),(0.,1.),.UNSPECIFIED.);
#54=B_SPLINE_SURFACE_WITH_KNOTS('',3,3,((#8880,#8881,#8882,#8883),(#8884,
#8885,#8886,#8887),(#8888,#8889,#8890,#8891),(#8892,#8893,#8894,#8895)),
 .UNSPECIFIED.,.F.,.F.,.F.,(4,4),(4,4),(0.,1.),(0.,1.),.UNSPECIFIED.);
#55=B_SPLINE_SURFACE_WITH_KNOTS('',3,3,((#8906,#8907,#8908,#8909),(#8910,
#8911,#8912,#8913),(#8914,#8915,#8916,#8917),(#8918,#8919,#8920,#8921)),
 .UNSPECIFIED.,.F.,.F.,.F.,(4,4),(4,4),(0.,1.),(0.,1.),.UNSPECIFIED.);
#56=B_SPLINE_SURFACE_WITH_KNOTS('',3,3,((#8929,#8930,#8931,#8932),(#8933,
#8934,#8935,#8936),(#8937,#8938,#8939,#8940),(#8941,#8942,#8943,#8944)),
 .UNSPECIFIED.,.F.,.F.,.F.,(4,4),(4,4),(0.,1.),(0.,1.),.UNSPECIFIED.);
#57=B_SPLINE_SURFACE_WITH_KNOTS('',3,3,((#8968,#8969,#8970,#8971),(#8972,
#8973,#8974,#8975),(#8976,#8977,#8978,#8979),(#8980,#8981,#8982,#8983)),
 .UNSPECIFIED.,.F.,.F.,.F.,(4,4),(4,4),(0.,1.),(0.,1.),.UNSPECIFIED.);
#58=B_SPLINE_SURFACE_WITH_KNOTS('',3,3,((#8991,#8992,#8993,#8994),(#8995,
#8996,#8997,#8998),(#8999,#9000,#9001,#9002),(#9003,#9004,#9005,#9006)),
 .UNSPECIFIED.,.F.,.F.,.F.,(4,4),(4,4),(0.,1.),(0.,1.),.UNSPECIFIED.);
#59=B_SPLINE_SURFACE_WITH_KNOTS('',3,3,((#9012,#9013,#9014,#9015),(#9016,
#9017,#9018,#9019),(#9020,#9021,#9022,#9023),(#9024,#9025,#9026,#9027)),
 .UNSPECIFIED.,.F.,.F.,.F.,(4,4),(4,4),(0.,1.),(0.,1.),.UNSPECIFIED.);
#60=B_SPLINE_SURFACE_WITH_KNOTS('',3,3,((#9089,#9090,#9091,#9092),(#9093,
#9094,#9095,#9096),(#9097,#9098,#9099,#9100),(#9101,#9102,#9103,#9104)),
 .UNSPECIFIED.,.F.,.F.,.F.,(4,4),(4,4),(0.,1.),(0.,1.),.UNSPECIFIED.);
#61=B_SPLINE_SURFACE_WITH_KNOTS('',3,3,((#9115,#9116,#9117,#9118),(#9119,
#9120,#9121,#9122),(#9123,#9124,#9125,#9126),(#9127,#9128,#9129,#9130)),
 .UNSPECIFIED.,.F.,.F.,.F.,(4,4),(4,4),(0.,1.),(0.,1.),.UNSPECIFIED.);
#62=B_SPLINE_SURFACE_WITH_KNOTS('',3,3,((#9141,#9142,#9143,#9144),(#9145,
#9146,#9147,#9148),(#9149,#9150,#9151,#9152),(#9153,#9154,#9155,#9156)),
 .UNSPECIFIED.,.F.,.F.,.F.,(4,4),(4,4),(0.,1.),(0.,1.),.UNSPECIFIED.);
#63=B_SPLINE_SURFACE_WITH_KNOTS('',3,3,((#9193,#9194,#9195,#9196),(#9197,
#9198,#9199,#9200),(#9201,#9202,#9203,#9204),(#9205,#9206,#9207,#9208)),
 .UNSPECIFIED.,.F.,.F.,.F.,(4,4),(4,4),(0.,1.),(0.,1.),.UNSPECIFIED.);
#64=B_SPLINE_SURFACE_WITH_KNOTS('',3,3,((#9216,#9217,#9218,#9219),(#9220,
#9221,#9222,#9223),(#9224,#9225,#9226,#9227),(#9228,#9229,#9230,#9231)),
 .UNSPECIFIED.,.F.,.F.,.F.,(4,4),(4,4),(0.,1.),(0.,1.),.UNSPECIFIED.);
#65=B_SPLINE_SURFACE_WITH_KNOTS('',3,3,((#9242,#9243,#9244,#9245),(#9246,
#9247,#9248,#9249),(#9250,#9251,#9252,#9253),(#9254,#9255,#9256,#9257)),
 .UNSPECIFIED.,.F.,.F.,.F.,(4,4),(4,4),(0.,1.),(0.,1.),.UNSPECIFIED.);
#66=B_SPLINE_SURFACE_WITH_KNOTS('',3,3,((#9281,#9282,#9283,#9284),(#9285,
#9286,#9287,#9288),(#9289,#9290,#9291,#9292),(#9293,#9294,#9295,#9296)),
 .UNSPECIFIED.,.F.,.F.,.F.,(4,4),(4,4),(0.,1.),(0.,1.),.UNSPECIFIED.);
#67=B_SPLINE_SURFACE_WITH_KNOTS('',3,3,((#9304,#9305,#9306,#9307),(#9308,
#9309,#9310,#9311),(#9312,#9313,#9314,#9315),(#9316,#9317,#9318,#9319)),
 .UNSPECIFIED.,.F.,.F.,.F.,(4,4),(4,4),(0.,1.),(0.,1.),.UNSPECIFIED.);
#68=B_SPLINE_SURFACE_WITH_KNOTS('',3,3,((#9330,#9331,#9332,#9333),(#9334,
#9335,#9336,#9337),(#9338,#9339,#9340,#9341),(#9342,#9343,#9344,#9345)),
 .UNSPECIFIED.,.F.,.F.,.F.,(4,4),(4,4),(0.,1.),(0.,1.),.UNSPECIFIED.);
#69=B_SPLINE_SURFACE_WITH_KNOTS('',3,3,((#9369,#9370,#9371,#9372),(#9373,
#9374,#9375,#9376),(#9377,#9378,#9379,#9380),(#9381,#9382,#9383,#9384)),
 .UNSPECIFIED.,.F.,.F.,.F.,(4,4),(4,4),(0.,1.),(0.,1.),.UNSPECIFIED.);
#70=B_SPLINE_SURFACE_WITH_KNOTS('',3,3,((#9392,#9393,#9394,#9395),(#9396,
#9397,#9398,#9399),(#9400,#9401,#9402,#9403),(#9404,#9405,#9406,#9407)),
 .UNSPECIFIED.,.F.,.F.,.F.,(4,4),(4,4),(0.,1.),(0.,1.),.UNSPECIFIED.);
#71=B_SPLINE_SURFACE_WITH_KNOTS('',3,3,((#9418,#9419,#9420,#9421),(#9422,
#9423,#9424,#9425),(#9426,#9427,#9428,#9429),(#9430,#9431,#9432,#9433)),
 .UNSPECIFIED.,.F.,.F.,.F.,(4,4),(4,4),(0.,1.),(0.,1.),.UNSPECIFIED.);
#72=B_SPLINE_SURFACE_WITH_KNOTS('',3,3,((#9457,#9458,#9459,#9460),(#9461,
#9462,#9463,#9464),(#9465,#9466,#9467,#9468),(#9469,#9470,#9471,#9472)),
 .UNSPECIFIED.,.F.,.F.,.F.,(4,4),(4,4),(0.,1.),(0.,1.),.UNSPECIFIED.);
#73=B_SPLINE_SURFACE_WITH_KNOTS('',3,3,((#9480,#9481,#9482,#9483),(#9484,
#9485,#9486,#9487),(#9488,#9489,#9490,#9491),(#9492,#9493,#9494,#9495)),
 .UNSPECIFIED.,.F.,.F.,.F.,(4,4),(4,4),(0.,1.),(0.,1.),.UNSPECIFIED.);
#74=B_SPLINE_SURFACE_WITH_KNOTS('',3,3,((#9506,#9507,#9508,#9509),(#9510,
#9511,#9512,#9513),(#9514,#9515,#9516,#9517),(#9518,#9519,#9520,#9521)),
 .UNSPECIFIED.,.F.,.F.,.F.,(4,4),(4,4),(0.,1.),(0.,1.),.UNSPECIFIED.);
#75=FACE_BOUND('',#625,.T.);
#76=FACE_BOUND('',#632,.T.);
#77=FACE_BOUND('',#654,.T.);
#78=FACE_BOUND('',#655,.T.);
#79=FACE_BOUND('',#656,.T.);
#80=FACE_BOUND('',#752,.T.);
#81=FACE_BOUND('',#773,.T.);
#82=FACE_BOUND('',#832,.T.);
#83=FACE_BOUND('',#867,.T.);
#84=FACE_BOUND('',#869,.T.);
#85=FACE_BOUND('',#871,.T.);
#86=FACE_BOUND('',#924,.T.);
#87=FACE_BOUND('',#927,.T.);
#88=FACE_BOUND('',#928,.T.);
#89=FACE_BOUND('',#929,.T.);
#90=FACE_BOUND('',#930,.T.);
#91=FACE_BOUND('',#931,.T.);
#92=PLANE('',#5908);
#93=PLANE('',#5909);
#94=PLANE('',#5910);
#95=PLANE('',#5911);
#96=PLANE('',#5912);
#97=PLANE('',#5913);
#98=PLANE('',#5917);
#99=PLANE('',#5918);
#100=PLANE('',#5919);
#101=PLANE('',#5920);
#102=PLANE('',#5921);
#103=PLANE('',#5922);
#104=PLANE('',#5923);
#105=PLANE('',#5924);
#106=PLANE('',#5925);
#107=PLANE('',#5926);
#108=PLANE('',#5927);
#109=PLANE('',#5928);
#110=PLANE('',#5929);
#111=PLANE('',#5930);
#112=PLANE('',#5931);
#113=PLANE('',#5932);
#114=PLANE('',#5933);
#115=PLANE('',#5934);
#116=PLANE('',#5935);
#117=PLANE('',#5936);
#118=PLANE('',#5937);
#119=PLANE('',#5938);
#120=PLANE('',#5939);
#121=PLANE('',#5940);
#122=PLANE('',#5941);
#123=PLANE('',#5942);
#124=PLANE('',#5943);
#125=PLANE('',#5944);
#126=PLANE('',#5945);
#127=PLANE('',#5946);
#128=PLANE('',#5947);
#129=PLANE('',#5948);
#130=PLANE('',#5949);
#131=PLANE('',#5950);
#132=PLANE('',#5951);
#133=PLANE('',#5952);
#134=PLANE('',#5953);
#135=PLANE('',#5954);
#136=PLANE('',#5955);
#137=PLANE('',#5956);
#138=PLANE('',#5957);
#139=PLANE('',#5958);
#140=PLANE('',#5959);
#141=PLANE('',#5960);
#142=PLANE('',#5961);
#143=PLANE('',#5962);
#144=PLANE('',#5963);
#145=PLANE('',#5964);
#146=PLANE('',#5965);
#147=PLANE('',#5966);
#148=PLANE('',#5967);
#149=PLANE('',#5968);
#150=PLANE('',#5969);
#151=PLANE('',#5970);
#152=PLANE('',#5971);
#153=PLANE('',#5972);
#154=PLANE('',#5973);
#155=PLANE('',#5974);
#156=PLANE('',#5975);
#157=PLANE('',#5976);
#158=PLANE('',#5977);
#159=PLANE('',#5978);
#160=PLANE('',#5979);
#161=PLANE('',#5980);
#162=PLANE('',#5981);
#163=PLANE('',#5982);
#164=PLANE('',#5983);
#165=PLANE('',#5984);
#166=PLANE('',#5985);
#167=PLANE('',#5986);
#168=PLANE('',#5987);
#169=PLANE('',#5988);
#170=PLANE('',#5989);
#171=PLANE('',#5990);
#172=PLANE('',#5991);
#173=PLANE('',#5992);
#174=PLANE('',#5993);
#175=PLANE('',#5994);
#176=PLANE('',#5995);
#177=PLANE('',#5996);
#178=PLANE('',#5997);
#179=PLANE('',#5998);
#180=PLANE('',#5999);
#181=PLANE('',#6000);
#182=PLANE('',#6001);
#183=PLANE('',#6002);
#184=PLANE('',#6003);
#185=PLANE('',#6004);
#186=PLANE('',#6005);
#187=PLANE('',#6006);
#188=PLANE('',#6007);
#189=PLANE('',#6008);
#190=PLANE('',#6009);
#191=PLANE('',#6010);
#192=PLANE('',#6011);
#193=PLANE('',#6012);
#194=PLANE('',#6013);
#195=PLANE('',#6014);
#196=PLANE('',#6015);
#197=PLANE('',#6016);
#198=PLANE('',#6017);
#199=PLANE('',#6018);
#200=PLANE('',#6019);
#201=PLANE('',#6020);
#202=PLANE('',#6021);
#203=PLANE('',#6022);
#204=PLANE('',#6023);
#205=PLANE('',#6024);
#206=PLANE('',#6025);
#207=PLANE('',#6026);
#208=PLANE('',#6027);
#209=PLANE('',#6028);
#210=PLANE('',#6029);
#211=PLANE('',#6030);
#212=PLANE('',#6031);
#213=PLANE('',#6032);
#214=PLANE('',#6033);
#215=PLANE('',#6034);
#216=PLANE('',#6035);
#217=PLANE('',#6036);
#218=PLANE('',#6037);
#219=PLANE('',#6038);
#220=PLANE('',#6039);
#221=PLANE('',#6040);
#222=PLANE('',#6041);
#223=PLANE('',#6042);
#224=PLANE('',#6043);
#225=PLANE('',#6044);
#226=PLANE('',#6045);
#227=PLANE('',#6046);
#228=PLANE('',#6047);
#229=PLANE('',#6048);
#230=PLANE('',#6049);
#231=PLANE('',#6050);
#232=PLANE('',#6051);
#233=PLANE('',#6052);
#234=PLANE('',#6053);
#235=PLANE('',#6054);
#236=PLANE('',#6055);
#237=PLANE('',#6056);
#238=PLANE('',#6057);
#239=PLANE('',#6058);
#240=PLANE('',#6059);
#241=PLANE('',#6060);
#242=PLANE('',#6061);
#243=PLANE('',#6062);
#244=PLANE('',#6063);
#245=PLANE('',#6064);
#246=PLANE('',#6065);
#247=PLANE('',#6066);
#248=PLANE('',#6067);
#249=PLANE('',#6068);
#250=PLANE('',#6069);
#251=PLANE('',#6070);
#252=PLANE('',#6071);
#253=PLANE('',#6072);
#254=PLANE('',#6073);
#255=PLANE('',#6074);
#256=PLANE('',#6075);
#257=PLANE('',#6076);
#258=PLANE('',#6077);
#259=PLANE('',#6078);
#260=PLANE('',#6079);
#261=PLANE('',#6080);
#262=PLANE('',#6081);
#263=PLANE('',#6082);
#264=PLANE('',#6083);
#265=PLANE('',#6084);
#266=PLANE('',#6085);
#267=PLANE('',#6086);
#268=PLANE('',#6087);
#269=PLANE('',#6088);
#270=PLANE('',#6089);
#271=PLANE('',#6090);
#272=PLANE('',#6091);
#273=PLANE('',#6092);
#274=PLANE('',#6093);
#275=PLANE('',#6094);
#276=PLANE('',#6095);
#277=PLANE('',#6096);
#278=PLANE('',#6097);
#279=PLANE('',#6098);
#280=PLANE('',#6099);
#281=PLANE('',#6100);
#282=PLANE('',#6101);
#283=PLANE('',#6102);
#284=PLANE('',#6103);
#285=PLANE('',#6104);
#286=PLANE('',#6105);
#287=PLANE('',#6106);
#288=PLANE('',#6107);
#289=PLANE('',#6108);
#290=PLANE('',#6109);
#291=PLANE('',#6110);
#292=PLANE('',#6111);
#293=PLANE('',#6112);
#294=PLANE('',#6113);
#295=PLANE('',#6114);
#296=PLANE('',#6115);
#297=PLANE('',#6116);
#298=PLANE('',#6117);
#299=PLANE('',#6118);
#300=PLANE('',#6119);
#301=PLANE('',#6120);
#302=PLANE('',#6121);
#303=PLANE('',#6122);
#304=PLANE('',#6123);
#305=PLANE('',#6124);
#306=PLANE('',#6125);
#307=PLANE('',#6126);
#308=PLANE('',#6127);
#309=PLANE('',#6128);
#310=PLANE('',#6129);
#311=PLANE('',#6130);
#312=PLANE('',#6131);
#313=PLANE('',#6132);
#314=PLANE('',#6133);
#315=PLANE('',#6134);
#316=PLANE('',#6135);
#317=PLANE('',#6136);
#318=PLANE('',#6137);
#319=PLANE('',#6138);
#320=PLANE('',#6139);
#321=PLANE('',#6140);
#322=PLANE('',#6141);
#323=PLANE('',#6142);
#324=PLANE('',#6143);
#325=FACE_OUTER_BOUND('',#620,.T.);
#326=FACE_OUTER_BOUND('',#621,.T.);
#327=FACE_OUTER_BOUND('',#622,.T.);
#328=FACE_OUTER_BOUND('',#623,.T.);
#329=FACE_OUTER_BOUND('',#624,.T.);
#330=FACE_OUTER_BOUND('',#626,.T.);
#331=FACE_OUTER_BOUND('',#627,.T.);
#332=FACE_OUTER_BOUND('',#628,.T.);
#333=FACE_OUTER_BOUND('',#629,.T.);
#334=FACE_OUTER_BOUND('',#630,.T.);
#335=FACE_OUTER_BOUND('',#631,.T.);
#336=FACE_OUTER_BOUND('',#633,.T.);
#337=FACE_OUTER_BOUND('',#634,.T.);
#338=FACE_OUTER_BOUND('',#635,.T.);
#339=FACE_OUTER_BOUND('',#636,.T.);
#340=FACE_OUTER_BOUND('',#637,.T.);
#341=FACE_OUTER_BOUND('',#638,.T.);
#342=FACE_OUTER_BOUND('',#639,.T.);
#343=FACE_OUTER_BOUND('',#640,.T.);
#344=FACE_OUTER_BOUND('',#641,.T.);
#345=FACE_OUTER_BOUND('',#642,.T.);
#346=FACE_OUTER_BOUND('',#643,.T.);
#347=FACE_OUTER_BOUND('',#644,.T.);
#348=FACE_OUTER_BOUND('',#645,.T.);
#349=FACE_OUTER_BOUND('',#646,.T.);
#350=FACE_OUTER_BOUND('',#647,.T.);
#351=FACE_OUTER_BOUND('',#648,.T.);
#352=FACE_OUTER_BOUND('',#649,.T.);
#353=FACE_OUTER_BOUND('',#650,.T.);
#354=FACE_OUTER_BOUND('',#651,.T.);
#355=FACE_OUTER_BOUND('',#652,.T.);
#356=FACE_OUTER_BOUND('',#653,.T.);
#357=FACE_OUTER_BOUND('',#657,.T.);
#358=FACE_OUTER_BOUND('',#658,.T.);
#359=FACE_OUTER_BOUND('',#659,.T.);
#360=FACE_OUTER_BOUND('',#660,.T.);
#361=FACE_OUTER_BOUND('',#661,.T.);
#362=FACE_OUTER_BOUND('',#662,.T.);
#363=FACE_OUTER_BOUND('',#663,.T.);
#364=FACE_OUTER_BOUND('',#664,.T.);
#365=FACE_OUTER_BOUND('',#665,.T.);
#366=FACE_OUTER_BOUND('',#666,.T.);
#367=FACE_OUTER_BOUND('',#667,.T.);
#368=FACE_OUTER_BOUND('',#668,.T.);
#369=FACE_OUTER_BOUND('',#669,.T.);
#370=FACE_OUTER_BOUND('',#670,.T.);
#371=FACE_OUTER_BOUND('',#671,.T.);
#372=FACE_OUTER_BOUND('',#672,.T.);
#373=FACE_OUTER_BOUND('',#673,.T.);
#374=FACE_OUTER_BOUND('',#674,.T.);
#375=FACE_OUTER_BOUND('',#675,.T.);
#376=FACE_OUTER_BOUND('',#676,.T.);
#377=FACE_OUTER_BOUND('',#677,.T.);
#378=FACE_OUTER_BOUND('',#678,.T.);
#379=FACE_OUTER_BOUND('',#679,.T.);
#380=FACE_OUTER_BOUND('',#680,.T.);
#381=FACE_OUTER_BOUND('',#681,.T.);
#382=FACE_OUTER_BOUND('',#682,.T.);
#383=FACE_OUTER_BOUND('',#683,.T.);
#384=FACE_OUTER_BOUND('',#684,.T.);
#385=FACE_OUTER_BOUND('',#685,.T.);
#386=FACE_OUTER_BOUND('',#686,.T.);
#387=FACE_OUTER_BOUND('',#687,.T.);
#388=FACE_OUTER_BOUND('',#688,.T.);
#389=FACE_OUTER_BOUND('',#689,.T.);
#390=FACE_OUTER_BOUND('',#690,.T.);
#391=FACE_OUTER_BOUND('',#691,.T.);
#392=FACE_OUTER_BOUND('',#692,.T.);
#393=FACE_OUTER_BOUND('',#693,.T.);
#394=FACE_OUTER_BOUND('',#694,.T.);
#395=FACE_OUTER_BOUND('',#695,.T.);
#396=FACE_OUTER_BOUND('',#696,.T.);
#397=FACE_OUTER_BOUND('',#697,.T.);
#398=FACE_OUTER_BOUND('',#698,.T.);
#399=FACE_OUTER_BOUND('',#699,.T.);
#400=FACE_OUTER_BOUND('',#700,.T.);
#401=FACE_OUTER_BOUND('',#701,.T.);
#402=FACE_OUTER_BOUND('',#702,.T.);
#403=FACE_OUTER_BOUND('',#703,.T.);
#404=FACE_OUTER_BOUND('',#704,.T.);
#405=FACE_OUTER_BOUND('',#705,.T.);
#406=FACE_OUTER_BOUND('',#706,.T.);
#407=FACE_OUTER_BOUND('',#707,.T.);
#408=FACE_OUTER_BOUND('',#708,.T.);
#409=FACE_OUTER_BOUND('',#709,.T.);
#410=FACE_OUTER_BOUND('',#710,.T.);
#411=FACE_OUTER_BOUND('',#711,.T.);
#412=FACE_OUTER_BOUND('',#712,.T.);
#413=FACE_OUTER_BOUND('',#713,.T.);
#414=FACE_OUTER_BOUND('',#714,.T.);
#415=FACE_OUTER_BOUND('',#715,.T.);
#416=FACE_OUTER_BOUND('',#716,.T.);
#417=FACE_OUTER_BOUND('',#717,.T.);
#418=FACE_OUTER_BOUND('',#718,.T.);
#419=FACE_OUTER_BOUND('',#719,.T.);
#420=FACE_OUTER_BOUND('',#720,.T.);
#421=FACE_OUTER_BOUND('',#721,.T.);
#422=FACE_OUTER_BOUND('',#722,.T.);
#423=FACE_OUTER_BOUND('',#723,.T.);
#424=FACE_OUTER_BOUND('',#724,.T.);
#425=FACE_OUTER_BOUND('',#725,.T.);
#426=FACE_OUTER_BOUND('',#726,.T.);
#427=FACE_OUTER_BOUND('',#727,.T.);
#428=FACE_OUTER_BOUND('',#728,.T.);
#429=FACE_OUTER_BOUND('',#729,.T.);
#430=FACE_OUTER_BOUND('',#730,.T.);
#431=FACE_OUTER_BOUND('',#731,.T.);
#432=FACE_OUTER_BOUND('',#732,.T.);
#433=FACE_OUTER_BOUND('',#733,.T.);
#434=FACE_OUTER_BOUND('',#734,.T.);
#435=FACE_OUTER_BOUND('',#735,.T.);
#436=FACE_OUTER_BOUND('',#736,.T.);
#437=FACE_OUTER_BOUND('',#737,.T.);
#438=FACE_OUTER_BOUND('',#738,.T.);
#439=FACE_OUTER_BOUND('',#739,.T.);
#440=FACE_OUTER_BOUND('',#740,.T.);
#441=FACE_OUTER_BOUND('',#741,.T.);
#442=FACE_OUTER_BOUND('',#742,.T.);
#443=FACE_OUTER_BOUND('',#743,.T.);
#444=FACE_OUTER_BOUND('',#744,.T.);
#445=FACE_OUTER_BOUND('',#745,.T.);
#446=FACE_OUTER_BOUND('',#746,.T.);
#447=FACE_OUTER_BOUND('',#747,.T.);
#448=FACE_OUTER_BOUND('',#748,.T.);
#449=FACE_OUTER_BOUND('',#749,.T.);
#450=FACE_OUTER_BOUND('',#750,.T.);
#451=FACE_OUTER_BOUND('',#751,.T.);
#452=FACE_OUTER_BOUND('',#753,.T.);
#453=FACE_OUTER_BOUND('',#754,.T.);
#454=FACE_OUTER_BOUND('',#755,.T.);
#455=FACE_OUTER_BOUND('',#756,.T.);
#456=FACE_OUTER_BOUND('',#757,.T.);
#457=FACE_OUTER_BOUND('',#758,.T.);
#458=FACE_OUTER_BOUND('',#759,.T.);
#459=FACE_OUTER_BOUND('',#760,.T.);
#460=FACE_OUTER_BOUND('',#761,.T.);
#461=FACE_OUTER_BOUND('',#762,.T.);
#462=FACE_OUTER_BOUND('',#763,.T.);
#463=FACE_OUTER_BOUND('',#764,.T.);
#464=FACE_OUTER_BOUND('',#765,.T.);
#465=FACE_OUTER_BOUND('',#766,.T.);
#466=FACE_OUTER_BOUND('',#767,.T.);
#467=FACE_OUTER_BOUND('',#768,.T.);
#468=FACE_OUTER_BOUND('',#769,.T.);
#469=FACE_OUTER_BOUND('',#770,.T.);
#470=FACE_OUTER_BOUND('',#771,.T.);
#471=FACE_OUTER_BOUND('',#772,.T.);
#472=FACE_OUTER_BOUND('',#774,.T.);
#473=FACE_OUTER_BOUND('',#775,.T.);
#474=FACE_OUTER_BOUND('',#776,.T.);
#475=FACE_OUTER_BOUND('',#777,.T.);
#476=FACE_OUTER_BOUND('',#778,.T.);
#477=FACE_OUTER_BOUND('',#779,.T.);
#478=FACE_OUTER_BOUND('',#780,.T.);
#479=FACE_OUTER_BOUND('',#781,.T.);
#480=FACE_OUTER_BOUND('',#782,.T.);
#481=FACE_OUTER_BOUND('',#783,.T.);
#482=FACE_OUTER_BOUND('',#784,.T.);
#483=FACE_OUTER_BOUND('',#785,.T.);
#484=FACE_OUTER_BOUND('',#786,.T.);
#485=FACE_OUTER_BOUND('',#787,.T.);
#486=FACE_OUTER_BOUND('',#788,.T.);
#487=FACE_OUTER_BOUND('',#789,.T.);
#488=FACE_OUTER_BOUND('',#790,.T.);
#489=FACE_OUTER_BOUND('',#791,.T.);
#490=FACE_OUTER_BOUND('',#792,.T.);
#491=FACE_OUTER_BOUND('',#793,.T.);
#492=FACE_OUTER_BOUND('',#794,.T.);
#493=FACE_OUTER_BOUND('',#795,.T.);
#494=FACE_OUTER_BOUND('',#796,.T.);
#495=FACE_OUTER_BOUND('',#797,.T.);
#496=FACE_OUTER_BOUND('',#798,.T.);
#497=FACE_OUTER_BOUND('',#799,.T.);
#498=FACE_OUTER_BOUND('',#800,.T.);
#499=FACE_OUTER_BOUND('',#801,.T.);
#500=FACE_OUTER_BOUND('',#802,.T.);
#501=FACE_OUTER_BOUND('',#803,.T.);
#502=FACE_OUTER_BOUND('',#804,.T.);
#503=FACE_OUTER_BOUND('',#805,.T.);
#504=FACE_OUTER_BOUND('',#806,.T.);
#505=FACE_OUTER_BOUND('',#807,.T.);
#506=FACE_OUTER_BOUND('',#808,.T.);
#507=FACE_OUTER_BOUND('',#809,.T.);
#508=FACE_OUTER_BOUND('',#810,.T.);
#509=FACE_OUTER_BOUND('',#811,.T.);
#510=FACE_OUTER_BOUND('',#812,.T.);
#511=FACE_OUTER_BOUND('',#813,.T.);
#512=FACE_OUTER_BOUND('',#814,.T.);
#513=FACE_OUTER_BOUND('',#815,.T.);
#514=FACE_OUTER_BOUND('',#816,.T.);
#515=FACE_OUTER_BOUND('',#817,.T.);
#516=FACE_OUTER_BOUND('',#818,.T.);
#517=FACE_OUTER_BOUND('',#819,.T.);
#518=FACE_OUTER_BOUND('',#820,.T.);
#519=FACE_OUTER_BOUND('',#821,.T.);
#520=FACE_OUTER_BOUND('',#822,.T.);
#521=FACE_OUTER_BOUND('',#823,.T.);
#522=FACE_OUTER_BOUND('',#824,.T.);
#523=FACE_OUTER_BOUND('',#825,.T.);
#524=FACE_OUTER_BOUND('',#826,.T.);
#525=FACE_OUTER_BOUND('',#827,.T.);
#526=FACE_OUTER_BOUND('',#828,.T.);
#527=FACE_OUTER_BOUND('',#829,.T.);
#528=FACE_OUTER_BOUND('',#830,.T.);
#529=FACE_OUTER_BOUND('',#831,.T.);
#530=FACE_OUTER_BOUND('',#833,.T.);
#531=FACE_OUTER_BOUND('',#834,.T.);
#532=FACE_OUTER_BOUND('',#835,.T.);
#533=FACE_OUTER_BOUND('',#836,.T.);
#534=FACE_OUTER_BOUND('',#837,.T.);
#535=FACE_OUTER_BOUND('',#838,.T.);
#536=FACE_OUTER_BOUND('',#839,.T.);
#537=FACE_OUTER_BOUND('',#840,.T.);
#538=FACE_OUTER_BOUND('',#841,.T.);
#539=FACE_OUTER_BOUND('',#842,.T.);
#540=FACE_OUTER_BOUND('',#843,.T.);
#541=FACE_OUTER_BOUND('',#844,.T.);
#542=FACE_OUTER_BOUND('',#845,.T.);
#543=FACE_OUTER_BOUND('',#846,.T.);
#544=FACE_OUTER_BOUND('',#847,.T.);
#545=FACE_OUTER_BOUND('',#848,.T.);
#546=FACE_OUTER_BOUND('',#849,.T.);
#547=FACE_OUTER_BOUND('',#850,.T.);
#548=FACE_OUTER_BOUND('',#851,.T.);
#549=FACE_OUTER_BOUND('',#852,.T.);
#550=FACE_OUTER_BOUND('',#853,.T.);
#551=FACE_OUTER_BOUND('',#854,.T.);
#552=FACE_OUTER_BOUND('',#855,.T.);
#553=FACE_OUTER_BOUND('',#856,.T.);
#554=FACE_OUTER_BOUND('',#857,.T.);
#555=FACE_OUTER_BOUND('',#858,.T.);
#556=FACE_OUTER_BOUND('',#859,.T.);
#557=FACE_OUTER_BOUND('',#860,.T.);
#558=FACE_OUTER_BOUND('',#861,.T.);
#559=FACE_OUTER_BOUND('',#862,.T.);
#560=FACE_OUTER_BOUND('',#863,.T.);
#561=FACE_OUTER_BOUND('',#864,.T.);
#562=FACE_OUTER_BOUND('',#865,.T.);
#563=FACE_OUTER_BOUND('',#866,.T.);
#564=FACE_OUTER_BOUND('',#868,.T.);
#565=FACE_OUTER_BOUND('',#870,.T.);
#566=FACE_OUTER_BOUND('',#872,.T.);
#567=FACE_OUTER_BOUND('',#873,.T.);
#568=FACE_OUTER_BOUND('',#874,.T.);
#569=FACE_OUTER_BOUND('',#875,.T.);
#570=FACE_OUTER_BOUND('',#876,.T.);
#571=FACE_OUTER_BOUND('',#877,.T.);
#572=FACE_OUTER_BOUND('',#878,.T.);
#573=FACE_OUTER_BOUND('',#879,.T.);
#574=FACE_OUTER_BOUND('',#880,.T.);
#575=FACE_OUTER_BOUND('',#881,.T.);
#576=FACE_OUTER_BOUND('',#882,.T.);
#577=FACE_OUTER_BOUND('',#883,.T.);
#578=FACE_OUTER_BOUND('',#884,.T.);
#579=FACE_OUTER_BOUND('',#885,.T.);
#580=FACE_OUTER_BOUND('',#886,.T.);
#581=FACE_OUTER_BOUND('',#887,.T.);
#582=FACE_OUTER_BOUND('',#888,.T.);
#583=FACE_OUTER_BOUND('',#889,.T.);
#584=FACE_OUTER_BOUND('',#890,.T.);
#585=FACE_OUTER_BOUND('',#891,.T.);
#586=FACE_OUTER_BOUND('',#892,.T.);
#587=FACE_OUTER_BOUND('',#893,.T.);
#588=FACE_OUTER_BOUND('',#894,.T.);
#589=FACE_OUTER_BOUND('',#895,.T.);
#590=FACE_OUTER_BOUND('',#896,.T.);
#591=FACE_OUTER_BOUND('',#897,.T.);
#592=FACE_OUTER_BOUND('',#898,.T.);
#593=FACE_OUTER_BOUND('',#899,.T.);
#594=FACE_OUTER_BOUND('',#900,.T.);
#595=FACE_OUTER_BOUND('',#901,.T.);
#596=FACE_OUTER_BOUND('',#902,.T.);
#597=FACE_OUTER_BOUND('',#903,.T.);
#598=FACE_OUTER_BOUND('',#904,.T.);
#599=FACE_OUTER_BOUND('',#905,.T.);
#600=FACE_OUTER_BOUND('',#906,.T.);
#601=FACE_OUTER_BOUND('',#907,.T.);
#602=FACE_OUTER_BOUND('',#908,.T.);
#603=FACE_OUTER_BOUND('',#909,.T.);
#604=FACE_OUTER_BOUND('',#910,.T.);
#605=FACE_OUTER_BOUND('',#911,.T.);
#606=FACE_OUTER_BOUND('',#912,.T.);
#607=FACE_OUTER_BOUND('',#913,.T.);
#608=FACE_OUTER_BOUND('',#914,.T.);
#609=FACE_OUTER_BOUND('',#915,.T.);
#610=FACE_OUTER_BOUND('',#916,.T.);
#611=FACE_OUTER_BOUND('',#917,.T.);
#612=FACE_OUTER_BOUND('',#918,.T.);
#613=FACE_OUTER_BOUND('',#919,.T.);
#614=FACE_OUTER_BOUND('',#920,.T.);
#615=FACE_OUTER_BOUND('',#921,.T.);
#616=FACE_OUTER_BOUND('',#922,.T.);
#617=FACE_OUTER_BOUND('',#923,.T.);
#618=FACE_OUTER_BOUND('',#925,.T.);
#619=FACE_OUTER_BOUND('',#926,.T.);
#620=EDGE_LOOP('',(#3926,#3927,#3928,#3929));
#621=EDGE_LOOP('',(#3930,#3931,#3932,#3933));
#622=EDGE_LOOP('',(#3934,#3935,#3936,#3937));
#623=EDGE_LOOP('',(#3938,#3939,#3940,#3941));
#624=EDGE_LOOP('',(#3942,#3943,#3944,#3945));
#625=EDGE_LOOP('',(#3946));
#626=EDGE_LOOP('',(#3947,#3948,#3949,#3950,#3951,#3952,#3953,#3954));
#627=EDGE_LOOP('',(#3955,#3956,#3957,#3958));
#628=EDGE_LOOP('',(#3959,#3960,#3961,#3962));
#629=EDGE_LOOP('',(#3963,#3964,#3965,#3966));
#630=EDGE_LOOP('',(#3967,#3968,#3969,#3970));
#631=EDGE_LOOP('',(#3971,#3972,#3973,#3974));
#632=EDGE_LOOP('',(#3975));
#633=EDGE_LOOP('',(#3976,#3977,#3978,#3979));
#634=EDGE_LOOP('',(#3980,#3981,#3982,#3983));
#635=EDGE_LOOP('',(#3984,#3985,#3986,#3987,#3988,#3989));
#636=EDGE_LOOP('',(#3990,#3991,#3992));
#637=EDGE_LOOP('',(#3993,#3994,#3995));
#638=EDGE_LOOP('',(#3996,#3997,#3998,#3999));
#639=EDGE_LOOP('',(#4000,#4001,#4002,#4003,#4004,#4005,#4006,#4007));
#640=EDGE_LOOP('',(#4008,#4009,#4010,#4011));
#641=EDGE_LOOP('',(#4012,#4013,#4014,#4015));
#642=EDGE_LOOP('',(#4016,#4017,#4018,#4019));
#643=EDGE_LOOP('',(#4020,#4021,#4022,#4023));
#644=EDGE_LOOP('',(#4024,#4025,#4026,#4027,#4028,#4029,#4030));
#645=EDGE_LOOP('',(#4031,#4032,#4033));
#646=EDGE_LOOP('',(#4034,#4035,#4036,#4037));
#647=EDGE_LOOP('',(#4038,#4039,#4040,#4041,#4042,#4043,#4044));
#648=EDGE_LOOP('',(#4045,#4046,#4047));
#649=EDGE_LOOP('',(#4048,#4049,#4050,#4051,#4052,#4053));
#650=EDGE_LOOP('',(#4054,#4055,#4056,#4057));
#651=EDGE_LOOP('',(#4058,#4059,#4060,#4061));
#652=EDGE_LOOP('',(#4062,#4063,#4064,#4065));
#653=EDGE_LOOP('',(#4066,#4067,#4068,#4069,#4070,#4071,#4072,#4073,#4074,
#4075,#4076,#4077,#4078,#4079,#4080,#4081,#4082,#4083,#4084,#4085,#4086,
#4087,#4088,#4089,#4090,#4091,#4092,#4093,#4094,#4095,#4096,#4097,#4098,
#4099,#4100,#4101,#4102,#4103,#4104,#4105,#4106,#4107,#4108,#4109,#4110,
#4111,#4112,#4113,#4114,#4115,#4116,#4117));
#654=EDGE_LOOP('',(#4118));
#655=EDGE_LOOP('',(#4119));
#656=EDGE_LOOP('',(#4120,#4121,#4122,#4123,#4124,#4125,#4126,#4127,#4128,
#4129,#4130,#4131,#4132,#4133,#4134,#4135,#4136,#4137,#4138,#4139,#4140,
#4141,#4142,#4143,#4144,#4145,#4146,#4147,#4148,#4149,#4150,#4151,#4152,
#4153,#4154,#4155,#4156,#4157,#4158,#4159,#4160,#4161,#4162,#4163,#4164,
#4165,#4166,#4167));
#657=EDGE_LOOP('',(#4168,#4169,#4170,#4171));
#658=EDGE_LOOP('',(#4172,#4173,#4174,#4175));
#659=EDGE_LOOP('',(#4176,#4177,#4178,#4179));
#660=EDGE_LOOP('',(#4180,#4181,#4182,#4183));
#661=EDGE_LOOP('',(#4184,#4185,#4186,#4187));
#662=EDGE_LOOP('',(#4188,#4189,#4190,#4191,#4192));
#663=EDGE_LOOP('',(#4193,#4194,#4195,#4196));
#664=EDGE_LOOP('',(#4197,#4198,#4199,#4200,#4201));
#665=EDGE_LOOP('',(#4202,#4203,#4204,#4205,#4206));
#666=EDGE_LOOP('',(#4207,#4208,#4209,#4210,#4211));
#667=EDGE_LOOP('',(#4212,#4213,#4214,#4215,#4216));
#668=EDGE_LOOP('',(#4217,#4218,#4219,#4220,#4221));
#669=EDGE_LOOP('',(#4222,#4223,#4224,#4225,#4226,#4227));
#670=EDGE_LOOP('',(#4228,#4229,#4230,#4231));
#671=EDGE_LOOP('',(#4232,#4233,#4234,#4235,#4236));
#672=EDGE_LOOP('',(#4237,#4238,#4239,#4240,#4241));
#673=EDGE_LOOP('',(#4242,#4243,#4244,#4245));
#674=EDGE_LOOP('',(#4246,#4247,#4248,#4249));
#675=EDGE_LOOP('',(#4250,#4251,#4252,#4253));
#676=EDGE_LOOP('',(#4254,#4255,#4256,#4257));
#677=EDGE_LOOP('',(#4258,#4259,#4260,#4261,#4262,#4263));
#678=EDGE_LOOP('',(#4264,#4265,#4266,#4267));
#679=EDGE_LOOP('',(#4268,#4269,#4270,#4271));
#680=EDGE_LOOP('',(#4272,#4273,#4274,#4275));
#681=EDGE_LOOP('',(#4276,#4277,#4278,#4279));
#682=EDGE_LOOP('',(#4280,#4281,#4282,#4283,#4284));
#683=EDGE_LOOP('',(#4285,#4286,#4287,#4288,#4289));
#684=EDGE_LOOP('',(#4290,#4291,#4292,#4293));
#685=EDGE_LOOP('',(#4294,#4295,#4296,#4297,#4298));
#686=EDGE_LOOP('',(#4299,#4300,#4301,#4302));
#687=EDGE_LOOP('',(#4303,#4304,#4305,#4306));
#688=EDGE_LOOP('',(#4307,#4308,#4309,#4310));
#689=EDGE_LOOP('',(#4311,#4312,#4313,#4314));
#690=EDGE_LOOP('',(#4315,#4316,#4317,#4318));
#691=EDGE_LOOP('',(#4319,#4320,#4321,#4322));
#692=EDGE_LOOP('',(#4323,#4324,#4325,#4326));
#693=EDGE_LOOP('',(#4327,#4328,#4329,#4330));
#694=EDGE_LOOP('',(#4331,#4332,#4333,#4334));
#695=EDGE_LOOP('',(#4335,#4336,#4337,#4338));
#696=EDGE_LOOP('',(#4339,#4340,#4341,#4342));
#697=EDGE_LOOP('',(#4343,#4344,#4345,#4346));
#698=EDGE_LOOP('',(#4347,#4348,#4349));
#699=EDGE_LOOP('',(#4350,#4351,#4352));
#700=EDGE_LOOP('',(#4353,#4354,#4355,#4356));
#701=EDGE_LOOP('',(#4357,#4358,#4359,#4360));
#702=EDGE_LOOP('',(#4361,#4362,#4363,#4364));
#703=EDGE_LOOP('',(#4365,#4366,#4367,#4368));
#704=EDGE_LOOP('',(#4369,#4370,#4371,#4372,#4373));
#705=EDGE_LOOP('',(#4374,#4375,#4376,#4377));
#706=EDGE_LOOP('',(#4378,#4379,#4380,#4381,#4382));
#707=EDGE_LOOP('',(#4383,#4384,#4385,#4386,#4387));
#708=EDGE_LOOP('',(#4388,#4389,#4390,#4391));
#709=EDGE_LOOP('',(#4392,#4393,#4394,#4395));
#710=EDGE_LOOP('',(#4396,#4397,#4398,#4399));
#711=EDGE_LOOP('',(#4400,#4401,#4402,#4403));
#712=EDGE_LOOP('',(#4404,#4405,#4406,#4407));
#713=EDGE_LOOP('',(#4408,#4409,#4410,#4411));
#714=EDGE_LOOP('',(#4412,#4413,#4414,#4415));
#715=EDGE_LOOP('',(#4416,#4417,#4418,#4419));
#716=EDGE_LOOP('',(#4420,#4421,#4422,#4423,#4424));
#717=EDGE_LOOP('',(#4425,#4426,#4427,#4428,#4429));
#718=EDGE_LOOP('',(#4430,#4431,#4432,#4433));
#719=EDGE_LOOP('',(#4434,#4435,#4436,#4437,#4438,#4439,#4440,#4441,#4442,
#4443));
#720=EDGE_LOOP('',(#4444,#4445,#4446,#4447));
#721=EDGE_LOOP('',(#4448,#4449,#4450,#4451,#4452,#4453,#4454));
#722=EDGE_LOOP('',(#4455,#4456,#4457,#4458));
#723=EDGE_LOOP('',(#4459,#4460,#4461,#4462,#4463));
#724=EDGE_LOOP('',(#4464,#4465,#4466,#4467,#4468));
#725=EDGE_LOOP('',(#4469,#4470,#4471,#4472));
#726=EDGE_LOOP('',(#4473,#4474,#4475,#4476,#4477,#4478,#4479,#4480,#4481,
#4482));
#727=EDGE_LOOP('',(#4483,#4484,#4485,#4486));
#728=EDGE_LOOP('',(#4487,#4488,#4489,#4490,#4491,#4492,#4493));
#729=EDGE_LOOP('',(#4494,#4495,#4496,#4497));
#730=EDGE_LOOP('',(#4498,#4499,#4500,#4501,#4502));
#731=EDGE_LOOP('',(#4503,#4504,#4505,#4506,#4507));
#732=EDGE_LOOP('',(#4508,#4509,#4510,#4511));
#733=EDGE_LOOP('',(#4512,#4513,#4514,#4515,#4516,#4517,#4518,#4519,#4520,
#4521));
#734=EDGE_LOOP('',(#4522,#4523,#4524,#4525));
#735=EDGE_LOOP('',(#4526,#4527,#4528,#4529,#4530,#4531,#4532));
#736=EDGE_LOOP('',(#4533,#4534,#4535,#4536));
#737=EDGE_LOOP('',(#4537,#4538,#4539,#4540,#4541));
#738=EDGE_LOOP('',(#4542,#4543,#4544,#4545,#4546));
#739=EDGE_LOOP('',(#4547,#4548,#4549,#4550));
#740=EDGE_LOOP('',(#4551,#4552,#4553,#4554,#4555,#4556,#4557,#4558,#4559,
#4560));
#741=EDGE_LOOP('',(#4561,#4562,#4563,#4564));
#742=EDGE_LOOP('',(#4565,#4566,#4567,#4568,#4569,#4570,#4571));
#743=EDGE_LOOP('',(#4572,#4573,#4574,#4575));
#744=EDGE_LOOP('',(#4576,#4577,#4578,#4579,#4580));
#745=EDGE_LOOP('',(#4581,#4582,#4583,#4584));
#746=EDGE_LOOP('',(#4585,#4586,#4587,#4588,#4589));
#747=EDGE_LOOP('',(#4590,#4591,#4592,#4593,#4594));
#748=EDGE_LOOP('',(#4595,#4596,#4597,#4598,#4599));
#749=EDGE_LOOP('',(#4600,#4601,#4602,#4603));
#750=EDGE_LOOP('',(#4604,#4605,#4606,#4607));
#751=EDGE_LOOP('',(#4608,#4609,#4610,#4611,#4612));
#752=EDGE_LOOP('',(#4613,#4614,#4615,#4616));
#753=EDGE_LOOP('',(#4617,#4618,#4619,#4620));
#754=EDGE_LOOP('',(#4621,#4622,#4623,#4624));
#755=EDGE_LOOP('',(#4625,#4626,#4627,#4628,#4629,#4630));
#756=EDGE_LOOP('',(#4631,#4632,#4633,#4634));
#757=EDGE_LOOP('',(#4635,#4636,#4637,#4638));
#758=EDGE_LOOP('',(#4639,#4640,#4641,#4642));
#759=EDGE_LOOP('',(#4643,#4644,#4645,#4646));
#760=EDGE_LOOP('',(#4647,#4648,#4649,#4650));
#761=EDGE_LOOP('',(#4651,#4652,#4653,#4654));
#762=EDGE_LOOP('',(#4655,#4656,#4657,#4658));
#763=EDGE_LOOP('',(#4659,#4660,#4661,#4662));
#764=EDGE_LOOP('',(#4663,#4664,#4665,#4666));
#765=EDGE_LOOP('',(#4667,#4668,#4669,#4670));
#766=EDGE_LOOP('',(#4671,#4672,#4673,#4674));
#767=EDGE_LOOP('',(#4675,#4676,#4677,#4678));
#768=EDGE_LOOP('',(#4679,#4680,#4681,#4682,#4683));
#769=EDGE_LOOP('',(#4684,#4685,#4686,#4687,#4688));
#770=EDGE_LOOP('',(#4689,#4690,#4691,#4692));
#771=EDGE_LOOP('',(#4693,#4694,#4695,#4696,#4697,#4698,#4699,#4700,#4701,
#4702));
#772=EDGE_LOOP('',(#4703,#4704,#4705,#4706,#4707));
#773=EDGE_LOOP('',(#4708,#4709,#4710,#4711));
#774=EDGE_LOOP('',(#4712,#4713,#4714,#4715));
#775=EDGE_LOOP('',(#4716,#4717,#4718,#4719,#4720,#4721,#4722));
#776=EDGE_LOOP('',(#4723,#4724,#4725,#4726));
#777=EDGE_LOOP('',(#4727,#4728,#4729,#4730,#4731));
#778=EDGE_LOOP('',(#4732,#4733,#4734,#4735,#4736));
#779=EDGE_LOOP('',(#4737,#4738,#4739,#4740));
#780=EDGE_LOOP('',(#4741,#4742,#4743,#4744,#4745,#4746,#4747,#4748,#4749,
#4750));
#781=EDGE_LOOP('',(#4751,#4752,#4753,#4754));
#782=EDGE_LOOP('',(#4755,#4756,#4757,#4758,#4759,#4760,#4761));
#783=EDGE_LOOP('',(#4762,#4763,#4764,#4765));
#784=EDGE_LOOP('',(#4766,#4767,#4768,#4769,#4770));
#785=EDGE_LOOP('',(#4771,#4772,#4773,#4774,#4775));
#786=EDGE_LOOP('',(#4776,#4777,#4778,#4779));
#787=EDGE_LOOP('',(#4780,#4781,#4782,#4783,#4784,#4785,#4786,#4787,#4788,
#4789));
#788=EDGE_LOOP('',(#4790,#4791,#4792,#4793));
#789=EDGE_LOOP('',(#4794,#4795,#4796,#4797,#4798,#4799,#4800));
#790=EDGE_LOOP('',(#4801,#4802,#4803,#4804));
#791=EDGE_LOOP('',(#4805,#4806,#4807,#4808,#4809));
#792=EDGE_LOOP('',(#4810,#4811,#4812,#4813,#4814));
#793=EDGE_LOOP('',(#4815,#4816,#4817,#4818));
#794=EDGE_LOOP('',(#4819,#4820,#4821,#4822,#4823,#4824,#4825,#4826,#4827,
#4828));
#795=EDGE_LOOP('',(#4829,#4830,#4831,#4832));
#796=EDGE_LOOP('',(#4833,#4834,#4835,#4836,#4837,#4838,#4839));
#797=EDGE_LOOP('',(#4840,#4841,#4842,#4843));
#798=EDGE_LOOP('',(#4844,#4845,#4846,#4847,#4848));
#799=EDGE_LOOP('',(#4849,#4850,#4851,#4852,#4853));
#800=EDGE_LOOP('',(#4854,#4855,#4856,#4857));
#801=EDGE_LOOP('',(#4858,#4859,#4860,#4861,#4862));
#802=EDGE_LOOP('',(#4863,#4864,#4865,#4866,#4867));
#803=EDGE_LOOP('',(#4868,#4869,#4870,#4871));
#804=EDGE_LOOP('',(#4872,#4873,#4874,#4875));
#805=EDGE_LOOP('',(#4876,#4877,#4878,#4879,#4880));
#806=EDGE_LOOP('',(#4881,#4882,#4883,#4884));
#807=EDGE_LOOP('',(#4885,#4886,#4887,#4888));
#808=EDGE_LOOP('',(#4889,#4890,#4891,#4892));
#809=EDGE_LOOP('',(#4893,#4894,#4895,#4896));
#810=EDGE_LOOP('',(#4897,#4898,#4899,#4900,#4901));
#811=EDGE_LOOP('',(#4902,#4903,#4904,#4905));
#812=EDGE_LOOP('',(#4906,#4907,#4908,#4909));
#813=EDGE_LOOP('',(#4910,#4911,#4912,#4913,#4914));
#814=EDGE_LOOP('',(#4915,#4916,#4917,#4918));
#815=EDGE_LOOP('',(#4919,#4920,#4921,#4922,#4923));
#816=EDGE_LOOP('',(#4924,#4925,#4926,#4927));
#817=EDGE_LOOP('',(#4928,#4929,#4930,#4931));
#818=EDGE_LOOP('',(#4932,#4933,#4934,#4935,#4936));
#819=EDGE_LOOP('',(#4937,#4938,#4939,#4940));
#820=EDGE_LOOP('',(#4941,#4942,#4943,#4944));
#821=EDGE_LOOP('',(#4945,#4946,#4947,#4948));
#822=EDGE_LOOP('',(#4949,#4950,#4951,#4952,#4953));
#823=EDGE_LOOP('',(#4954,#4955,#4956,#4957));
#824=EDGE_LOOP('',(#4958,#4959,#4960,#4961));
#825=EDGE_LOOP('',(#4962,#4963,#4964,#4965));
#826=EDGE_LOOP('',(#4966,#4967,#4968,#4969,#4970,#4971,#4972,#4973,#4974,
#4975,#4976,#4977,#4978,#4979,#4980,#4981,#4982,#4983,#4984,#4985,#4986,
#4987,#4988,#4989,#4990,#4991,#4992,#4993,#4994,#4995,#4996,#4997,#4998,
#4999,#5000,#5001,#5002,#5003,#5004,#5005,#5006,#5007,#5008,#5009,#5010,
#5011,#5012,#5013,#5014,#5015,#5016,#5017,#5018,#5019,#5020,#5021,#5022,
#5023,#5024,#5025,#5026,#5027,#5028,#5029,#5030,#5031,#5032,#5033,#5034,
#5035,#5036,#5037));
#827=EDGE_LOOP('',(#5038,#5039,#5040,#5041,#5042,#5043,#5044,#5045));
#828=EDGE_LOOP('',(#5046,#5047,#5048,#5049));
#829=EDGE_LOOP('',(#5050,#5051,#5052,#5053,#5054,#5055,#5056,#5057));
#830=EDGE_LOOP('',(#5058,#5059,#5060,#5061,#5062,#5063,#5064,#5065));
#831=EDGE_LOOP('',(#5066,#5067,#5068,#5069));
#832=EDGE_LOOP('',(#5070,#5071,#5072,#5073));
#833=EDGE_LOOP('',(#5074,#5075,#5076,#5077,#5078,#5079,#5080,#5081));
#834=EDGE_LOOP('',(#5082,#5083,#5084,#5085));
#835=EDGE_LOOP('',(#5086,#5087,#5088,#5089,#5090));
#836=EDGE_LOOP('',(#5091,#5092,#5093,#5094));
#837=EDGE_LOOP('',(#5095,#5096,#5097,#5098,#5099));
#838=EDGE_LOOP('',(#5100,#5101,#5102,#5103));
#839=EDGE_LOOP('',(#5104,#5105,#5106,#5107,#5108));
#840=EDGE_LOOP('',(#5109,#5110,#5111,#5112));
#841=EDGE_LOOP('',(#5113,#5114,#5115,#5116,#5117));
#842=EDGE_LOOP('',(#5118,#5119,#5120,#5121));
#843=EDGE_LOOP('',(#5122,#5123,#5124,#5125));
#844=EDGE_LOOP('',(#5126,#5127,#5128,#5129,#5130));
#845=EDGE_LOOP('',(#5131,#5132,#5133,#5134));
#846=EDGE_LOOP('',(#5135,#5136,#5137,#5138));
#847=EDGE_LOOP('',(#5139,#5140,#5141,#5142,#5143));
#848=EDGE_LOOP('',(#5144,#5145,#5146,#5147));
#849=EDGE_LOOP('',(#5148,#5149,#5150,#5151));
#850=EDGE_LOOP('',(#5152,#5153,#5154,#5155,#5156));
#851=EDGE_LOOP('',(#5157,#5158,#5159,#5160));
#852=EDGE_LOOP('',(#5161,#5162,#5163,#5164,#5165,#5166,#5167,#5168,#5169,
#5170,#5171,#5172,#5173,#5174,#5175,#5176,#5177,#5178,#5179,#5180,#5181,
#5182,#5183,#5184,#5185,#5186,#5187,#5188,#5189,#5190,#5191,#5192,#5193,
#5194,#5195,#5196,#5197,#5198,#5199,#5200,#5201,#5202,#5203,#5204,#5205,
#5206,#5207,#5208,#5209,#5210,#5211,#5212,#5213,#5214,#5215,#5216,#5217,
#5218,#5219,#5220,#5221,#5222,#5223,#5224,#5225,#5226,#5227,#5228,#5229,
#5230,#5231,#5232));
#853=EDGE_LOOP('',(#5233,#5234,#5235,#5236));
#854=EDGE_LOOP('',(#5237,#5238,#5239,#5240,#5241));
#855=EDGE_LOOP('',(#5242,#5243,#5244,#5245));
#856=EDGE_LOOP('',(#5246,#5247,#5248,#5249));
#857=EDGE_LOOP('',(#5250,#5251,#5252,#5253,#5254));
#858=EDGE_LOOP('',(#5255,#5256,#5257,#5258));
#859=EDGE_LOOP('',(#5259,#5260,#5261,#5262));
#860=EDGE_LOOP('',(#5263,#5264,#5265,#5266,#5267));
#861=EDGE_LOOP('',(#5268,#5269,#5270,#5271));
#862=EDGE_LOOP('',(#5272,#5273,#5274,#5275));
#863=EDGE_LOOP('',(#5276,#5277,#5278,#5279,#5280));
#864=EDGE_LOOP('',(#5281,#5282,#5283,#5284));
#865=EDGE_LOOP('',(#5285,#5286,#5287,#5288,#5289));
#866=EDGE_LOOP('',(#5290,#5291,#5292,#5293));
#867=EDGE_LOOP('',(#5294,#5295,#5296,#5297));
#868=EDGE_LOOP('',(#5298,#5299,#5300,#5301));
#869=EDGE_LOOP('',(#5302,#5303,#5304,#5305));
#870=EDGE_LOOP('',(#5306,#5307,#5308,#5309));
#871=EDGE_LOOP('',(#5310,#5311,#5312,#5313));
#872=EDGE_LOOP('',(#5314,#5315,#5316,#5317));
#873=EDGE_LOOP('',(#5318,#5319,#5320,#5321));
#874=EDGE_LOOP('',(#5322,#5323,#5324,#5325,#5326,#5327));
#875=EDGE_LOOP('',(#5328,#5329,#5330,#5331,#5332,#5333));
#876=EDGE_LOOP('',(#5334,#5335,#5336,#5337));
#877=EDGE_LOOP('',(#5338,#5339,#5340,#5341));
#878=EDGE_LOOP('',(#5342,#5343,#5344,#5345,#5346,#5347));
#879=EDGE_LOOP('',(#5348,#5349,#5350,#5351));
#880=EDGE_LOOP('',(#5352,#5353,#5354,#5355));
#881=EDGE_LOOP('',(#5356,#5357,#5358,#5359,#5360,#5361));
#882=EDGE_LOOP('',(#5362,#5363,#5364,#5365,#5366,#5367));
#883=EDGE_LOOP('',(#5368,#5369,#5370,#5371));
#884=EDGE_LOOP('',(#5372,#5373,#5374,#5375));
#885=EDGE_LOOP('',(#5376,#5377,#5378,#5379,#5380,#5381));
#886=EDGE_LOOP('',(#5382,#5383,#5384,#5385,#5386,#5387));
#887=EDGE_LOOP('',(#5388,#5389,#5390,#5391));
#888=EDGE_LOOP('',(#5392,#5393,#5394,#5395));
#889=EDGE_LOOP('',(#5396,#5397,#5398,#5399,#5400,#5401));
#890=EDGE_LOOP('',(#5402,#5403,#5404,#5405,#5406,#5407));
#891=EDGE_LOOP('',(#5408,#5409,#5410,#5411,#5412));
#892=EDGE_LOOP('',(#5413,#5414,#5415,#5416));
#893=EDGE_LOOP('',(#5417,#5418,#5419,#5420));
#894=EDGE_LOOP('',(#5421,#5422,#5423,#5424,#5425));
#895=EDGE_LOOP('',(#5426,#5427,#5428,#5429,#5430));
#896=EDGE_LOOP('',(#5431,#5432,#5433,#5434));
#897=EDGE_LOOP('',(#5435,#5436,#5437,#5438));
#898=EDGE_LOOP('',(#5439,#5440,#5441,#5442));
#899=EDGE_LOOP('',(#5443,#5444,#5445,#5446,#5447));
#900=EDGE_LOOP('',(#5448,#5449,#5450,#5451));
#901=EDGE_LOOP('',(#5452,#5453,#5454,#5455));
#902=EDGE_LOOP('',(#5456,#5457,#5458,#5459));
#903=EDGE_LOOP('',(#5460,#5461,#5462,#5463));
#904=EDGE_LOOP('',(#5464,#5465,#5466,#5467,#5468));
#905=EDGE_LOOP('',(#5469,#5470,#5471,#5472));
#906=EDGE_LOOP('',(#5473,#5474,#5475,#5476));
#907=EDGE_LOOP('',(#5477,#5478,#5479,#5480,#5481));
#908=EDGE_LOOP('',(#5482,#5483,#5484,#5485));
#909=EDGE_LOOP('',(#5486,#5487,#5488,#5489));
#910=EDGE_LOOP('',(#5490,#5491,#5492,#5493));
#911=EDGE_LOOP('',(#5494,#5495,#5496,#5497));
#912=EDGE_LOOP('',(#5498,#5499,#5500,#5501));
#913=EDGE_LOOP('',(#5502,#5503,#5504,#5505));
#914=EDGE_LOOP('',(#5506,#5507,#5508,#5509));
#915=EDGE_LOOP('',(#5510,#5511,#5512,#5513));
#916=EDGE_LOOP('',(#5514,#5515,#5516,#5517));
#917=EDGE_LOOP('',(#5518,#5519,#5520,#5521));
#918=EDGE_LOOP('',(#5522,#5523,#5524,#5525));
#919=EDGE_LOOP('',(#5526,#5527,#5528,#5529));
#920=EDGE_LOOP('',(#5530,#5531,#5532,#5533));
#921=EDGE_LOOP('',(#5534,#5535,#5536,#5537,#5538,#5539,#5540,#5541,#5542,
#5543,#5544,#5545));
#922=EDGE_LOOP('',(#5546,#5547,#5548,#5549,#5550,#5551,#5552,#5553));
#923=EDGE_LOOP('',(#5554,#5555,#5556,#5557));
#924=EDGE_LOOP('',(#5558,#5559,#5560,#5561));
#925=EDGE_LOOP('',(#5562,#5563,#5564,#5565));
#926=EDGE_LOOP('',(#5566,#5567,#5568,#5569,#5570,#5571,#5572,#5573));
#927=EDGE_LOOP('',(#5574,#5575,#5576,#5577));
#928=EDGE_LOOP('',(#5578,#5579,#5580,#5581));
#929=EDGE_LOOP('',(#5582,#5583,#5584,#5585));
#930=EDGE_LOOP('',(#5586,#5587,#5588,#5589));
#931=EDGE_LOOP('',(#5590,#5591,#5592,#5593));
#932=LINE('',#7459,#1762);
#933=LINE('',#7464,#1763);
#934=LINE('',#7466,#1764);
#935=LINE('',#7468,#1765);
#936=LINE('',#7469,#1766);
#937=LINE('',#7472,#1767);
#938=LINE('',#7474,#1768);
#939=LINE('',#7475,#1769);
#940=LINE('',#7478,#1770);
#941=LINE('',#7480,#1771);
#942=LINE('',#7481,#1772);
#943=LINE('',#7483,#1773);
#944=LINE('',#7487,#1774);
#945=LINE('',#7489,#1775);
#946=LINE('',#7491,#1776);
#947=LINE('',#7493,#1777);
#948=LINE('',#7495,#1778);
#949=LINE('',#7497,#1779);
#950=LINE('',#7499,#1780);
#951=LINE('',#7500,#1781);
#952=LINE('',#7503,#1782);
#953=LINE('',#7505,#1783);
#954=LINE('',#7506,#1784);
#955=LINE('',#7511,#1785);
#956=LINE('',#7515,#1786);
#957=LINE('',#7517,#1787);
#958=LINE('',#7518,#1788);
#959=LINE('',#7520,#1789);
#960=LINE('',#7521,#1790);
#961=LINE('',#7526,#1791);
#962=LINE('',#7528,#1792);
#963=LINE('',#7530,#1793);
#964=LINE('',#7531,#1794);
#965=LINE('',#7535,#1795);
#966=LINE('',#7537,#1796);
#967=LINE('',#7539,#1797);
#968=LINE('',#7540,#1798);
#969=LINE('',#7543,#1799);
#970=LINE('',#7545,#1800);
#971=LINE('',#7546,#1801);
#972=LINE('',#7547,#1802);
#973=LINE('',#7549,#1803);
#974=LINE('',#7550,#1804);
#975=LINE('',#7552,#1805);
#976=LINE('',#7553,#1806);
#977=LINE('',#7556,#1807);
#978=LINE('',#7558,#1808);
#979=LINE('',#7559,#1809);
#980=LINE('',#7562,#1810);
#981=LINE('',#7564,#1811);
#982=LINE('',#7566,#1812);
#983=LINE('',#7568,#1813);
#984=LINE('',#7570,#1814);
#985=LINE('',#7572,#1815);
#986=LINE('',#7573,#1816);
#987=LINE('',#7576,#1817);
#988=LINE('',#7578,#1818);
#989=LINE('',#7579,#1819);
#990=LINE('',#7582,#1820);
#991=LINE('',#7584,#1821);
#992=LINE('',#7585,#1822);
#993=LINE('',#7588,#1823);
#994=LINE('',#7590,#1824);
#995=LINE('',#7591,#1825);
#996=LINE('',#7595,#1826);
#997=LINE('',#7597,#1827);
#998=LINE('',#7599,#1828);
#999=LINE('',#7600,#1829);
#1000=LINE('',#7603,#1830);
#1001=LINE('',#7605,#1831);
#1002=LINE('',#7606,#1832);
#1003=LINE('',#7608,#1833);
#1004=LINE('',#7609,#1834);
#1005=LINE('',#7611,#1835);
#1006=LINE('',#7615,#1836);
#1007=LINE('',#7617,#1837);
#1008=LINE('',#7619,#1838);
#1009=LINE('',#7620,#1839);
#1010=LINE('',#7623,#1840);
#1011=LINE('',#7625,#1841);
#1012=LINE('',#7626,#1842);
#1013=LINE('',#7628,#1843);
#1014=LINE('',#7629,#1844);
#1015=LINE('',#7631,#1845);
#1016=LINE('',#7634,#1846);
#1017=LINE('',#7636,#1847);
#1018=LINE('',#7637,#1848);
#1019=LINE('',#7640,#1849);
#1020=LINE('',#7642,#1850);
#1021=LINE('',#7643,#1851);
#1022=LINE('',#7646,#1852);
#1023=LINE('',#7648,#1853);
#1024=LINE('',#7649,#1854);
#1025=LINE('',#7651,#1855);
#1026=LINE('',#7652,#1856);
#1027=LINE('',#7655,#1857);
#1028=LINE('',#7657,#1858);
#1029=LINE('',#7659,#1859);
#1030=LINE('',#7661,#1860);
#1031=LINE('',#7663,#1861);
#1032=LINE('',#7665,#1862);
#1033=LINE('',#7667,#1863);
#1034=LINE('',#7669,#1864);
#1035=LINE('',#7671,#1865);
#1036=LINE('',#7673,#1866);
#1037=LINE('',#7675,#1867);
#1038=LINE('',#7677,#1868);
#1039=LINE('',#7679,#1869);
#1040=LINE('',#7681,#1870);
#1041=LINE('',#7683,#1871);
#1042=LINE('',#7685,#1872);
#1043=LINE('',#7687,#1873);
#1044=LINE('',#7689,#1874);
#1045=LINE('',#7691,#1875);
#1046=LINE('',#7693,#1876);
#1047=LINE('',#7695,#1877);
#1048=LINE('',#7696,#1878);
#1049=LINE('',#7698,#1879);
#1050=LINE('',#7700,#1880);
#1051=LINE('',#7702,#1881);
#1052=LINE('',#7704,#1882);
#1053=LINE('',#7706,#1883);
#1054=LINE('',#7708,#1884);
#1055=LINE('',#7710,#1885);
#1056=LINE('',#7712,#1886);
#1057=LINE('',#7714,#1887);
#1058=LINE('',#7716,#1888);
#1059=LINE('',#7718,#1889);
#1060=LINE('',#7720,#1890);
#1061=LINE('',#7722,#1891);
#1062=LINE('',#7724,#1892);
#1063=LINE('',#7726,#1893);
#1064=LINE('',#7728,#1894);
#1065=LINE('',#7730,#1895);
#1066=LINE('',#7732,#1896);
#1067=LINE('',#7734,#1897);
#1068=LINE('',#7736,#1898);
#1069=LINE('',#7738,#1899);
#1070=LINE('',#7739,#1900);
#1071=LINE('',#7741,#1901);
#1072=LINE('',#7743,#1902);
#1073=LINE('',#7745,#1903);
#1074=LINE('',#7747,#1904);
#1075=LINE('',#7749,#1905);
#1076=LINE('',#7751,#1906);
#1077=LINE('',#7753,#1907);
#1078=LINE('',#7755,#1908);
#1079=LINE('',#7757,#1909);
#1080=LINE('',#7759,#1910);
#1081=LINE('',#7761,#1911);
#1082=LINE('',#7763,#1912);
#1083=LINE('',#7765,#1913);
#1084=LINE('',#7767,#1914);
#1085=LINE('',#7769,#1915);
#1086=LINE('',#7771,#1916);
#1087=LINE('',#7773,#1917);
#1088=LINE('',#7775,#1918);
#1089=LINE('',#7777,#1919);
#1090=LINE('',#7779,#1920);
#1091=LINE('',#7781,#1921);
#1092=LINE('',#7783,#1922);
#1093=LINE('',#7785,#1923);
#1094=LINE('',#7787,#1924);
#1095=LINE('',#7789,#1925);
#1096=LINE('',#7791,#1926);
#1097=LINE('',#7793,#1927);
#1098=LINE('',#7795,#1928);
#1099=LINE('',#7797,#1929);
#1100=LINE('',#7799,#1930);
#1101=LINE('',#7801,#1931);
#1102=LINE('',#7803,#1932);
#1103=LINE('',#7805,#1933);
#1104=LINE('',#7807,#1934);
#1105=LINE('',#7809,#1935);
#1106=LINE('',#7811,#1936);
#1107=LINE('',#7813,#1937);
#1108=LINE('',#7815,#1938);
#1109=LINE('',#7817,#1939);
#1110=LINE('',#7819,#1940);
#1111=LINE('',#7820,#1941);
#1112=LINE('',#7823,#1942);
#1113=LINE('',#7825,#1943);
#1114=LINE('',#7826,#1944);
#1115=LINE('',#7829,#1945);
#1116=LINE('',#7830,#1946);
#1117=LINE('',#7833,#1947);
#1118=LINE('',#7834,#1948);
#1119=LINE('',#7836,#1949);
#1120=LINE('',#7840,#1950);
#1121=LINE('',#7841,#1951);
#1122=LINE('',#7844,#1952);
#1123=LINE('',#7845,#1953);
#1124=LINE('',#7848,#1954);
#1125=LINE('',#7849,#1955);
#1126=LINE('',#7852,#1956);
#1127=LINE('',#7854,#1957);
#1128=LINE('',#7855,#1958);
#1129=LINE('',#7858,#1959);
#1130=LINE('',#7860,#1960);
#1131=LINE('',#7861,#1961);
#1132=LINE('',#7864,#1962);
#1133=LINE('',#7865,#1963);
#1134=LINE('',#7868,#1964);
#1135=LINE('',#7870,#1965);
#1136=LINE('',#7871,#1966);
#1137=LINE('',#7874,#1967);
#1138=LINE('',#7875,#1968);
#1139=LINE('',#7878,#1969);
#1140=LINE('',#7879,#1970);
#1141=LINE('',#7882,#1971);
#1142=LINE('',#7884,#1972);
#1143=LINE('',#7885,#1973);
#1144=LINE('',#7888,#1974);
#1145=LINE('',#7890,#1975);
#1146=LINE('',#7891,#1976);
#1147=LINE('',#7910,#1977);
#1148=LINE('',#7912,#1978);
#1149=LINE('',#7914,#1979);
#1150=LINE('',#7915,#1980);
#1151=LINE('',#7933,#1981);
#1152=LINE('',#7935,#1982);
#1153=LINE('',#7936,#1983);
#1154=LINE('',#7939,#1984);
#1155=LINE('',#7941,#1985);
#1156=LINE('',#7942,#1986);
#1157=LINE('',#7960,#1987);
#1158=LINE('',#7962,#1988);
#1159=LINE('',#7963,#1989);
#1160=LINE('',#7965,#1990);
#1161=LINE('',#7967,#1991);
#1162=LINE('',#7969,#1992);
#1163=LINE('',#7970,#1993);
#1164=LINE('',#7989,#1994);
#1165=LINE('',#7991,#1995);
#1166=LINE('',#7993,#1996);
#1167=LINE('',#7994,#1997);
#1168=LINE('',#7997,#1998);
#1169=LINE('',#7999,#1999);
#1170=LINE('',#8000,#2000);
#1171=LINE('',#8018,#2001);
#1172=LINE('',#8020,#2002);
#1173=LINE('',#8021,#2003);
#1174=LINE('',#8038,#2004);
#1175=LINE('',#8039,#2005);
#1176=LINE('',#8058,#2006);
#1177=LINE('',#8060,#2007);
#1178=LINE('',#8062,#2008);
#1179=LINE('',#8064,#2009);
#1180=LINE('',#8065,#2010);
#1181=LINE('',#8083,#2011);
#1182=LINE('',#8085,#2012);
#1183=LINE('',#8087,#2013);
#1184=LINE('',#8088,#2014);
#1185=LINE('',#8106,#2015);
#1186=LINE('',#8108,#2016);
#1187=LINE('',#8109,#2017);
#1188=LINE('',#8112,#2018);
#1189=LINE('',#8113,#2019);
#1190=LINE('',#8114,#2020);
#1191=LINE('',#8133,#2021);
#1192=LINE('',#8135,#2022);
#1193=LINE('',#8137,#2023);
#1194=LINE('',#8138,#2024);
#1195=LINE('',#8141,#2025);
#1196=LINE('',#8143,#2026);
#1197=LINE('',#8144,#2027);
#1198=LINE('',#8162,#2028);
#1199=LINE('',#8164,#2029);
#1200=LINE('',#8165,#2030);
#1201=LINE('',#8182,#2031);
#1202=LINE('',#8183,#2032);
#1203=LINE('',#8202,#2033);
#1204=LINE('',#8204,#2034);
#1205=LINE('',#8206,#2035);
#1206=LINE('',#8207,#2036);
#1207=LINE('',#8210,#2037);
#1208=LINE('',#8212,#2038);
#1209=LINE('',#8213,#2039);
#1210=LINE('',#8231,#2040);
#1211=LINE('',#8233,#2041);
#1212=LINE('',#8234,#2042);
#1213=LINE('',#8251,#2043);
#1214=LINE('',#8252,#2044);
#1215=LINE('',#8271,#2045);
#1216=LINE('',#8273,#2046);
#1217=LINE('',#8275,#2047);
#1218=LINE('',#8276,#2048);
#1219=LINE('',#8294,#2049);
#1220=LINE('',#8296,#2050);
#1221=LINE('',#8297,#2051);
#1222=LINE('',#8300,#2052);
#1223=LINE('',#8302,#2053);
#1224=LINE('',#8303,#2054);
#1225=LINE('',#8320,#2055);
#1226=LINE('',#8321,#2056);
#1227=LINE('',#8324,#2057);
#1228=LINE('',#8325,#2058);
#1229=LINE('',#8328,#2059);
#1230=LINE('',#8329,#2060);
#1231=LINE('',#8348,#2061);
#1232=LINE('',#8350,#2062);
#1233=LINE('',#8352,#2063);
#1234=LINE('',#8353,#2064);
#1235=LINE('',#8371,#2065);
#1236=LINE('',#8373,#2066);
#1237=LINE('',#8374,#2067);
#1238=LINE('',#8377,#2068);
#1239=LINE('',#8379,#2069);
#1240=LINE('',#8380,#2070);
#1241=LINE('',#8397,#2071);
#1242=LINE('',#8398,#2072);
#1243=LINE('',#8417,#2073);
#1244=LINE('',#8419,#2074);
#1245=LINE('',#8421,#2075);
#1246=LINE('',#8423,#2076);
#1247=LINE('',#8424,#2077);
#1248=LINE('',#8442,#2078);
#1249=LINE('',#8444,#2079);
#1250=LINE('',#8445,#2080);
#1251=LINE('',#8448,#2081);
#1252=LINE('',#8450,#2082);
#1253=LINE('',#8452,#2083);
#1254=LINE('',#8453,#2084);
#1255=LINE('',#8471,#2085);
#1256=LINE('',#8472,#2086);
#1257=LINE('',#8473,#2087);
#1258=LINE('',#8492,#2088);
#1259=LINE('',#8494,#2089);
#1260=LINE('',#8496,#2090);
#1261=LINE('',#8497,#2091);
#1262=LINE('',#8515,#2092);
#1263=LINE('',#8517,#2093);
#1264=LINE('',#8518,#2094);
#1265=LINE('',#8521,#2095);
#1266=LINE('',#8523,#2096);
#1267=LINE('',#8524,#2097);
#1268=LINE('',#8541,#2098);
#1269=LINE('',#8542,#2099);
#1270=LINE('',#8561,#2100);
#1271=LINE('',#8563,#2101);
#1272=LINE('',#8565,#2102);
#1273=LINE('',#8566,#2103);
#1274=LINE('',#8584,#2104);
#1275=LINE('',#8586,#2105);
#1276=LINE('',#8587,#2106);
#1277=LINE('',#8590,#2107);
#1278=LINE('',#8592,#2108);
#1279=LINE('',#8593,#2109);
#1280=LINE('',#8610,#2110);
#1281=LINE('',#8611,#2111);
#1282=LINE('',#8630,#2112);
#1283=LINE('',#8632,#2113);
#1284=LINE('',#8634,#2114);
#1285=LINE('',#8636,#2115);
#1286=LINE('',#8637,#2116);
#1287=LINE('',#8656,#2117);
#1288=LINE('',#8658,#2118);
#1289=LINE('',#8660,#2119);
#1290=LINE('',#8662,#2120);
#1291=LINE('',#8663,#2121);
#1292=LINE('',#8680,#2122);
#1293=LINE('',#8681,#2123);
#1294=LINE('',#8684,#2124);
#1295=LINE('',#8686,#2125);
#1296=LINE('',#8687,#2126);
#1297=LINE('',#8689,#2127);
#1298=LINE('',#8691,#2128);
#1299=LINE('',#8693,#2129);
#1300=LINE('',#8695,#2130);
#1301=LINE('',#8696,#2131);
#1302=LINE('',#8698,#2132);
#1303=LINE('',#8699,#2133);
#1304=LINE('',#8701,#2134);
#1305=LINE('',#8702,#2135);
#1306=LINE('',#8722,#2136);
#1307=LINE('',#8724,#2137);
#1308=LINE('',#8726,#2138);
#1309=LINE('',#8728,#2139);
#1310=LINE('',#8729,#2140);
#1311=LINE('',#8747,#2141);
#1312=LINE('',#8749,#2142);
#1313=LINE('',#8751,#2143);
#1314=LINE('',#8752,#2144);
#1315=LINE('',#8769,#2145);
#1316=LINE('',#8770,#2146);
#1317=LINE('',#8773,#2147);
#1318=LINE('',#8775,#2148);
#1319=LINE('',#8776,#2149);
#1320=LINE('',#8778,#2150);
#1321=LINE('',#8780,#2151);
#1322=LINE('',#8782,#2152);
#1323=LINE('',#8784,#2153);
#1324=LINE('',#8785,#2154);
#1325=LINE('',#8787,#2155);
#1326=LINE('',#8789,#2156);
#1327=LINE('',#8790,#2157);
#1328=LINE('',#8810,#2158);
#1329=LINE('',#8812,#2159);
#1330=LINE('',#8814,#2160);
#1331=LINE('',#8816,#2161);
#1332=LINE('',#8817,#2162);
#1333=LINE('',#8835,#2163);
#1334=LINE('',#8837,#2164);
#1335=LINE('',#8839,#2165);
#1336=LINE('',#8840,#2166);
#1337=LINE('',#8857,#2167);
#1338=LINE('',#8858,#2168);
#1339=LINE('',#8861,#2169);
#1340=LINE('',#8863,#2170);
#1341=LINE('',#8864,#2171);
#1342=LINE('',#8866,#2172);
#1343=LINE('',#8868,#2173);
#1344=LINE('',#8870,#2174);
#1345=LINE('',#8872,#2175);
#1346=LINE('',#8873,#2176);
#1347=LINE('',#8875,#2177);
#1348=LINE('',#8877,#2178);
#1349=LINE('',#8878,#2179);
#1350=LINE('',#8898,#2180);
#1351=LINE('',#8900,#2181);
#1352=LINE('',#8902,#2182);
#1353=LINE('',#8904,#2183);
#1354=LINE('',#8905,#2184);
#1355=LINE('',#8923,#2185);
#1356=LINE('',#8925,#2186);
#1357=LINE('',#8927,#2187);
#1358=LINE('',#8928,#2188);
#1359=LINE('',#8945,#2189);
#1360=LINE('',#8946,#2190);
#1361=LINE('',#8949,#2191);
#1362=LINE('',#8951,#2192);
#1363=LINE('',#8952,#2193);
#1364=LINE('',#8954,#2194);
#1365=LINE('',#8956,#2195);
#1366=LINE('',#8958,#2196);
#1367=LINE('',#8960,#2197);
#1368=LINE('',#8961,#2198);
#1369=LINE('',#8963,#2199);
#1370=LINE('',#8965,#2200);
#1371=LINE('',#8966,#2201);
#1372=LINE('',#8986,#2202);
#1373=LINE('',#8988,#2203);
#1374=LINE('',#8989,#2204);
#1375=LINE('',#8990,#2205);
#1376=LINE('',#9008,#2206);
#1377=LINE('',#9010,#2207);
#1378=LINE('',#9011,#2208);
#1379=LINE('',#9029,#2209);
#1380=LINE('',#9031,#2210);
#1381=LINE('',#9033,#2211);
#1382=LINE('',#9034,#2212);
#1383=LINE('',#9036,#2213);
#1384=LINE('',#9037,#2214);
#1385=LINE('',#9039,#2215);
#1386=LINE('',#9041,#2216);
#1387=LINE('',#9045,#2217);
#1388=LINE('',#9046,#2218);
#1389=LINE('',#9049,#2219);
#1390=LINE('',#9051,#2220);
#1391=LINE('',#9053,#2221);
#1392=LINE('',#9054,#2222);
#1393=LINE('',#9056,#2223);
#1394=LINE('',#9057,#2224);
#1395=LINE('',#9059,#2225);
#1396=LINE('',#9061,#2226);
#1397=LINE('',#9063,#2227);
#1398=LINE('',#9064,#2228);
#1399=LINE('',#9066,#2229);
#1400=LINE('',#9068,#2230);
#1401=LINE('',#9070,#2231);
#1402=LINE('',#9071,#2232);
#1403=LINE('',#9073,#2233);
#1404=LINE('',#9075,#2234);
#1405=LINE('',#9077,#2235);
#1406=LINE('',#9078,#2236);
#1407=LINE('',#9080,#2237);
#1408=LINE('',#9082,#2238);
#1409=LINE('',#9084,#2239);
#1410=LINE('',#9085,#2240);
#1411=LINE('',#9087,#2241);
#1412=LINE('',#9107,#2242);
#1413=LINE('',#9109,#2243);
#1414=LINE('',#9111,#2244);
#1415=LINE('',#9113,#2245);
#1416=LINE('',#9114,#2246);
#1417=LINE('',#9133,#2247);
#1418=LINE('',#9135,#2248);
#1419=LINE('',#9137,#2249);
#1420=LINE('',#9139,#2250);
#1421=LINE('',#9140,#2251);
#1422=LINE('',#9157,#2252);
#1423=LINE('',#9158,#2253);
#1424=LINE('',#9161,#2254);
#1425=LINE('',#9163,#2255);
#1426=LINE('',#9165,#2256);
#1427=LINE('',#9167,#2257);
#1428=LINE('',#9168,#2258);
#1429=LINE('',#9170,#2259);
#1430=LINE('',#9172,#2260);
#1431=LINE('',#9173,#2261);
#1432=LINE('',#9176,#2262);
#1433=LINE('',#9177,#2263);
#1434=LINE('',#9178,#2264);
#1435=LINE('',#9181,#2265);
#1436=LINE('',#9183,#2266);
#1437=LINE('',#9185,#2267);
#1438=LINE('',#9186,#2268);
#1439=LINE('',#9188,#2269);
#1440=LINE('',#9190,#2270);
#1441=LINE('',#9191,#2271);
#1442=LINE('',#9210,#2272);
#1443=LINE('',#9212,#2273);
#1444=LINE('',#9214,#2274);
#1445=LINE('',#9215,#2275);
#1446=LINE('',#9234,#2276);
#1447=LINE('',#9236,#2277);
#1448=LINE('',#9238,#2278);
#1449=LINE('',#9240,#2279);
#1450=LINE('',#9241,#2280);
#1451=LINE('',#9258,#2281);
#1452=LINE('',#9259,#2282);
#1453=LINE('',#9262,#2283);
#1454=LINE('',#9264,#2284);
#1455=LINE('',#9266,#2285);
#1456=LINE('',#9268,#2286);
#1457=LINE('',#9269,#2287);
#1458=LINE('',#9271,#2288);
#1459=LINE('',#9273,#2289);
#1460=LINE('',#9274,#2290);
#1461=LINE('',#9276,#2291);
#1462=LINE('',#9278,#2292);
#1463=LINE('',#9279,#2293);
#1464=LINE('',#9298,#2294);
#1465=LINE('',#9300,#2295);
#1466=LINE('',#9302,#2296);
#1467=LINE('',#9303,#2297);
#1468=LINE('',#9322,#2298);
#1469=LINE('',#9324,#2299);
#1470=LINE('',#9326,#2300);
#1471=LINE('',#9328,#2301);
#1472=LINE('',#9329,#2302);
#1473=LINE('',#9346,#2303);
#1474=LINE('',#9347,#2304);
#1475=LINE('',#9350,#2305);
#1476=LINE('',#9352,#2306);
#1477=LINE('',#9354,#2307);
#1478=LINE('',#9356,#2308);
#1479=LINE('',#9357,#2309);
#1480=LINE('',#9359,#2310);
#1481=LINE('',#9361,#2311);
#1482=LINE('',#9362,#2312);
#1483=LINE('',#9364,#2313);
#1484=LINE('',#9366,#2314);
#1485=LINE('',#9367,#2315);
#1486=LINE('',#9386,#2316);
#1487=LINE('',#9388,#2317);
#1488=LINE('',#9390,#2318);
#1489=LINE('',#9391,#2319);
#1490=LINE('',#9410,#2320);
#1491=LINE('',#9412,#2321);
#1492=LINE('',#9414,#2322);
#1493=LINE('',#9416,#2323);
#1494=LINE('',#9417,#2324);
#1495=LINE('',#9434,#2325);
#1496=LINE('',#9435,#2326);
#1497=LINE('',#9438,#2327);
#1498=LINE('',#9440,#2328);
#1499=LINE('',#9442,#2329);
#1500=LINE('',#9444,#2330);
#1501=LINE('',#9445,#2331);
#1502=LINE('',#9447,#2332);
#1503=LINE('',#9449,#2333);
#1504=LINE('',#9450,#2334);
#1505=LINE('',#9452,#2335);
#1506=LINE('',#9454,#2336);
#1507=LINE('',#9455,#2337);
#1508=LINE('',#9475,#2338);
#1509=LINE('',#9476,#2339);
#1510=LINE('',#9478,#2340);
#1511=LINE('',#9479,#2341);
#1512=LINE('',#9498,#2342);
#1513=LINE('',#9500,#2343);
#1514=LINE('',#9502,#2344);
#1515=LINE('',#9504,#2345);
#1516=LINE('',#9505,#2346);
#1517=LINE('',#9522,#2347);
#1518=LINE('',#9523,#2348);
#1519=LINE('',#9525,#2349);
#1520=LINE('',#9526,#2350);
#1521=LINE('',#9528,#2351);
#1522=LINE('',#9530,#2352);
#1523=LINE('',#9534,#2353);
#1524=LINE('',#9535,#2354);
#1525=LINE('',#9537,#2355);
#1526=LINE('',#9538,#2356);
#1527=LINE('',#9541,#2357);
#1528=LINE('',#9542,#2358);
#1529=LINE('',#9545,#2359);
#1530=LINE('',#9546,#2360);
#1531=LINE('',#9548,#2361);
#1532=LINE('',#9551,#2362);
#1533=LINE('',#9553,#2363);
#1534=LINE('',#9554,#2364);
#1535=LINE('',#9556,#2365);
#1536=LINE('',#9558,#2366);
#1537=LINE('',#9559,#2367);
#1538=LINE('',#9562,#2368);
#1539=LINE('',#9563,#2369);
#1540=LINE('',#9566,#2370);
#1541=LINE('',#9567,#2371);
#1542=LINE('',#9569,#2372);
#1543=LINE('',#9572,#2373);
#1544=LINE('',#9574,#2374);
#1545=LINE('',#9575,#2375);
#1546=LINE('',#9577,#2376);
#1547=LINE('',#9579,#2377);
#1548=LINE('',#9580,#2378);
#1549=LINE('',#9583,#2379);
#1550=LINE('',#9584,#2380);
#1551=LINE('',#9586,#2381);
#1552=LINE('',#9589,#2382);
#1553=LINE('',#9590,#2383);
#1554=LINE('',#9592,#2384);
#1555=LINE('',#9593,#2385);
#1556=LINE('',#9596,#2386);
#1557=LINE('',#9597,#2387);
#1558=LINE('',#9600,#2388);
#1559=LINE('',#9601,#2389);
#1560=LINE('',#9603,#2390);
#1561=LINE('',#9606,#2391);
#1562=LINE('',#9607,#2392);
#1563=LINE('',#9609,#2393);
#1564=LINE('',#9610,#2394);
#1565=LINE('',#9613,#2395);
#1566=LINE('',#9614,#2396);
#1567=LINE('',#9617,#2397);
#1568=LINE('',#9618,#2398);
#1569=LINE('',#9620,#2399);
#1570=LINE('',#9622,#2400);
#1571=LINE('',#9623,#2401);
#1572=LINE('',#9624,#2402);
#1573=LINE('',#9625,#2403);
#1574=LINE('',#9626,#2404);
#1575=LINE('',#9627,#2405);
#1576=LINE('',#9628,#2406);
#1577=LINE('',#9629,#2407);
#1578=LINE('',#9631,#2408);
#1579=LINE('',#9633,#2409);
#1580=LINE('',#9635,#2410);
#1581=LINE('',#9637,#2411);
#1582=LINE('',#9639,#2412);
#1583=LINE('',#9641,#2413);
#1584=LINE('',#9643,#2414);
#1585=LINE('',#9645,#2415);
#1586=LINE('',#9647,#2416);
#1587=LINE('',#9649,#2417);
#1588=LINE('',#9651,#2418);
#1589=LINE('',#9653,#2419);
#1590=LINE('',#9655,#2420);
#1591=LINE('',#9657,#2421);
#1592=LINE('',#9659,#2422);
#1593=LINE('',#9661,#2423);
#1594=LINE('',#9663,#2424);
#1595=LINE('',#9665,#2425);
#1596=LINE('',#9667,#2426);
#1597=LINE('',#9669,#2427);
#1598=LINE('',#9671,#2428);
#1599=LINE('',#9673,#2429);
#1600=LINE('',#9675,#2430);
#1601=LINE('',#9677,#2431);
#1602=LINE('',#9679,#2432);
#1603=LINE('',#9680,#2433);
#1604=LINE('',#9681,#2434);
#1605=LINE('',#9682,#2435);
#1606=LINE('',#9684,#2436);
#1607=LINE('',#9685,#2437);
#1608=LINE('',#9687,#2438);
#1609=LINE('',#9689,#2439);
#1610=LINE('',#9690,#2440);
#1611=LINE('',#9692,#2441);
#1612=LINE('',#9694,#2442);
#1613=LINE('',#9695,#2443);
#1614=LINE('',#9697,#2444);
#1615=LINE('',#9699,#2445);
#1616=LINE('',#9700,#2446);
#1617=LINE('',#9702,#2447);
#1618=LINE('',#9704,#2448);
#1619=LINE('',#9706,#2449);
#1620=LINE('',#9707,#2450);
#1621=LINE('',#9708,#2451);
#1622=LINE('',#9710,#2452);
#1623=LINE('',#9711,#2453);
#1624=LINE('',#9713,#2454);
#1625=LINE('',#9715,#2455);
#1626=LINE('',#9716,#2456);
#1627=LINE('',#9718,#2457);
#1628=LINE('',#9720,#2458);
#1629=LINE('',#9722,#2459);
#1630=LINE('',#9723,#2460);
#1631=LINE('',#9724,#2461);
#1632=LINE('',#9726,#2462);
#1633=LINE('',#9728,#2463);
#1634=LINE('',#9731,#2464);
#1635=LINE('',#9732,#2465);
#1636=LINE('',#9736,#2466);
#1637=LINE('',#9738,#2467);
#1638=LINE('',#9741,#2468);
#1639=LINE('',#9743,#2469);
#1640=LINE('',#9746,#2470);
#1641=LINE('',#9748,#2471);
#1642=LINE('',#9751,#2472);
#1643=LINE('',#9752,#2473);
#1644=LINE('',#9755,#2474);
#1645=LINE('',#9756,#2475);
#1646=LINE('',#9757,#2476);
#1647=LINE('',#9761,#2477);
#1648=LINE('',#9763,#2478);
#1649=LINE('',#9765,#2479);
#1650=LINE('',#9766,#2480);
#1651=LINE('',#9767,#2481);
#1652=LINE('',#9769,#2482);
#1653=LINE('',#9771,#2483);
#1654=LINE('',#9772,#2484);
#1655=LINE('',#9774,#2485);
#1656=LINE('',#9776,#2486);
#1657=LINE('',#9778,#2487);
#1658=LINE('',#9779,#2488);
#1659=LINE('',#9781,#2489);
#1660=LINE('',#9783,#2490);
#1661=LINE('',#9785,#2491);
#1662=LINE('',#9786,#2492);
#1663=LINE('',#9788,#2493);
#1664=LINE('',#9790,#2494);
#1665=LINE('',#9792,#2495);
#1666=LINE('',#9793,#2496);
#1667=LINE('',#9795,#2497);
#1668=LINE('',#9797,#2498);
#1669=LINE('',#9799,#2499);
#1670=LINE('',#9800,#2500);
#1671=LINE('',#9802,#2501);
#1672=LINE('',#9803,#2502);
#1673=LINE('',#9805,#2503);
#1674=LINE('',#9807,#2504);
#1675=LINE('',#9809,#2505);
#1676=LINE('',#9811,#2506);
#1677=LINE('',#9812,#2507);
#1678=LINE('',#9813,#2508);
#1679=LINE('',#9815,#2509);
#1680=LINE('',#9817,#2510);
#1681=LINE('',#9819,#2511);
#1682=LINE('',#9821,#2512);
#1683=LINE('',#9822,#2513);
#1684=LINE('',#9823,#2514);
#1685=LINE('',#9825,#2515);
#1686=LINE('',#9827,#2516);
#1687=LINE('',#9829,#2517);
#1688=LINE('',#9831,#2518);
#1689=LINE('',#9832,#2519);
#1690=LINE('',#9833,#2520);
#1691=LINE('',#9835,#2521);
#1692=LINE('',#9837,#2522);
#1693=LINE('',#9839,#2523);
#1694=LINE('',#9841,#2524);
#1695=LINE('',#9842,#2525);
#1696=LINE('',#9844,#2526);
#1697=LINE('',#9846,#2527);
#1698=LINE('',#9847,#2528);
#1699=LINE('',#9850,#2529);
#1700=LINE('',#9852,#2530);
#1701=LINE('',#9853,#2531);
#1702=LINE('',#9856,#2532);
#1703=LINE('',#9858,#2533);
#1704=LINE('',#9859,#2534);
#1705=LINE('',#9863,#2535);
#1706=LINE('',#9864,#2536);
#1707=LINE('',#9865,#2537);
#1708=LINE('',#9867,#2538);
#1709=LINE('',#9868,#2539);
#1710=LINE('',#9872,#2540);
#1711=LINE('',#9873,#2541);
#1712=LINE('',#9875,#2542);
#1713=LINE('',#9876,#2543);
#1714=LINE('',#9878,#2544);
#1715=LINE('',#9879,#2545);
#1716=LINE('',#9881,#2546);
#1717=LINE('',#9882,#2547);
#1718=LINE('',#9884,#2548);
#1719=LINE('',#9885,#2549);
#1720=LINE('',#9889,#2550);
#1721=LINE('',#9891,#2551);
#1722=LINE('',#9894,#2552);
#1723=LINE('',#9895,#2553);
#1724=LINE('',#9897,#2554);
#1725=LINE('',#9898,#2555);
#1726=LINE('',#9902,#2556);
#1727=LINE('',#9903,#2557);
#1728=LINE('',#9905,#2558);
#1729=LINE('',#9906,#2559);
#1730=LINE('',#9910,#2560);
#1731=LINE('',#9911,#2561);
#1732=LINE('',#9913,#2562);
#1733=LINE('',#9914,#2563);
#1734=LINE('',#9918,#2564);
#1735=LINE('',#9919,#2565);
#1736=LINE('',#9921,#2566);
#1737=LINE('',#9923,#2567);
#1738=LINE('',#9926,#2568);
#1739=LINE('',#9927,#2569);
#1740=LINE('',#9929,#2570);
#1741=LINE('',#9931,#2571);
#1742=LINE('',#9934,#2572);
#1743=LINE('',#9935,#2573);
#1744=LINE('',#9937,#2574);
#1745=LINE('',#9939,#2575);
#1746=LINE('',#9942,#2576);
#1747=LINE('',#9943,#2577);
#1748=LINE('',#9945,#2578);
#1749=LINE('',#9947,#2579);
#1750=LINE('',#9950,#2580);
#1751=LINE('',#9951,#2581);
#1752=LINE('',#9953,#2582);
#1753=LINE('',#9955,#2583);
#1754=LINE('',#9958,#2584);
#1755=LINE('',#9962,#2585);
#1756=LINE('',#9966,#2586);
#1757=LINE('',#9969,#2587);
#1758=LINE('',#9972,#2588);
#1759=LINE('',#9973,#2589);
#1760=LINE('',#9974,#2590);
#1761=LINE('',#9975,#2591);
#1762=VECTOR('',#6150,2.55);
#1763=VECTOR('',#6155,10.);
#1764=VECTOR('',#6156,10.);
#1765=VECTOR('',#6157,10.);
#1766=VECTOR('',#6158,10.);
#1767=VECTOR('',#6161,10.);
#1768=VECTOR('',#6162,10.);
#1769=VECTOR('',#6163,10.);
#1770=VECTOR('',#6166,10.);
#1771=VECTOR('',#6167,10.);
#1772=VECTOR('',#6168,10.);
#1773=VECTOR('',#6171,10.);
#1774=VECTOR('',#6174,10.);
#1775=VECTOR('',#6175,10.);
#1776=VECTOR('',#6176,10.);
#1777=VECTOR('',#6177,10.);
#1778=VECTOR('',#6178,10.);
#1779=VECTOR('',#6179,10.);
#1780=VECTOR('',#6180,10.);
#1781=VECTOR('',#6181,10.);
#1782=VECTOR('',#6184,10.);
#1783=VECTOR('',#6185,10.);
#1784=VECTOR('',#6186,10.);
#1785=VECTOR('',#6191,2.55);
#1786=VECTOR('',#6196,10.);
#1787=VECTOR('',#6197,10.);
#1788=VECTOR('',#6198,10.);
#1789=VECTOR('',#6201,10.);
#1790=VECTOR('',#6202,10.);
#1791=VECTOR('',#6207,10.);
#1792=VECTOR('',#6208,10.);
#1793=VECTOR('',#6209,10.);
#1794=VECTOR('',#6210,10.);
#1795=VECTOR('',#6213,10.);
#1796=VECTOR('',#6214,10.);
#1797=VECTOR('',#6215,10.);
#1798=VECTOR('',#6216,10.);
#1799=VECTOR('',#6219,10.);
#1800=VECTOR('',#6220,10.);
#1801=VECTOR('',#6221,10.);
#1802=VECTOR('',#6222,10.);
#1803=VECTOR('',#6225,10.);
#1804=VECTOR('',#6226,10.);
#1805=VECTOR('',#6229,10.);
#1806=VECTOR('',#6230,10.);
#1807=VECTOR('',#6233,10.);
#1808=VECTOR('',#6234,10.);
#1809=VECTOR('',#6235,10.);
#1810=VECTOR('',#6238,10.);
#1811=VECTOR('',#6239,10.);
#1812=VECTOR('',#6240,10.);
#1813=VECTOR('',#6241,10.);
#1814=VECTOR('',#6242,10.);
#1815=VECTOR('',#6243,10.);
#1816=VECTOR('',#6244,10.);
#1817=VECTOR('',#6247,10.);
#1818=VECTOR('',#6248,10.);
#1819=VECTOR('',#6249,10.);
#1820=VECTOR('',#6252,10.);
#1821=VECTOR('',#6253,10.);
#1822=VECTOR('',#6254,10.);
#1823=VECTOR('',#6257,10.);
#1824=VECTOR('',#6258,10.);
#1825=VECTOR('',#6259,10.);
#1826=VECTOR('',#6262,10.);
#1827=VECTOR('',#6263,10.);
#1828=VECTOR('',#6264,10.);
#1829=VECTOR('',#6265,10.);
#1830=VECTOR('',#6268,10.);
#1831=VECTOR('',#6269,10.);
#1832=VECTOR('',#6270,10.);
#1833=VECTOR('',#6271,10.);
#1834=VECTOR('',#6272,10.);
#1835=VECTOR('',#6275,10.);
#1836=VECTOR('',#6278,10.);
#1837=VECTOR('',#6279,10.);
#1838=VECTOR('',#6280,10.);
#1839=VECTOR('',#6281,10.);
#1840=VECTOR('',#6284,10.);
#1841=VECTOR('',#6285,10.);
#1842=VECTOR('',#6286,10.);
#1843=VECTOR('',#6287,10.);
#1844=VECTOR('',#6288,10.);
#1845=VECTOR('',#6291,10.);
#1846=VECTOR('',#6294,10.);
#1847=VECTOR('',#6295,10.);
#1848=VECTOR('',#6296,10.);
#1849=VECTOR('',#6299,10.);
#1850=VECTOR('',#6300,10.);
#1851=VECTOR('',#6301,10.);
#1852=VECTOR('',#6304,10.);
#1853=VECTOR('',#6305,10.);
#1854=VECTOR('',#6306,10.);
#1855=VECTOR('',#6309,10.);
#1856=VECTOR('',#6310,10.);
#1857=VECTOR('',#6313,10.);
#1858=VECTOR('',#6314,10.);
#1859=VECTOR('',#6315,10.);
#1860=VECTOR('',#6316,10.);
#1861=VECTOR('',#6317,10.);
#1862=VECTOR('',#6318,10.);
#1863=VECTOR('',#6319,10.);
#1864=VECTOR('',#6320,10.);
#1865=VECTOR('',#6321,10.);
#1866=VECTOR('',#6322,10.);
#1867=VECTOR('',#6323,10.);
#1868=VECTOR('',#6324,10.);
#1869=VECTOR('',#6325,10.);
#1870=VECTOR('',#6326,10.);
#1871=VECTOR('',#6327,10.);
#1872=VECTOR('',#6328,10.);
#1873=VECTOR('',#6329,10.);
#1874=VECTOR('',#6330,10.);
#1875=VECTOR('',#6331,10.);
#1876=VECTOR('',#6332,10.);
#1877=VECTOR('',#6333,10.);
#1878=VECTOR('',#6334,10.);
#1879=VECTOR('',#6335,10.);
#1880=VECTOR('',#6336,10.);
#1881=VECTOR('',#6337,10.);
#1882=VECTOR('',#6338,10.);
#1883=VECTOR('',#6339,10.);
#1884=VECTOR('',#6340,10.);
#1885=VECTOR('',#6341,10.);
#1886=VECTOR('',#6342,10.);
#1887=VECTOR('',#6343,10.);
#1888=VECTOR('',#6344,10.);
#1889=VECTOR('',#6345,10.);
#1890=VECTOR('',#6346,10.);
#1891=VECTOR('',#6347,10.);
#1892=VECTOR('',#6348,10.);
#1893=VECTOR('',#6349,10.);
#1894=VECTOR('',#6350,10.);
#1895=VECTOR('',#6351,10.);
#1896=VECTOR('',#6352,10.);
#1897=VECTOR('',#6353,10.);
#1898=VECTOR('',#6354,10.);
#1899=VECTOR('',#6355,10.);
#1900=VECTOR('',#6356,10.);
#1901=VECTOR('',#6357,10.);
#1902=VECTOR('',#6358,10.);
#1903=VECTOR('',#6359,10.);
#1904=VECTOR('',#6360,10.);
#1905=VECTOR('',#6361,10.);
#1906=VECTOR('',#6362,10.);
#1907=VECTOR('',#6363,10.);
#1908=VECTOR('',#6364,10.);
#1909=VECTOR('',#6365,10.);
#1910=VECTOR('',#6366,10.);
#1911=VECTOR('',#6367,10.);
#1912=VECTOR('',#6368,10.);
#1913=VECTOR('',#6369,10.);
#1914=VECTOR('',#6370,10.);
#1915=VECTOR('',#6371,10.);
#1916=VECTOR('',#6372,10.);
#1917=VECTOR('',#6373,10.);
#1918=VECTOR('',#6374,10.);
#1919=VECTOR('',#6375,10.);
#1920=VECTOR('',#6376,10.);
#1921=VECTOR('',#6377,10.);
#1922=VECTOR('',#6378,10.);
#1923=VECTOR('',#6379,10.);
#1924=VECTOR('',#6380,10.);
#1925=VECTOR('',#6381,10.);
#1926=VECTOR('',#6382,10.);
#1927=VECTOR('',#6383,10.);
#1928=VECTOR('',#6384,10.);
#1929=VECTOR('',#6385,10.);
#1930=VECTOR('',#6386,10.);
#1931=VECTOR('',#6387,10.);
#1932=VECTOR('',#6388,10.);
#1933=VECTOR('',#6389,10.);
#1934=VECTOR('',#6390,10.);
#1935=VECTOR('',#6391,10.);
#1936=VECTOR('',#6392,10.);
#1937=VECTOR('',#6393,10.);
#1938=VECTOR('',#6394,10.);
#1939=VECTOR('',#6395,10.);
#1940=VECTOR('',#6396,10.);
#1941=VECTOR('',#6397,10.);
#1942=VECTOR('',#6400,10.);
#1943=VECTOR('',#6401,10.);
#1944=VECTOR('',#6402,10.);
#1945=VECTOR('',#6405,10.);
#1946=VECTOR('',#6406,10.);
#1947=VECTOR('',#6409,10.);
#1948=VECTOR('',#6410,10.);
#1949=VECTOR('',#6413,10.);
#1950=VECTOR('',#6418,10.);
#1951=VECTOR('',#6419,10.);
#1952=VECTOR('',#6422,10.);
#1953=VECTOR('',#6423,10.);
#1954=VECTOR('',#6426,10.);
#1955=VECTOR('',#6427,10.);
#1956=VECTOR('',#6430,10.);
#1957=VECTOR('',#6431,10.);
#1958=VECTOR('',#6432,10.);
#1959=VECTOR('',#6435,10.);
#1960=VECTOR('',#6436,10.);
#1961=VECTOR('',#6437,10.);
#1962=VECTOR('',#6440,10.);
#1963=VECTOR('',#6441,10.);
#1964=VECTOR('',#6444,10.);
#1965=VECTOR('',#6445,10.);
#1966=VECTOR('',#6446,10.);
#1967=VECTOR('',#6449,10.);
#1968=VECTOR('',#6450,10.);
#1969=VECTOR('',#6453,10.);
#1970=VECTOR('',#6454,10.);
#1971=VECTOR('',#6457,10.);
#1972=VECTOR('',#6458,10.);
#1973=VECTOR('',#6459,10.);
#1974=VECTOR('',#6462,10.);
#1975=VECTOR('',#6463,10.);
#1976=VECTOR('',#6464,10.);
#1977=VECTOR('',#6465,10.);
#1978=VECTOR('',#6466,0.213414747764848);
#1979=VECTOR('',#6467,10.);
#1980=VECTOR('',#6468,1.02335251265571);
#1981=VECTOR('',#6469,10.);
#1982=VECTOR('',#6470,10.);
#1983=VECTOR('',#6471,10.);
#1984=VECTOR('',#6474,10.);
#1985=VECTOR('',#6475,10.);
#1986=VECTOR('',#6476,10.);
#1987=VECTOR('',#6477,10.);
#1988=VECTOR('',#6478,5.18515670652661);
#1989=VECTOR('',#6479,10.);
#1990=VECTOR('',#6482,10.);
#1991=VECTOR('',#6483,10.);
#1992=VECTOR('',#6484,5.18515670652661);
#1993=VECTOR('',#6485,10.);
#1994=VECTOR('',#6486,10.);
#1995=VECTOR('',#6487,1.02335251265582);
#1996=VECTOR('',#6488,10.);
#1997=VECTOR('',#6489,10.);
#1998=VECTOR('',#6492,10.);
#1999=VECTOR('',#6493,10.);
#2000=VECTOR('',#6494,5.65691367638907);
#2001=VECTOR('',#6495,10.);
#2002=VECTOR('',#6496,10.);
#2003=VECTOR('',#6497,0.213414747764993);
#2004=VECTOR('',#6498,10.);
#2005=VECTOR('',#6499,10.);
#2006=VECTOR('',#6500,10.);
#2007=VECTOR('',#6501,10.);
#2008=VECTOR('',#6502,10.);
#2009=VECTOR('',#6503,10.);
#2010=VECTOR('',#6504,0.360761108563445);
#2011=VECTOR('',#6505,10.);
#2012=VECTOR('',#6506,10.);
#2013=VECTOR('',#6507,1.06388584352228);
#2014=VECTOR('',#6508,10.);
#2015=VECTOR('',#6509,10.);
#2016=VECTOR('',#6510,10.);
#2017=VECTOR('',#6511,10.);
#2018=VECTOR('',#6514,10.);
#2019=VECTOR('',#6515,10.);
#2020=VECTOR('',#6516,10.);
#2021=VECTOR('',#6517,10.);
#2022=VECTOR('',#6518,1.0233525126557);
#2023=VECTOR('',#6519,10.);
#2024=VECTOR('',#6520,10.);
#2025=VECTOR('',#6523,10.);
#2026=VECTOR('',#6524,10.);
#2027=VECTOR('',#6525,5.65691367638907);
#2028=VECTOR('',#6526,10.);
#2029=VECTOR('',#6527,10.);
#2030=VECTOR('',#6528,0.213414747764871);
#2031=VECTOR('',#6529,10.);
#2032=VECTOR('',#6530,10.);
#2033=VECTOR('',#6531,10.);
#2034=VECTOR('',#6532,1.02335251265572);
#2035=VECTOR('',#6533,10.);
#2036=VECTOR('',#6534,10.);
#2037=VECTOR('',#6537,10.);
#2038=VECTOR('',#6538,10.);
#2039=VECTOR('',#6539,5.65691367638907);
#2040=VECTOR('',#6540,10.);
#2041=VECTOR('',#6541,10.);
#2042=VECTOR('',#6542,0.213414747764817);
#2043=VECTOR('',#6543,10.);
#2044=VECTOR('',#6544,10.);
#2045=VECTOR('',#6545,10.);
#2046=VECTOR('',#6546,0.213414747764852);
#2047=VECTOR('',#6547,10.);
#2048=VECTOR('',#6548,1.02335251265572);
#2049=VECTOR('',#6549,10.);
#2050=VECTOR('',#6550,10.);
#2051=VECTOR('',#6551,10.);
#2052=VECTOR('',#6554,10.);
#2053=VECTOR('',#6555,10.);
#2054=VECTOR('',#6556,10.);
#2055=VECTOR('',#6557,10.);
#2056=VECTOR('',#6558,10.);
#2057=VECTOR('',#6561,10.);
#2058=VECTOR('',#6562,10.);
#2059=VECTOR('',#6565,10.);
#2060=VECTOR('',#6566,10.);
#2061=VECTOR('',#6567,10.);
#2062=VECTOR('',#6568,0.213414747764995);
#2063=VECTOR('',#6569,10.);
#2064=VECTOR('',#6570,1.02335251265582);
#2065=VECTOR('',#6571,10.);
#2066=VECTOR('',#6572,10.);
#2067=VECTOR('',#6573,10.);
#2068=VECTOR('',#6576,10.);
#2069=VECTOR('',#6577,10.);
#2070=VECTOR('',#6578,5.65691367638907);
#2071=VECTOR('',#6579,10.);
#2072=VECTOR('',#6580,10.);
#2073=VECTOR('',#6581,10.);
#2074=VECTOR('',#6582,0.360761108563452);
#2075=VECTOR('',#6583,10.);
#2076=VECTOR('',#6584,10.);
#2077=VECTOR('',#6585,1.06388584352229);
#2078=VECTOR('',#6586,10.);
#2079=VECTOR('',#6587,10.);
#2080=VECTOR('',#6588,10.);
#2081=VECTOR('',#6591,10.);
#2082=VECTOR('',#6592,10.);
#2083=VECTOR('',#6593,10.);
#2084=VECTOR('',#6594,5.6643865568132);
#2085=VECTOR('',#6595,10.);
#2086=VECTOR('',#6596,10.);
#2087=VECTOR('',#6597,10.);
#2088=VECTOR('',#6598,10.);
#2089=VECTOR('',#6599,0.213414747764866);
#2090=VECTOR('',#6600,10.);
#2091=VECTOR('',#6601,1.02335251265569);
#2092=VECTOR('',#6602,10.);
#2093=VECTOR('',#6603,10.);
#2094=VECTOR('',#6604,10.);
#2095=VECTOR('',#6607,10.);
#2096=VECTOR('',#6608,10.);
#2097=VECTOR('',#6609,5.65691367638906);
#2098=VECTOR('',#6610,10.);
#2099=VECTOR('',#6611,10.);
#2100=VECTOR('',#6612,10.);
#2101=VECTOR('',#6613,0.213414747764815);
#2102=VECTOR('',#6614,10.);
#2103=VECTOR('',#6615,1.02335251265571);
#2104=VECTOR('',#6616,10.);
#2105=VECTOR('',#6617,10.);
#2106=VECTOR('',#6618,10.);
#2107=VECTOR('',#6621,10.);
#2108=VECTOR('',#6622,10.);
#2109=VECTOR('',#6623,5.65691367638908);
#2110=VECTOR('',#6624,10.);
#2111=VECTOR('',#6625,10.);
#2112=VECTOR('',#6626,10.);
#2113=VECTOR('',#6627,5.17724244266242);
#2114=VECTOR('',#6628,10.);
#2115=VECTOR('',#6629,0.0256113292097471);
#2116=VECTOR('',#6630,10.);
#2117=VECTOR('',#6631,10.);
#2118=VECTOR('',#6632,0.162111639550933);
#2119=VECTOR('',#6633,10.);
#2120=VECTOR('',#6634,10.);
#2121=VECTOR('',#6635,4.05942100821505);
#2122=VECTOR('',#6636,10.);
#2123=VECTOR('',#6637,10.);
#2124=VECTOR('',#6640,10.);
#2125=VECTOR('',#6641,0.162111639551057);
#2126=VECTOR('',#6642,10.);
#2127=VECTOR('',#6643,10.);
#2128=VECTOR('',#6644,10.);
#2129=VECTOR('',#6645,10.);
#2130=VECTOR('',#6646,10.);
#2131=VECTOR('',#6647,10.);
#2132=VECTOR('',#6650,10.);
#2133=VECTOR('',#6651,10.);
#2134=VECTOR('',#6654,10.);
#2135=VECTOR('',#6655,10.);
#2136=VECTOR('',#6658,10.);
#2137=VECTOR('',#6659,5.17724244266244);
#2138=VECTOR('',#6660,10.);
#2139=VECTOR('',#6661,0.0256113292097471);
#2140=VECTOR('',#6662,10.);
#2141=VECTOR('',#6663,10.);
#2142=VECTOR('',#6664,10.);
#2143=VECTOR('',#6665,10.);
#2144=VECTOR('',#6666,4.05942100821506);
#2145=VECTOR('',#6667,10.);
#2146=VECTOR('',#6668,10.);
#2147=VECTOR('',#6671,10.);
#2148=VECTOR('',#6672,0.162111639551004);
#2149=VECTOR('',#6673,10.);
#2150=VECTOR('',#6674,10.);
#2151=VECTOR('',#6675,10.);
#2152=VECTOR('',#6676,10.);
#2153=VECTOR('',#6677,10.);
#2154=VECTOR('',#6678,10.);
#2155=VECTOR('',#6681,10.);
#2156=VECTOR('',#6684,10.);
#2157=VECTOR('',#6685,10.);
#2158=VECTOR('',#6688,10.);
#2159=VECTOR('',#6689,5.17724244266241);
#2160=VECTOR('',#6690,10.);
#2161=VECTOR('',#6691,0.025611329209756);
#2162=VECTOR('',#6692,10.);
#2163=VECTOR('',#6693,10.);
#2164=VECTOR('',#6694,10.);
#2165=VECTOR('',#6695,10.);
#2166=VECTOR('',#6696,4.05942100821504);
#2167=VECTOR('',#6697,10.);
#2168=VECTOR('',#6698,10.);
#2169=VECTOR('',#6701,10.);
#2170=VECTOR('',#6702,0.162111639550968);
#2171=VECTOR('',#6703,10.);
#2172=VECTOR('',#6704,10.);
#2173=VECTOR('',#6705,10.);
#2174=VECTOR('',#6706,10.);
#2175=VECTOR('',#6707,10.);
#2176=VECTOR('',#6708,10.);
#2177=VECTOR('',#6711,10.);
#2178=VECTOR('',#6714,10.);
#2179=VECTOR('',#6715,10.);
#2180=VECTOR('',#6718,10.);
#2181=VECTOR('',#6719,5.1772424426624);
#2182=VECTOR('',#6720,10.);
#2183=VECTOR('',#6721,0.0256113292097382);
#2184=VECTOR('',#6722,10.);
#2185=VECTOR('',#6723,10.);
#2186=VECTOR('',#6724,10.);
#2187=VECTOR('',#6725,10.);
#2188=VECTOR('',#6726,4.05942100821503);
#2189=VECTOR('',#6727,10.);
#2190=VECTOR('',#6728,10.);
#2191=VECTOR('',#6731,10.);
#2192=VECTOR('',#6732,0.162111639551021);
#2193=VECTOR('',#6733,10.);
#2194=VECTOR('',#6734,10.);
#2195=VECTOR('',#6735,10.);
#2196=VECTOR('',#6736,10.);
#2197=VECTOR('',#6737,10.);
#2198=VECTOR('',#6738,10.);
#2199=VECTOR('',#6741,10.);
#2200=VECTOR('',#6744,10.);
#2201=VECTOR('',#6745,10.);
#2202=VECTOR('',#6748,10.);
#2203=VECTOR('',#6749,4.05942100821505);
#2204=VECTOR('',#6750,10.);
#2205=VECTOR('',#6751,10.);
#2206=VECTOR('',#6752,10.);
#2207=VECTOR('',#6753,5.17724244266241);
#2208=VECTOR('',#6754,10.);
#2209=VECTOR('',#6755,10.);
#2210=VECTOR('',#6756,0.0256113292097204);
#2211=VECTOR('',#6757,10.);
#2212=VECTOR('',#6758,10.);
#2213=VECTOR('',#6761,10.);
#2214=VECTOR('',#6762,10.);
#2215=VECTOR('',#6765,10.);
#2216=VECTOR('',#6768,10.);
#2217=VECTOR('',#6773,10.);
#2218=VECTOR('',#6774,10.);
#2219=VECTOR('',#6775,10.);
#2220=VECTOR('',#6776,10.);
#2221=VECTOR('',#6777,10.);
#2222=VECTOR('',#6778,10.);
#2223=VECTOR('',#6781,10.);
#2224=VECTOR('',#6782,10.);
#2225=VECTOR('',#6785,10.);
#2226=VECTOR('',#6788,10.);
#2227=VECTOR('',#6791,10.);
#2228=VECTOR('',#6792,10.);
#2229=VECTOR('',#6795,10.);
#2230=VECTOR('',#6798,10.);
#2231=VECTOR('',#6801,10.);
#2232=VECTOR('',#6802,10.);
#2233=VECTOR('',#6805,10.);
#2234=VECTOR('',#6808,10.);
#2235=VECTOR('',#6811,10.);
#2236=VECTOR('',#6812,10.);
#2237=VECTOR('',#6815,10.);
#2238=VECTOR('',#6818,10.);
#2239=VECTOR('',#6821,10.);
#2240=VECTOR('',#6822,10.);
#2241=VECTOR('',#6825,10.);
#2242=VECTOR('',#6828,10.);
#2243=VECTOR('',#6829,4.05942100821505);
#2244=VECTOR('',#6830,10.);
#2245=VECTOR('',#6831,10.);
#2246=VECTOR('',#6832,0.162111639550933);
#2247=VECTOR('',#6833,10.);
#2248=VECTOR('',#6834,10.);
#2249=VECTOR('',#6835,0.0256113292097471);
#2250=VECTOR('',#6836,10.);
#2251=VECTOR('',#6837,5.17724244266241);
#2252=VECTOR('',#6838,10.);
#2253=VECTOR('',#6839,10.);
#2254=VECTOR('',#6842,10.);
#2255=VECTOR('',#6843,10.);
#2256=VECTOR('',#6844,10.);
#2257=VECTOR('',#6845,10.);
#2258=VECTOR('',#6846,10.);
#2259=VECTOR('',#6847,10.);
#2260=VECTOR('',#6848,0.162111639551057);
#2261=VECTOR('',#6849,10.);
#2262=VECTOR('',#6852,10.);
#2263=VECTOR('',#6853,10.);
#2264=VECTOR('',#6854,10.);
#2265=VECTOR('',#6855,10.);
#2266=VECTOR('',#6856,10.);
#2267=VECTOR('',#6857,10.);
#2268=VECTOR('',#6858,10.);
#2269=VECTOR('',#6861,10.);
#2270=VECTOR('',#6864,10.);
#2271=VECTOR('',#6865,10.);
#2272=VECTOR('',#6868,10.);
#2273=VECTOR('',#6869,4.05942100821506);
#2274=VECTOR('',#6870,10.);
#2275=VECTOR('',#6871,10.);
#2276=VECTOR('',#6872,10.);
#2277=VECTOR('',#6873,10.);
#2278=VECTOR('',#6874,0.0256113292097471);
#2279=VECTOR('',#6875,10.);
#2280=VECTOR('',#6876,5.17724244266244);
#2281=VECTOR('',#6877,10.);
#2282=VECTOR('',#6878,10.);
#2283=VECTOR('',#6881,10.);
#2284=VECTOR('',#6882,10.);
#2285=VECTOR('',#6883,10.);
#2286=VECTOR('',#6884,10.);
#2287=VECTOR('',#6885,10.);
#2288=VECTOR('',#6886,10.);
#2289=VECTOR('',#6887,0.162111639551004);
#2290=VECTOR('',#6888,10.);
#2291=VECTOR('',#6891,10.);
#2292=VECTOR('',#6894,10.);
#2293=VECTOR('',#6895,10.);
#2294=VECTOR('',#6898,10.);
#2295=VECTOR('',#6899,4.05942100821505);
#2296=VECTOR('',#6900,10.);
#2297=VECTOR('',#6901,10.);
#2298=VECTOR('',#6902,10.);
#2299=VECTOR('',#6903,10.);
#2300=VECTOR('',#6904,0.025611329209756);
#2301=VECTOR('',#6905,10.);
#2302=VECTOR('',#6906,5.17724244266241);
#2303=VECTOR('',#6907,10.);
#2304=VECTOR('',#6908,10.);
#2305=VECTOR('',#6911,10.);
#2306=VECTOR('',#6912,10.);
#2307=VECTOR('',#6913,10.);
#2308=VECTOR('',#6914,10.);
#2309=VECTOR('',#6915,10.);
#2310=VECTOR('',#6916,10.);
#2311=VECTOR('',#6917,0.162111639550968);
#2312=VECTOR('',#6918,10.);
#2313=VECTOR('',#6921,10.);
#2314=VECTOR('',#6924,10.);
#2315=VECTOR('',#6925,10.);
#2316=VECTOR('',#6928,10.);
#2317=VECTOR('',#6929,4.05942100821503);
#2318=VECTOR('',#6930,10.);
#2319=VECTOR('',#6931,10.);
#2320=VECTOR('',#6932,10.);
#2321=VECTOR('',#6933,10.);
#2322=VECTOR('',#6934,0.0256113292097382);
#2323=VECTOR('',#6935,10.);
#2324=VECTOR('',#6936,5.1772424426624);
#2325=VECTOR('',#6937,10.);
#2326=VECTOR('',#6938,10.);
#2327=VECTOR('',#6941,10.);
#2328=VECTOR('',#6942,10.);
#2329=VECTOR('',#6943,10.);
#2330=VECTOR('',#6944,10.);
#2331=VECTOR('',#6945,10.);
#2332=VECTOR('',#6946,10.);
#2333=VECTOR('',#6947,0.162111639551021);
#2334=VECTOR('',#6948,10.);
#2335=VECTOR('',#6951,10.);
#2336=VECTOR('',#6954,10.);
#2337=VECTOR('',#6955,10.);
#2338=VECTOR('',#6958,10.);
#2339=VECTOR('',#6959,10.);
#2340=VECTOR('',#6960,10.);
#2341=VECTOR('',#6961,4.05942100821505);
#2342=VECTOR('',#6962,10.);
#2343=VECTOR('',#6963,5.17724244266242);
#2344=VECTOR('',#6964,10.);
#2345=VECTOR('',#6965,10.);
#2346=VECTOR('',#6966,0.0256113292097204);
#2347=VECTOR('',#6967,10.);
#2348=VECTOR('',#6968,10.);
#2349=VECTOR('',#6971,10.);
#2350=VECTOR('',#6972,10.);
#2351=VECTOR('',#6975,10.);
#2352=VECTOR('',#6978,10.);
#2353=VECTOR('',#6983,10.);
#2354=VECTOR('',#6984,10.);
#2355=VECTOR('',#6985,10.);
#2356=VECTOR('',#6986,10.);
#2357=VECTOR('',#6989,10.);
#2358=VECTOR('',#6990,10.);
#2359=VECTOR('',#6993,10.);
#2360=VECTOR('',#6994,10.);
#2361=VECTOR('',#6997,10.);
#2362=VECTOR('',#7000,10.);
#2363=VECTOR('',#7001,10.);
#2364=VECTOR('',#7002,10.);
#2365=VECTOR('',#7005,10.);
#2366=VECTOR('',#7006,10.);
#2367=VECTOR('',#7007,10.);
#2368=VECTOR('',#7010,10.);
#2369=VECTOR('',#7011,10.);
#2370=VECTOR('',#7014,10.);
#2371=VECTOR('',#7015,10.);
#2372=VECTOR('',#7018,10.);
#2373=VECTOR('',#7021,10.);
#2374=VECTOR('',#7022,10.);
#2375=VECTOR('',#7023,10.);
#2376=VECTOR('',#7026,10.);
#2377=VECTOR('',#7027,10.);
#2378=VECTOR('',#7028,10.);
#2379=VECTOR('',#7031,10.);
#2380=VECTOR('',#7032,10.);
#2381=VECTOR('',#7035,10.);
#2382=VECTOR('',#7038,10.);
#2383=VECTOR('',#7039,10.);
#2384=VECTOR('',#7040,10.);
#2385=VECTOR('',#7041,10.);
#2386=VECTOR('',#7044,10.);
#2387=VECTOR('',#7045,10.);
#2388=VECTOR('',#7048,10.);
#2389=VECTOR('',#7049,10.);
#2390=VECTOR('',#7052,10.);
#2391=VECTOR('',#7055,10.);
#2392=VECTOR('',#7056,10.);
#2393=VECTOR('',#7057,10.);
#2394=VECTOR('',#7058,10.);
#2395=VECTOR('',#7061,10.);
#2396=VECTOR('',#7062,10.);
#2397=VECTOR('',#7065,10.);
#2398=VECTOR('',#7066,10.);
#2399=VECTOR('',#7069,10.);
#2400=VECTOR('',#7072,10.);
#2401=VECTOR('',#7073,10.);
#2402=VECTOR('',#7074,10.);
#2403=VECTOR('',#7075,10.);
#2404=VECTOR('',#7076,10.);
#2405=VECTOR('',#7077,10.);
#2406=VECTOR('',#7078,10.);
#2407=VECTOR('',#7079,10.);
#2408=VECTOR('',#7080,10.);
#2409=VECTOR('',#7081,10.);
#2410=VECTOR('',#7082,10.);
#2411=VECTOR('',#7083,10.);
#2412=VECTOR('',#7084,10.);
#2413=VECTOR('',#7085,10.);
#2414=VECTOR('',#7086,10.);
#2415=VECTOR('',#7087,10.);
#2416=VECTOR('',#7088,10.);
#2417=VECTOR('',#7089,10.);
#2418=VECTOR('',#7090,10.);
#2419=VECTOR('',#7091,10.);
#2420=VECTOR('',#7092,10.);
#2421=VECTOR('',#7093,10.);
#2422=VECTOR('',#7094,10.);
#2423=VECTOR('',#7095,10.);
#2424=VECTOR('',#7096,10.);
#2425=VECTOR('',#7097,10.);
#2426=VECTOR('',#7098,10.);
#2427=VECTOR('',#7099,10.);
#2428=VECTOR('',#7100,10.);
#2429=VECTOR('',#7101,10.);
#2430=VECTOR('',#7102,10.);
#2431=VECTOR('',#7103,10.);
#2432=VECTOR('',#7104,10.);
#2433=VECTOR('',#7105,10.);
#2434=VECTOR('',#7106,10.);
#2435=VECTOR('',#7107,10.);
#2436=VECTOR('',#7110,10.);
#2437=VECTOR('',#7111,10.);
#2438=VECTOR('',#7112,10.);
#2439=VECTOR('',#7113,10.);
#2440=VECTOR('',#7114,10.);
#2441=VECTOR('',#7117,10.);
#2442=VECTOR('',#7120,10.);
#2443=VECTOR('',#7121,10.);
#2444=VECTOR('',#7122,10.);
#2445=VECTOR('',#7123,10.);
#2446=VECTOR('',#7124,10.);
#2447=VECTOR('',#7127,10.);
#2448=VECTOR('',#7128,10.);
#2449=VECTOR('',#7129,10.);
#2450=VECTOR('',#7130,10.);
#2451=VECTOR('',#7131,10.);
#2452=VECTOR('',#7134,10.);
#2453=VECTOR('',#7135,10.);
#2454=VECTOR('',#7136,10.);
#2455=VECTOR('',#7137,10.);
#2456=VECTOR('',#7138,10.);
#2457=VECTOR('',#7141,10.);
#2458=VECTOR('',#7142,10.);
#2459=VECTOR('',#7143,10.);
#2460=VECTOR('',#7144,10.);
#2461=VECTOR('',#7145,10.);
#2462=VECTOR('',#7148,10.);
#2463=VECTOR('',#7151,10.);
#2464=VECTOR('',#7156,10.);
#2465=VECTOR('',#7157,10.);
#2466=VECTOR('',#7164,10.);
#2467=VECTOR('',#7167,10.);
#2468=VECTOR('',#7172,10.);
#2469=VECTOR('',#7175,10.);
#2470=VECTOR('',#7180,10.);
#2471=VECTOR('',#7183,10.);
#2472=VECTOR('',#7188,10.);
#2473=VECTOR('',#7189,10.);
#2474=VECTOR('',#7192,10.);
#2475=VECTOR('',#7193,10.);
#2476=VECTOR('',#7194,10.);
#2477=VECTOR('',#7199,10.);
#2478=VECTOR('',#7200,10.);
#2479=VECTOR('',#7201,10.);
#2480=VECTOR('',#7202,10.);
#2481=VECTOR('',#7203,10.);
#2482=VECTOR('',#7204,10.);
#2483=VECTOR('',#7205,10.);
#2484=VECTOR('',#7206,10.);
#2485=VECTOR('',#7207,10.);
#2486=VECTOR('',#7208,10.);
#2487=VECTOR('',#7209,10.);
#2488=VECTOR('',#7210,10.);
#2489=VECTOR('',#7211,10.);
#2490=VECTOR('',#7212,10.);
#2491=VECTOR('',#7213,10.);
#2492=VECTOR('',#7214,10.);
#2493=VECTOR('',#7215,10.);
#2494=VECTOR('',#7216,10.);
#2495=VECTOR('',#7217,10.);
#2496=VECTOR('',#7218,10.);
#2497=VECTOR('',#7219,10.);
#2498=VECTOR('',#7220,10.);
#2499=VECTOR('',#7221,10.);
#2500=VECTOR('',#7222,10.);
#2501=VECTOR('',#7223,10.);
#2502=VECTOR('',#7224,10.);
#2503=VECTOR('',#7225,10.);
#2504=VECTOR('',#7226,10.);
#2505=VECTOR('',#7227,10.);
#2506=VECTOR('',#7228,10.);
#2507=VECTOR('',#7229,10.);
#2508=VECTOR('',#7230,10.);
#2509=VECTOR('',#7231,10.);
#2510=VECTOR('',#7232,10.);
#2511=VECTOR('',#7233,10.);
#2512=VECTOR('',#7234,10.);
#2513=VECTOR('',#7235,10.);
#2514=VECTOR('',#7236,10.);
#2515=VECTOR('',#7237,10.);
#2516=VECTOR('',#7238,10.);
#2517=VECTOR('',#7239,10.);
#2518=VECTOR('',#7240,10.);
#2519=VECTOR('',#7241,10.);
#2520=VECTOR('',#7242,10.);
#2521=VECTOR('',#7243,10.);
#2522=VECTOR('',#7244,10.);
#2523=VECTOR('',#7245,10.);
#2524=VECTOR('',#7246,10.);
#2525=VECTOR('',#7247,10.);
#2526=VECTOR('',#7250,10.);
#2527=VECTOR('',#7253,10.);
#2528=VECTOR('',#7254,10.);
#2529=VECTOR('',#7259,10.);
#2530=VECTOR('',#7262,10.);
#2531=VECTOR('',#7263,10.);
#2532=VECTOR('',#7268,10.);
#2533=VECTOR('',#7271,10.);
#2534=VECTOR('',#7272,10.);
#2535=VECTOR('',#7277,10.);
#2536=VECTOR('',#7278,10.);
#2537=VECTOR('',#7279,10.);
#2538=VECTOR('',#7282,10.);
#2539=VECTOR('',#7283,10.);
#2540=VECTOR('',#7290,10.);
#2541=VECTOR('',#7291,10.);
#2542=VECTOR('',#7294,10.);
#2543=VECTOR('',#7295,10.);
#2544=VECTOR('',#7298,10.);
#2545=VECTOR('',#7299,10.);
#2546=VECTOR('',#7302,10.);
#2547=VECTOR('',#7303,10.);
#2548=VECTOR('',#7306,10.);
#2549=VECTOR('',#7307,10.);
#2550=VECTOR('',#7314,10.);
#2551=VECTOR('',#7317,10.);
#2552=VECTOR('',#7322,10.);
#2553=VECTOR('',#7323,10.);
#2554=VECTOR('',#7326,10.);
#2555=VECTOR('',#7327,10.);
#2556=VECTOR('',#7334,10.);
#2557=VECTOR('',#7335,10.);
#2558=VECTOR('',#7338,10.);
#2559=VECTOR('',#7339,10.);
#2560=VECTOR('',#7346,10.);
#2561=VECTOR('',#7347,10.);
#2562=VECTOR('',#7350,10.);
#2563=VECTOR('',#7351,10.);
#2564=VECTOR('',#7358,10.);
#2565=VECTOR('',#7359,10.);
#2566=VECTOR('',#7362,10.);
#2567=VECTOR('',#7365,10.);
#2568=VECTOR('',#7370,10.);
#2569=VECTOR('',#7371,10.);
#2570=VECTOR('',#7374,10.);
#2571=VECTOR('',#7377,10.);
#2572=VECTOR('',#7382,10.);
#2573=VECTOR('',#7383,10.);
#2574=VECTOR('',#7386,10.);
#2575=VECTOR('',#7389,10.);
#2576=VECTOR('',#7394,10.);
#2577=VECTOR('',#7395,10.);
#2578=VECTOR('',#7398,10.);
#2579=VECTOR('',#7401,10.);
#2580=VECTOR('',#7406,10.);
#2581=VECTOR('',#7407,10.);
#2582=VECTOR('',#7410,10.);
#2583=VECTOR('',#7413,10.);
#2584=VECTOR('',#7418,10.);
#2585=VECTOR('',#7425,10.);
#2586=VECTOR('',#7432,10.);
#2587=VECTOR('',#7437,10.);
#2588=VECTOR('',#7442,10.);
#2589=VECTOR('',#7443,10.);
#2590=VECTOR('',#7444,10.);
#2591=VECTOR('',#7445,10.);
#2592=CIRCLE('',#5906,2.55);
#2593=CIRCLE('',#5907,2.55);
#2594=CIRCLE('',#5915,2.55);
#2595=CIRCLE('',#5916,2.55);
#2596=VERTEX_POINT('',#7456);
#2597=VERTEX_POINT('',#7458);
#2598=VERTEX_POINT('',#7462);
#2599=VERTEX_POINT('',#7463);
#2600=VERTEX_POINT('',#7465);
#2601=VERTEX_POINT('',#7467);
#2602=VERTEX_POINT('',#7471);
#2603=VERTEX_POINT('',#7473);
#2604=VERTEX_POINT('',#7477);
#2605=VERTEX_POINT('',#7479);
#2606=VERTEX_POINT('',#7485);
#2607=VERTEX_POINT('',#7486);
#2608=VERTEX_POINT('',#7488);
#2609=VERTEX_POINT('',#7490);
#2610=VERTEX_POINT('',#7492);
#2611=VERTEX_POINT('',#7494);
#2612=VERTEX_POINT('',#7496);
#2613=VERTEX_POINT('',#7498);
#2614=VERTEX_POINT('',#7502);
#2615=VERTEX_POINT('',#7504);
#2616=VERTEX_POINT('',#7508);
#2617=VERTEX_POINT('',#7510);
#2618=VERTEX_POINT('',#7514);
#2619=VERTEX_POINT('',#7516);
#2620=VERTEX_POINT('',#7524);
#2621=VERTEX_POINT('',#7525);
#2622=VERTEX_POINT('',#7527);
#2623=VERTEX_POINT('',#7529);
#2624=VERTEX_POINT('',#7533);
#2625=VERTEX_POINT('',#7534);
#2626=VERTEX_POINT('',#7536);
#2627=VERTEX_POINT('',#7538);
#2628=VERTEX_POINT('',#7542);
#2629=VERTEX_POINT('',#7544);
#2630=VERTEX_POINT('',#7555);
#2631=VERTEX_POINT('',#7557);
#2632=VERTEX_POINT('',#7561);
#2633=VERTEX_POINT('',#7563);
#2634=VERTEX_POINT('',#7565);
#2635=VERTEX_POINT('',#7567);
#2636=VERTEX_POINT('',#7569);
#2637=VERTEX_POINT('',#7571);
#2638=VERTEX_POINT('',#7575);
#2639=VERTEX_POINT('',#7577);
#2640=VERTEX_POINT('',#7581);
#2641=VERTEX_POINT('',#7583);
#2642=VERTEX_POINT('',#7587);
#2643=VERTEX_POINT('',#7589);
#2644=VERTEX_POINT('',#7593);
#2645=VERTEX_POINT('',#7594);
#2646=VERTEX_POINT('',#7596);
#2647=VERTEX_POINT('',#7598);
#2648=VERTEX_POINT('',#7602);
#2649=VERTEX_POINT('',#7604);
#2650=VERTEX_POINT('',#7607);
#2651=VERTEX_POINT('',#7613);
#2652=VERTEX_POINT('',#7614);
#2653=VERTEX_POINT('',#7616);
#2654=VERTEX_POINT('',#7618);
#2655=VERTEX_POINT('',#7622);
#2656=VERTEX_POINT('',#7624);
#2657=VERTEX_POINT('',#7627);
#2658=VERTEX_POINT('',#7633);
#2659=VERTEX_POINT('',#7635);
#2660=VERTEX_POINT('',#7639);
#2661=VERTEX_POINT('',#7641);
#2662=VERTEX_POINT('',#7645);
#2663=VERTEX_POINT('',#7647);
#2664=VERTEX_POINT('',#7654);
#2665=VERTEX_POINT('',#7656);
#2666=VERTEX_POINT('',#7658);
#2667=VERTEX_POINT('',#7660);
#2668=VERTEX_POINT('',#7662);
#2669=VERTEX_POINT('',#7664);
#2670=VERTEX_POINT('',#7666);
#2671=VERTEX_POINT('',#7668);
#2672=VERTEX_POINT('',#7670);
#2673=VERTEX_POINT('',#7672);
#2674=VERTEX_POINT('',#7674);
#2675=VERTEX_POINT('',#7676);
#2676=VERTEX_POINT('',#7678);
#2677=VERTEX_POINT('',#7680);
#2678=VERTEX_POINT('',#7682);
#2679=VERTEX_POINT('',#7684);
#2680=VERTEX_POINT('',#7686);
#2681=VERTEX_POINT('',#7688);
#2682=VERTEX_POINT('',#7690);
#2683=VERTEX_POINT('',#7692);
#2684=VERTEX_POINT('',#7694);
#2685=VERTEX_POINT('',#7697);
#2686=VERTEX_POINT('',#7699);
#2687=VERTEX_POINT('',#7701);
#2688=VERTEX_POINT('',#7703);
#2689=VERTEX_POINT('',#7705);
#2690=VERTEX_POINT('',#7707);
#2691=VERTEX_POINT('',#7709);
#2692=VERTEX_POINT('',#7711);
#2693=VERTEX_POINT('',#7713);
#2694=VERTEX_POINT('',#7715);
#2695=VERTEX_POINT('',#7717);
#2696=VERTEX_POINT('',#7719);
#2697=VERTEX_POINT('',#7721);
#2698=VERTEX_POINT('',#7723);
#2699=VERTEX_POINT('',#7725);
#2700=VERTEX_POINT('',#7727);
#2701=VERTEX_POINT('',#7729);
#2702=VERTEX_POINT('',#7731);
#2703=VERTEX_POINT('',#7733);
#2704=VERTEX_POINT('',#7735);
#2705=VERTEX_POINT('',#7737);
#2706=VERTEX_POINT('',#7740);
#2707=VERTEX_POINT('',#7742);
#2708=VERTEX_POINT('',#7744);
#2709=VERTEX_POINT('',#7746);
#2710=VERTEX_POINT('',#7748);
#2711=VERTEX_POINT('',#7750);
#2712=VERTEX_POINT('',#7752);
#2713=VERTEX_POINT('',#7754);
#2714=VERTEX_POINT('',#7756);
#2715=VERTEX_POINT('',#7758);
#2716=VERTEX_POINT('',#7760);
#2717=VERTEX_POINT('',#7762);
#2718=VERTEX_POINT('',#7764);
#2719=VERTEX_POINT('',#7766);
#2720=VERTEX_POINT('',#7768);
#2721=VERTEX_POINT('',#7770);
#2722=VERTEX_POINT('',#7772);
#2723=VERTEX_POINT('',#7774);
#2724=VERTEX_POINT('',#7776);
#2725=VERTEX_POINT('',#7778);
#2726=VERTEX_POINT('',#7780);
#2727=VERTEX_POINT('',#7782);
#2728=VERTEX_POINT('',#7784);
#2729=VERTEX_POINT('',#7786);
#2730=VERTEX_POINT('',#7788);
#2731=VERTEX_POINT('',#7790);
#2732=VERTEX_POINT('',#7792);
#2733=VERTEX_POINT('',#7794);
#2734=VERTEX_POINT('',#7796);
#2735=VERTEX_POINT('',#7798);
#2736=VERTEX_POINT('',#7800);
#2737=VERTEX_POINT('',#7802);
#2738=VERTEX_POINT('',#7804);
#2739=VERTEX_POINT('',#7806);
#2740=VERTEX_POINT('',#7808);
#2741=VERTEX_POINT('',#7810);
#2742=VERTEX_POINT('',#7812);
#2743=VERTEX_POINT('',#7814);
#2744=VERTEX_POINT('',#7816);
#2745=VERTEX_POINT('',#7818);
#2746=VERTEX_POINT('',#7822);
#2747=VERTEX_POINT('',#7824);
#2748=VERTEX_POINT('',#7828);
#2749=VERTEX_POINT('',#7832);
#2750=VERTEX_POINT('',#7839);
#2751=VERTEX_POINT('',#7843);
#2752=VERTEX_POINT('',#7847);
#2753=VERTEX_POINT('',#7851);
#2754=VERTEX_POINT('',#7853);
#2755=VERTEX_POINT('',#7857);
#2756=VERTEX_POINT('',#7859);
#2757=VERTEX_POINT('',#7863);
#2758=VERTEX_POINT('',#7867);
#2759=VERTEX_POINT('',#7869);
#2760=VERTEX_POINT('',#7873);
#2761=VERTEX_POINT('',#7877);
#2762=VERTEX_POINT('',#7881);
#2763=VERTEX_POINT('',#7883);
#2764=VERTEX_POINT('',#7887);
#2765=VERTEX_POINT('',#7889);
#2766=VERTEX_POINT('',#7908);
#2767=VERTEX_POINT('',#7909);
#2768=VERTEX_POINT('',#7911);
#2769=VERTEX_POINT('',#7913);
#2770=VERTEX_POINT('',#7932);
#2771=VERTEX_POINT('',#7934);
#2772=VERTEX_POINT('',#7938);
#2773=VERTEX_POINT('',#7940);
#2774=VERTEX_POINT('',#7959);
#2775=VERTEX_POINT('',#7961);
#2776=VERTEX_POINT('',#7966);
#2777=VERTEX_POINT('',#7968);
#2778=VERTEX_POINT('',#7987);
#2779=VERTEX_POINT('',#7988);
#2780=VERTEX_POINT('',#7990);
#2781=VERTEX_POINT('',#7992);
#2782=VERTEX_POINT('',#7996);
#2783=VERTEX_POINT('',#7998);
#2784=VERTEX_POINT('',#8017);
#2785=VERTEX_POINT('',#8019);
#2786=VERTEX_POINT('',#8056);
#2787=VERTEX_POINT('',#8057);
#2788=VERTEX_POINT('',#8059);
#2789=VERTEX_POINT('',#8061);
#2790=VERTEX_POINT('',#8063);
#2791=VERTEX_POINT('',#8082);
#2792=VERTEX_POINT('',#8084);
#2793=VERTEX_POINT('',#8086);
#2794=VERTEX_POINT('',#8105);
#2795=VERTEX_POINT('',#8107);
#2796=VERTEX_POINT('',#8111);
#2797=VERTEX_POINT('',#8131);
#2798=VERTEX_POINT('',#8132);
#2799=VERTEX_POINT('',#8134);
#2800=VERTEX_POINT('',#8136);
#2801=VERTEX_POINT('',#8140);
#2802=VERTEX_POINT('',#8142);
#2803=VERTEX_POINT('',#8161);
#2804=VERTEX_POINT('',#8163);
#2805=VERTEX_POINT('',#8200);
#2806=VERTEX_POINT('',#8201);
#2807=VERTEX_POINT('',#8203);
#2808=VERTEX_POINT('',#8205);
#2809=VERTEX_POINT('',#8209);
#2810=VERTEX_POINT('',#8211);
#2811=VERTEX_POINT('',#8230);
#2812=VERTEX_POINT('',#8232);
#2813=VERTEX_POINT('',#8269);
#2814=VERTEX_POINT('',#8270);
#2815=VERTEX_POINT('',#8272);
#2816=VERTEX_POINT('',#8274);
#2817=VERTEX_POINT('',#8293);
#2818=VERTEX_POINT('',#8295);
#2819=VERTEX_POINT('',#8299);
#2820=VERTEX_POINT('',#8301);
#2821=VERTEX_POINT('',#8323);
#2822=VERTEX_POINT('',#8327);
#2823=VERTEX_POINT('',#8346);
#2824=VERTEX_POINT('',#8347);
#2825=VERTEX_POINT('',#8349);
#2826=VERTEX_POINT('',#8351);
#2827=VERTEX_POINT('',#8370);
#2828=VERTEX_POINT('',#8372);
#2829=VERTEX_POINT('',#8376);
#2830=VERTEX_POINT('',#8378);
#2831=VERTEX_POINT('',#8415);
#2832=VERTEX_POINT('',#8416);
#2833=VERTEX_POINT('',#8418);
#2834=VERTEX_POINT('',#8420);
#2835=VERTEX_POINT('',#8422);
#2836=VERTEX_POINT('',#8441);
#2837=VERTEX_POINT('',#8443);
#2838=VERTEX_POINT('',#8447);
#2839=VERTEX_POINT('',#8449);
#2840=VERTEX_POINT('',#8451);
#2841=VERTEX_POINT('',#8470);
#2842=VERTEX_POINT('',#8490);
#2843=VERTEX_POINT('',#8491);
#2844=VERTEX_POINT('',#8493);
#2845=VERTEX_POINT('',#8495);
#2846=VERTEX_POINT('',#8514);
#2847=VERTEX_POINT('',#8516);
#2848=VERTEX_POINT('',#8520);
#2849=VERTEX_POINT('',#8522);
#2850=VERTEX_POINT('',#8559);
#2851=VERTEX_POINT('',#8560);
#2852=VERTEX_POINT('',#8562);
#2853=VERTEX_POINT('',#8564);
#2854=VERTEX_POINT('',#8583);
#2855=VERTEX_POINT('',#8585);
#2856=VERTEX_POINT('',#8589);
#2857=VERTEX_POINT('',#8591);
#2858=VERTEX_POINT('',#8628);
#2859=VERTEX_POINT('',#8629);
#2860=VERTEX_POINT('',#8631);
#2861=VERTEX_POINT('',#8633);
#2862=VERTEX_POINT('',#8635);
#2863=VERTEX_POINT('',#8654);
#2864=VERTEX_POINT('',#8655);
#2865=VERTEX_POINT('',#8657);
#2866=VERTEX_POINT('',#8659);
#2867=VERTEX_POINT('',#8661);
#2868=VERTEX_POINT('',#8683);
#2869=VERTEX_POINT('',#8685);
#2870=VERTEX_POINT('',#8688);
#2871=VERTEX_POINT('',#8690);
#2872=VERTEX_POINT('',#8692);
#2873=VERTEX_POINT('',#8694);
#2874=VERTEX_POINT('',#8720);
#2875=VERTEX_POINT('',#8721);
#2876=VERTEX_POINT('',#8723);
#2877=VERTEX_POINT('',#8725);
#2878=VERTEX_POINT('',#8727);
#2879=VERTEX_POINT('',#8746);
#2880=VERTEX_POINT('',#8748);
#2881=VERTEX_POINT('',#8750);
#2882=VERTEX_POINT('',#8772);
#2883=VERTEX_POINT('',#8774);
#2884=VERTEX_POINT('',#8777);
#2885=VERTEX_POINT('',#8779);
#2886=VERTEX_POINT('',#8781);
#2887=VERTEX_POINT('',#8783);
#2888=VERTEX_POINT('',#8808);
#2889=VERTEX_POINT('',#8809);
#2890=VERTEX_POINT('',#8811);
#2891=VERTEX_POINT('',#8813);
#2892=VERTEX_POINT('',#8815);
#2893=VERTEX_POINT('',#8834);
#2894=VERTEX_POINT('',#8836);
#2895=VERTEX_POINT('',#8838);
#2896=VERTEX_POINT('',#8860);
#2897=VERTEX_POINT('',#8862);
#2898=VERTEX_POINT('',#8865);
#2899=VERTEX_POINT('',#8867);
#2900=VERTEX_POINT('',#8869);
#2901=VERTEX_POINT('',#8871);
#2902=VERTEX_POINT('',#8896);
#2903=VERTEX_POINT('',#8897);
#2904=VERTEX_POINT('',#8899);
#2905=VERTEX_POINT('',#8901);
#2906=VERTEX_POINT('',#8903);
#2907=VERTEX_POINT('',#8922);
#2908=VERTEX_POINT('',#8924);
#2909=VERTEX_POINT('',#8926);
#2910=VERTEX_POINT('',#8948);
#2911=VERTEX_POINT('',#8950);
#2912=VERTEX_POINT('',#8953);
#2913=VERTEX_POINT('',#8955);
#2914=VERTEX_POINT('',#8957);
#2915=VERTEX_POINT('',#8959);
#2916=VERTEX_POINT('',#8984);
#2917=VERTEX_POINT('',#8985);
#2918=VERTEX_POINT('',#8987);
#2919=VERTEX_POINT('',#9007);
#2920=VERTEX_POINT('',#9009);
#2921=VERTEX_POINT('',#9028);
#2922=VERTEX_POINT('',#9030);
#2923=VERTEX_POINT('',#9032);
#2924=VERTEX_POINT('',#9044);
#2925=VERTEX_POINT('',#9047);
#2926=VERTEX_POINT('',#9048);
#2927=VERTEX_POINT('',#9050);
#2928=VERTEX_POINT('',#9052);
#2929=VERTEX_POINT('',#9105);
#2930=VERTEX_POINT('',#9106);
#2931=VERTEX_POINT('',#9108);
#2932=VERTEX_POINT('',#9110);
#2933=VERTEX_POINT('',#9112);
#2934=VERTEX_POINT('',#9131);
#2935=VERTEX_POINT('',#9132);
#2936=VERTEX_POINT('',#9134);
#2937=VERTEX_POINT('',#9136);
#2938=VERTEX_POINT('',#9138);
#2939=VERTEX_POINT('',#9160);
#2940=VERTEX_POINT('',#9162);
#2941=VERTEX_POINT('',#9164);
#2942=VERTEX_POINT('',#9166);
#2943=VERTEX_POINT('',#9169);
#2944=VERTEX_POINT('',#9171);
#2945=VERTEX_POINT('',#9175);
#2946=VERTEX_POINT('',#9179);
#2947=VERTEX_POINT('',#9180);
#2948=VERTEX_POINT('',#9182);
#2949=VERTEX_POINT('',#9184);
#2950=VERTEX_POINT('',#9209);
#2951=VERTEX_POINT('',#9211);
#2952=VERTEX_POINT('',#9213);
#2953=VERTEX_POINT('',#9232);
#2954=VERTEX_POINT('',#9233);
#2955=VERTEX_POINT('',#9235);
#2956=VERTEX_POINT('',#9237);
#2957=VERTEX_POINT('',#9239);
#2958=VERTEX_POINT('',#9261);
#2959=VERTEX_POINT('',#9263);
#2960=VERTEX_POINT('',#9265);
#2961=VERTEX_POINT('',#9267);
#2962=VERTEX_POINT('',#9270);
#2963=VERTEX_POINT('',#9272);
#2964=VERTEX_POINT('',#9297);
#2965=VERTEX_POINT('',#9299);
#2966=VERTEX_POINT('',#9301);
#2967=VERTEX_POINT('',#9320);
#2968=VERTEX_POINT('',#9321);
#2969=VERTEX_POINT('',#9323);
#2970=VERTEX_POINT('',#9325);
#2971=VERTEX_POINT('',#9327);
#2972=VERTEX_POINT('',#9349);
#2973=VERTEX_POINT('',#9351);
#2974=VERTEX_POINT('',#9353);
#2975=VERTEX_POINT('',#9355);
#2976=VERTEX_POINT('',#9358);
#2977=VERTEX_POINT('',#9360);
#2978=VERTEX_POINT('',#9385);
#2979=VERTEX_POINT('',#9387);
#2980=VERTEX_POINT('',#9389);
#2981=VERTEX_POINT('',#9408);
#2982=VERTEX_POINT('',#9409);
#2983=VERTEX_POINT('',#9411);
#2984=VERTEX_POINT('',#9413);
#2985=VERTEX_POINT('',#9415);
#2986=VERTEX_POINT('',#9437);
#2987=VERTEX_POINT('',#9439);
#2988=VERTEX_POINT('',#9441);
#2989=VERTEX_POINT('',#9443);
#2990=VERTEX_POINT('',#9446);
#2991=VERTEX_POINT('',#9448);
#2992=VERTEX_POINT('',#9473);
#2993=VERTEX_POINT('',#9474);
#2994=VERTEX_POINT('',#9477);
#2995=VERTEX_POINT('',#9496);
#2996=VERTEX_POINT('',#9497);
#2997=VERTEX_POINT('',#9499);
#2998=VERTEX_POINT('',#9501);
#2999=VERTEX_POINT('',#9503);
#3000=VERTEX_POINT('',#9533);
#3001=VERTEX_POINT('',#9536);
#3002=VERTEX_POINT('',#9540);
#3003=VERTEX_POINT('',#9544);
#3004=VERTEX_POINT('',#9550);
#3005=VERTEX_POINT('',#9552);
#3006=VERTEX_POINT('',#9557);
#3007=VERTEX_POINT('',#9561);
#3008=VERTEX_POINT('',#9565);
#3009=VERTEX_POINT('',#9571);
#3010=VERTEX_POINT('',#9573);
#3011=VERTEX_POINT('',#9578);
#3012=VERTEX_POINT('',#9582);
#3013=VERTEX_POINT('',#9588);
#3014=VERTEX_POINT('',#9591);
#3015=VERTEX_POINT('',#9595);
#3016=VERTEX_POINT('',#9599);
#3017=VERTEX_POINT('',#9605);
#3018=VERTEX_POINT('',#9608);
#3019=VERTEX_POINT('',#9612);
#3020=VERTEX_POINT('',#9616);
#3021=VERTEX_POINT('',#9630);
#3022=VERTEX_POINT('',#9632);
#3023=VERTEX_POINT('',#9634);
#3024=VERTEX_POINT('',#9636);
#3025=VERTEX_POINT('',#9638);
#3026=VERTEX_POINT('',#9640);
#3027=VERTEX_POINT('',#9642);
#3028=VERTEX_POINT('',#9644);
#3029=VERTEX_POINT('',#9646);
#3030=VERTEX_POINT('',#9648);
#3031=VERTEX_POINT('',#9650);
#3032=VERTEX_POINT('',#9652);
#3033=VERTEX_POINT('',#9654);
#3034=VERTEX_POINT('',#9656);
#3035=VERTEX_POINT('',#9658);
#3036=VERTEX_POINT('',#9660);
#3037=VERTEX_POINT('',#9662);
#3038=VERTEX_POINT('',#9664);
#3039=VERTEX_POINT('',#9666);
#3040=VERTEX_POINT('',#9668);
#3041=VERTEX_POINT('',#9670);
#3042=VERTEX_POINT('',#9672);
#3043=VERTEX_POINT('',#9674);
#3044=VERTEX_POINT('',#9676);
#3045=VERTEX_POINT('',#9678);
#3046=VERTEX_POINT('',#9686);
#3047=VERTEX_POINT('',#9688);
#3048=VERTEX_POINT('',#9696);
#3049=VERTEX_POINT('',#9698);
#3050=VERTEX_POINT('',#9703);
#3051=VERTEX_POINT('',#9705);
#3052=VERTEX_POINT('',#9712);
#3053=VERTEX_POINT('',#9714);
#3054=VERTEX_POINT('',#9719);
#3055=VERTEX_POINT('',#9721);
#3056=VERTEX_POINT('',#9754);
#3057=VERTEX_POINT('',#9760);
#3058=VERTEX_POINT('',#9762);
#3059=VERTEX_POINT('',#9764);
#3060=VERTEX_POINT('',#9768);
#3061=VERTEX_POINT('',#9770);
#3062=VERTEX_POINT('',#9773);
#3063=VERTEX_POINT('',#9775);
#3064=VERTEX_POINT('',#9777);
#3065=VERTEX_POINT('',#9780);
#3066=VERTEX_POINT('',#9782);
#3067=VERTEX_POINT('',#9784);
#3068=VERTEX_POINT('',#9787);
#3069=VERTEX_POINT('',#9789);
#3070=VERTEX_POINT('',#9791);
#3071=VERTEX_POINT('',#9794);
#3072=VERTEX_POINT('',#9796);
#3073=VERTEX_POINT('',#9798);
#3074=VERTEX_POINT('',#9801);
#3075=VERTEX_POINT('',#9804);
#3076=VERTEX_POINT('',#9806);
#3077=VERTEX_POINT('',#9808);
#3078=VERTEX_POINT('',#9810);
#3079=VERTEX_POINT('',#9814);
#3080=VERTEX_POINT('',#9816);
#3081=VERTEX_POINT('',#9818);
#3082=VERTEX_POINT('',#9820);
#3083=VERTEX_POINT('',#9824);
#3084=VERTEX_POINT('',#9826);
#3085=VERTEX_POINT('',#9828);
#3086=VERTEX_POINT('',#9830);
#3087=VERTEX_POINT('',#9834);
#3088=VERTEX_POINT('',#9836);
#3089=VERTEX_POINT('',#9838);
#3090=VERTEX_POINT('',#9840);
#3091=VERTEX_POINT('',#9862);
#3092=EDGE_CURVE('',#2596,#2596,#2592,.T.);
#3093=EDGE_CURVE('',#2596,#2597,#932,.T.);
#3094=EDGE_CURVE('',#2597,#2597,#2593,.T.);
#3095=EDGE_CURVE('',#2598,#2599,#933,.T.);
#3096=EDGE_CURVE('',#2600,#2599,#934,.T.);
#3097=EDGE_CURVE('',#2601,#2600,#935,.T.);
#3098=EDGE_CURVE('',#2598,#2601,#936,.T.);
#3099=EDGE_CURVE('',#2602,#2598,#937,.T.);
#3100=EDGE_CURVE('',#2603,#2601,#938,.T.);
#3101=EDGE_CURVE('',#2602,#2603,#939,.T.);
#3102=EDGE_CURVE('',#2604,#2602,#940,.T.);
#3103=EDGE_CURVE('',#2605,#2603,#941,.T.);
#3104=EDGE_CURVE('',#2604,#2605,#942,.T.);
#3105=EDGE_CURVE('',#2605,#2600,#943,.T.);
#3106=EDGE_CURVE('',#2606,#2607,#944,.T.);
#3107=EDGE_CURVE('',#2608,#2606,#945,.T.);
#3108=EDGE_CURVE('',#2609,#2608,#946,.T.);
#3109=EDGE_CURVE('',#2610,#2609,#947,.T.);
#3110=EDGE_CURVE('',#2610,#2611,#948,.T.);
#3111=EDGE_CURVE('',#2612,#2611,#949,.T.);
#3112=EDGE_CURVE('',#2613,#2612,#950,.T.);
#3113=EDGE_CURVE('',#2607,#2613,#951,.T.);
#3114=EDGE_CURVE('',#2614,#2607,#952,.T.);
#3115=EDGE_CURVE('',#2614,#2615,#953,.T.);
#3116=EDGE_CURVE('',#2606,#2615,#954,.T.);
#3117=EDGE_CURVE('',#2616,#2616,#2594,.T.);
#3118=EDGE_CURVE('',#2616,#2617,#955,.T.);
#3119=EDGE_CURVE('',#2617,#2617,#2595,.T.);
#3120=EDGE_CURVE('',#2618,#2614,#956,.T.);
#3121=EDGE_CURVE('',#2618,#2619,#957,.T.);
#3122=EDGE_CURVE('',#2615,#2619,#958,.T.);
#3123=EDGE_CURVE('',#2619,#2608,#959,.T.);
#3124=EDGE_CURVE('',#2609,#2618,#960,.T.);
#3125=EDGE_CURVE('',#2620,#2621,#961,.T.);
#3126=EDGE_CURVE('',#2621,#2622,#962,.T.);
#3127=EDGE_CURVE('',#2623,#2622,#963,.T.);
#3128=EDGE_CURVE('',#2620,#2623,#964,.T.);
#3129=EDGE_CURVE('',#2624,#2625,#965,.T.);
#3130=EDGE_CURVE('',#2626,#2624,#966,.T.);
#3131=EDGE_CURVE('',#2626,#2627,#967,.T.);
#3132=EDGE_CURVE('',#2627,#2625,#968,.T.);
#3133=EDGE_CURVE('',#2627,#2628,#969,.T.);
#3134=EDGE_CURVE('',#2629,#2628,#970,.T.);
#3135=EDGE_CURVE('',#2629,#2622,#971,.T.);
#3136=EDGE_CURVE('',#2625,#2621,#972,.T.);
#3137=EDGE_CURVE('',#2626,#2627,#973,.T.);
#3138=EDGE_CURVE('',#2628,#2626,#974,.T.);
#3139=EDGE_CURVE('',#2623,#2629,#975,.T.);
#3140=EDGE_CURVE('',#2623,#2622,#976,.T.);
#3141=EDGE_CURVE('',#2621,#2630,#977,.T.);
#3142=EDGE_CURVE('',#2631,#2630,#978,.T.);
#3143=EDGE_CURVE('',#2625,#2631,#979,.T.);
#3144=EDGE_CURVE('',#2628,#2632,#980,.T.);
#3145=EDGE_CURVE('',#2632,#2633,#981,.T.);
#3146=EDGE_CURVE('',#2633,#2634,#982,.T.);
#3147=EDGE_CURVE('',#2634,#2635,#983,.T.);
#3148=EDGE_CURVE('',#2635,#2636,#984,.T.);
#3149=EDGE_CURVE('',#2636,#2637,#985,.T.);
#3150=EDGE_CURVE('',#2637,#2629,#986,.T.);
#3151=EDGE_CURVE('',#2629,#2638,#987,.T.);
#3152=EDGE_CURVE('',#2638,#2639,#988,.T.);
#3153=EDGE_CURVE('',#2639,#2623,#989,.T.);
#3154=EDGE_CURVE('',#2626,#2640,#990,.T.);
#3155=EDGE_CURVE('',#2641,#2640,#991,.T.);
#3156=EDGE_CURVE('',#2641,#2628,#992,.T.);
#3157=EDGE_CURVE('',#2623,#2642,#993,.T.);
#3158=EDGE_CURVE('',#2643,#2642,#994,.T.);
#3159=EDGE_CURVE('',#2643,#2620,#995,.T.);
#3160=EDGE_CURVE('',#2644,#2645,#996,.T.);
#3161=EDGE_CURVE('',#2646,#2645,#997,.T.);
#3162=EDGE_CURVE('',#2647,#2646,#998,.T.);
#3163=EDGE_CURVE('',#2644,#2647,#999,.T.);
#3164=EDGE_CURVE('',#2646,#2648,#1000,.T.);
#3165=EDGE_CURVE('',#2649,#2645,#1001,.T.);
#3166=EDGE_CURVE('',#2649,#2636,#1002,.T.);
#3167=EDGE_CURVE('',#2635,#2650,#1003,.T.);
#3168=EDGE_CURVE('',#2648,#2650,#1004,.T.);
#3169=EDGE_CURVE('',#2637,#2649,#1005,.T.);
#3170=EDGE_CURVE('',#2651,#2652,#1006,.T.);
#3171=EDGE_CURVE('',#2653,#2651,#1007,.T.);
#3172=EDGE_CURVE('',#2654,#2653,#1008,.T.);
#3173=EDGE_CURVE('',#2654,#2652,#1009,.T.);
#3174=EDGE_CURVE('',#2655,#2654,#1010,.T.);
#3175=EDGE_CURVE('',#2656,#2655,#1011,.T.);
#3176=EDGE_CURVE('',#2656,#2634,#1012,.T.);
#3177=EDGE_CURVE('',#2633,#2657,#1013,.T.);
#3178=EDGE_CURVE('',#2652,#2657,#1014,.T.);
#3179=EDGE_CURVE('',#2657,#2632,#1015,.T.);
#3180=EDGE_CURVE('',#2645,#2658,#1016,.T.);
#3181=EDGE_CURVE('',#2659,#2658,#1017,.T.);
#3182=EDGE_CURVE('',#2629,#2659,#1018,.T.);
#3183=EDGE_CURVE('',#2647,#2660,#1019,.T.);
#3184=EDGE_CURVE('',#2660,#2661,#1020,.T.);
#3185=EDGE_CURVE('',#2661,#2644,#1021,.T.);
#3186=EDGE_CURVE('',#2651,#2662,#1022,.T.);
#3187=EDGE_CURVE('',#2663,#2662,#1023,.T.);
#3188=EDGE_CURVE('',#2663,#2653,#1024,.T.);
#3189=EDGE_CURVE('',#2650,#2656,#1025,.T.);
#3190=EDGE_CURVE('',#2655,#2648,#1026,.T.);
#3191=EDGE_CURVE('',#2664,#2613,#1027,.T.);
#3192=EDGE_CURVE('',#2664,#2665,#1028,.T.);
#3193=EDGE_CURVE('',#2665,#2666,#1029,.T.);
#3194=EDGE_CURVE('',#2666,#2667,#1030,.T.);
#3195=EDGE_CURVE('',#2668,#2667,#1031,.T.);
#3196=EDGE_CURVE('',#2668,#2669,#1032,.T.);
#3197=EDGE_CURVE('',#2669,#2670,#1033,.T.);
#3198=EDGE_CURVE('',#2670,#2671,#1034,.T.);
#3199=EDGE_CURVE('',#2672,#2671,#1035,.T.);
#3200=EDGE_CURVE('',#2672,#2673,#1036,.T.);
#3201=EDGE_CURVE('',#2673,#2674,#1037,.T.);
#3202=EDGE_CURVE('',#2674,#2675,#1038,.T.);
#3203=EDGE_CURVE('',#2676,#2675,#1039,.T.);
#3204=EDGE_CURVE('',#2676,#2677,#1040,.T.);
#3205=EDGE_CURVE('',#2677,#2678,#1041,.T.);
#3206=EDGE_CURVE('',#2678,#2679,#1042,.T.);
#3207=EDGE_CURVE('',#2680,#2679,#1043,.T.);
#3208=EDGE_CURVE('',#2680,#2681,#1044,.T.);
#3209=EDGE_CURVE('',#2681,#2682,#1045,.T.);
#3210=EDGE_CURVE('',#2682,#2683,#1046,.T.);
#3211=EDGE_CURVE('',#2684,#2683,#1047,.T.);
#3212=EDGE_CURVE('',#2599,#2684,#1048,.T.);
#3213=EDGE_CURVE('',#2685,#2604,#1049,.T.);
#3214=EDGE_CURVE('',#2686,#2685,#1050,.T.);
#3215=EDGE_CURVE('',#2687,#2686,#1051,.T.);
#3216=EDGE_CURVE('',#2688,#2687,#1052,.T.);
#3217=EDGE_CURVE('',#2689,#2688,#1053,.T.);
#3218=EDGE_CURVE('',#2690,#2689,#1054,.T.);
#3219=EDGE_CURVE('',#2691,#2690,#1055,.T.);
#3220=EDGE_CURVE('',#2692,#2691,#1056,.T.);
#3221=EDGE_CURVE('',#2693,#2692,#1057,.T.);
#3222=EDGE_CURVE('',#2694,#2693,#1058,.T.);
#3223=EDGE_CURVE('',#2695,#2694,#1059,.T.);
#3224=EDGE_CURVE('',#2696,#2695,#1060,.T.);
#3225=EDGE_CURVE('',#2697,#2696,#1061,.T.);
#3226=EDGE_CURVE('',#2698,#2697,#1062,.T.);
#3227=EDGE_CURVE('',#2699,#2698,#1063,.T.);
#3228=EDGE_CURVE('',#2700,#2699,#1064,.T.);
#3229=EDGE_CURVE('',#2701,#2700,#1065,.T.);
#3230=EDGE_CURVE('',#2702,#2701,#1066,.T.);
#3231=EDGE_CURVE('',#2703,#2702,#1067,.T.);
#3232=EDGE_CURVE('',#2704,#2703,#1068,.T.);
#3233=EDGE_CURVE('',#2705,#2704,#1069,.T.);
#3234=EDGE_CURVE('',#2705,#2610,#1070,.T.);
#3235=EDGE_CURVE('',#2706,#2663,#1071,.T.);
#3236=EDGE_CURVE('',#2706,#2707,#1072,.T.);
#3237=EDGE_CURVE('',#2707,#2708,#1073,.T.);
#3238=EDGE_CURVE('',#2708,#2709,#1074,.T.);
#3239=EDGE_CURVE('',#2710,#2709,#1075,.T.);
#3240=EDGE_CURVE('',#2710,#2711,#1076,.T.);
#3241=EDGE_CURVE('',#2711,#2712,#1077,.T.);
#3242=EDGE_CURVE('',#2712,#2713,#1078,.T.);
#3243=EDGE_CURVE('',#2714,#2713,#1079,.T.);
#3244=EDGE_CURVE('',#2714,#2715,#1080,.T.);
#3245=EDGE_CURVE('',#2715,#2716,#1081,.T.);
#3246=EDGE_CURVE('',#2716,#2717,#1082,.T.);
#3247=EDGE_CURVE('',#2718,#2717,#1083,.T.);
#3248=EDGE_CURVE('',#2718,#2719,#1084,.T.);
#3249=EDGE_CURVE('',#2719,#2720,#1085,.T.);
#3250=EDGE_CURVE('',#2720,#2721,#1086,.T.);
#3251=EDGE_CURVE('',#2722,#2721,#1087,.T.);
#3252=EDGE_CURVE('',#2722,#2723,#1088,.T.);
#3253=EDGE_CURVE('',#2723,#2724,#1089,.T.);
#3254=EDGE_CURVE('',#2724,#2725,#1090,.T.);
#3255=EDGE_CURVE('',#2726,#2725,#1091,.T.);
#3256=EDGE_CURVE('',#2727,#2726,#1092,.T.);
#3257=EDGE_CURVE('',#2728,#2727,#1093,.T.);
#3258=EDGE_CURVE('',#2729,#2728,#1094,.T.);
#3259=EDGE_CURVE('',#2730,#2729,#1095,.T.);
#3260=EDGE_CURVE('',#2731,#2730,#1096,.T.);
#3261=EDGE_CURVE('',#2732,#2731,#1097,.T.);
#3262=EDGE_CURVE('',#2733,#2732,#1098,.T.);
#3263=EDGE_CURVE('',#2734,#2733,#1099,.T.);
#3264=EDGE_CURVE('',#2735,#2734,#1100,.T.);
#3265=EDGE_CURVE('',#2736,#2735,#1101,.T.);
#3266=EDGE_CURVE('',#2737,#2736,#1102,.T.);
#3267=EDGE_CURVE('',#2738,#2737,#1103,.T.);
#3268=EDGE_CURVE('',#2739,#2738,#1104,.T.);
#3269=EDGE_CURVE('',#2740,#2739,#1105,.T.);
#3270=EDGE_CURVE('',#2741,#2740,#1106,.T.);
#3271=EDGE_CURVE('',#2742,#2741,#1107,.T.);
#3272=EDGE_CURVE('',#2743,#2742,#1108,.T.);
#3273=EDGE_CURVE('',#2744,#2743,#1109,.T.);
#3274=EDGE_CURVE('',#2745,#2744,#1110,.T.);
#3275=EDGE_CURVE('',#2660,#2745,#1111,.T.);
#3276=EDGE_CURVE('',#2656,#2746,#1112,.T.);
#3277=EDGE_CURVE('',#2747,#2746,#1113,.T.);
#3278=EDGE_CURVE('',#2634,#2747,#1114,.T.);
#3279=EDGE_CURVE('',#2748,#2747,#1115,.T.);
#3280=EDGE_CURVE('',#2635,#2748,#1116,.T.);
#3281=EDGE_CURVE('',#2749,#2748,#1117,.T.);
#3282=EDGE_CURVE('',#2650,#2749,#1118,.T.);
#3283=EDGE_CURVE('',#2746,#2749,#1119,.T.);
#3284=EDGE_CURVE('',#2661,#2750,#1120,.T.);
#3285=EDGE_CURVE('',#2658,#2750,#1121,.T.);
#3286=EDGE_CURVE('',#2751,#2659,#1122,.T.);
#3287=EDGE_CURVE('',#2638,#2751,#1123,.T.);
#3288=EDGE_CURVE('',#2643,#2752,#1124,.T.);
#3289=EDGE_CURVE('',#2630,#2752,#1125,.T.);
#3290=EDGE_CURVE('',#2624,#2753,#1126,.T.);
#3291=EDGE_CURVE('',#2754,#2631,#1127,.T.);
#3292=EDGE_CURVE('',#2753,#2754,#1128,.T.);
#3293=EDGE_CURVE('',#2622,#2755,#1129,.T.);
#3294=EDGE_CURVE('',#2756,#2755,#1130,.T.);
#3295=EDGE_CURVE('',#2642,#2756,#1131,.T.);
#3296=EDGE_CURVE('',#2639,#2757,#1132,.T.);
#3297=EDGE_CURVE('',#2755,#2757,#1133,.T.);
#3298=EDGE_CURVE('',#2652,#2758,#1134,.T.);
#3299=EDGE_CURVE('',#2759,#2758,#1135,.T.);
#3300=EDGE_CURVE('',#2662,#2759,#1136,.T.);
#3301=EDGE_CURVE('',#2628,#2760,#1137,.T.);
#3302=EDGE_CURVE('',#2758,#2760,#1138,.T.);
#3303=EDGE_CURVE('',#2641,#2761,#1139,.T.);
#3304=EDGE_CURVE('',#2760,#2761,#1140,.T.);
#3305=EDGE_CURVE('',#2627,#2762,#1141,.T.);
#3306=EDGE_CURVE('',#2763,#2762,#1142,.T.);
#3307=EDGE_CURVE('',#2640,#2763,#1143,.T.);
#3308=EDGE_CURVE('',#2764,#2626,#1144,.T.);
#3309=EDGE_CURVE('',#2764,#2765,#1145,.T.);
#3310=EDGE_CURVE('',#2762,#2765,#1146,.T.);
#3311=EDGE_CURVE('',#2766,#2767,#1147,.T.);
#3312=EDGE_CURVE('',#2766,#2768,#1148,.T.);
#3313=EDGE_CURVE('',#2769,#2768,#1149,.T.);
#3314=EDGE_CURVE('',#2767,#2769,#1150,.T.);
#3315=EDGE_CURVE('',#2767,#2770,#1151,.T.);
#3316=EDGE_CURVE('',#2771,#2769,#1152,.T.);
#3317=EDGE_CURVE('',#2770,#2771,#1153,.T.);
#3318=EDGE_CURVE('',#2770,#2772,#1154,.T.);
#3319=EDGE_CURVE('',#2773,#2771,#1155,.T.);
#3320=EDGE_CURVE('',#2772,#2773,#1156,.T.);
#3321=EDGE_CURVE('',#2774,#2766,#1157,.T.);
#3322=EDGE_CURVE('',#2775,#2774,#1158,.T.);
#3323=EDGE_CURVE('',#2768,#2775,#1159,.T.);
#3324=EDGE_CURVE('',#2774,#2726,#1160,.T.);
#3325=EDGE_CURVE('',#2725,#2776,#1161,.T.);
#3326=EDGE_CURVE('',#2776,#2777,#1162,.T.);
#3327=EDGE_CURVE('',#2777,#2775,#1163,.T.);
#3328=EDGE_CURVE('',#2778,#2779,#1164,.T.);
#3329=EDGE_CURVE('',#2778,#2780,#1165,.T.);
#3330=EDGE_CURVE('',#2781,#2780,#1166,.T.);
#3331=EDGE_CURVE('',#2779,#2781,#1167,.T.);
#3332=EDGE_CURVE('',#2779,#2782,#1168,.T.);
#3333=EDGE_CURVE('',#2783,#2781,#1169,.T.);
#3334=EDGE_CURVE('',#2782,#2783,#1170,.T.);
#3335=EDGE_CURVE('',#2782,#2784,#1171,.T.);
#3336=EDGE_CURVE('',#2785,#2783,#1172,.T.);
#3337=EDGE_CURVE('',#2784,#2785,#1173,.T.);
#3338=EDGE_CURVE('',#2784,#2778,#1174,.T.);
#3339=EDGE_CURVE('',#2780,#2785,#1175,.T.);
#3340=EDGE_CURVE('',#2786,#2787,#1176,.T.);
#3341=EDGE_CURVE('',#2786,#2788,#1177,.T.);
#3342=EDGE_CURVE('',#2789,#2788,#1178,.T.);
#3343=EDGE_CURVE('',#2790,#2789,#1179,.T.);
#3344=EDGE_CURVE('',#2787,#2790,#1180,.T.);
#3345=EDGE_CURVE('',#2787,#2791,#1181,.T.);
#3346=EDGE_CURVE('',#2792,#2790,#1182,.T.);
#3347=EDGE_CURVE('',#2793,#2792,#1183,.T.);
#3348=EDGE_CURVE('',#2791,#2793,#1184,.T.);
#3349=EDGE_CURVE('',#2793,#2794,#1185,.T.);
#3350=EDGE_CURVE('',#2795,#2792,#1186,.T.);
#3351=EDGE_CURVE('',#2794,#2795,#1187,.T.);
#3352=EDGE_CURVE('',#2794,#2796,#1188,.T.);
#3353=EDGE_CURVE('',#2788,#2795,#1189,.T.);
#3354=EDGE_CURVE('',#2796,#2786,#1190,.T.);
#3355=EDGE_CURVE('',#2797,#2798,#1191,.T.);
#3356=EDGE_CURVE('',#2797,#2799,#1192,.T.);
#3357=EDGE_CURVE('',#2800,#2799,#1193,.T.);
#3358=EDGE_CURVE('',#2798,#2800,#1194,.T.);
#3359=EDGE_CURVE('',#2798,#2801,#1195,.T.);
#3360=EDGE_CURVE('',#2802,#2800,#1196,.T.);
#3361=EDGE_CURVE('',#2801,#2802,#1197,.T.);
#3362=EDGE_CURVE('',#2801,#2803,#1198,.T.);
#3363=EDGE_CURVE('',#2804,#2802,#1199,.T.);
#3364=EDGE_CURVE('',#2803,#2804,#1200,.T.);
#3365=EDGE_CURVE('',#2803,#2797,#1201,.T.);
#3366=EDGE_CURVE('',#2799,#2804,#1202,.T.);
#3367=EDGE_CURVE('',#2805,#2806,#1203,.T.);
#3368=EDGE_CURVE('',#2805,#2807,#1204,.T.);
#3369=EDGE_CURVE('',#2808,#2807,#1205,.T.);
#3370=EDGE_CURVE('',#2806,#2808,#1206,.T.);
#3371=EDGE_CURVE('',#2806,#2809,#1207,.T.);
#3372=EDGE_CURVE('',#2810,#2808,#1208,.T.);
#3373=EDGE_CURVE('',#2809,#2810,#1209,.T.);
#3374=EDGE_CURVE('',#2809,#2811,#1210,.T.);
#3375=EDGE_CURVE('',#2812,#2810,#1211,.T.);
#3376=EDGE_CURVE('',#2811,#2812,#1212,.T.);
#3377=EDGE_CURVE('',#2811,#2805,#1213,.T.);
#3378=EDGE_CURVE('',#2807,#2812,#1214,.T.);
#3379=EDGE_CURVE('',#2813,#2814,#1215,.T.);
#3380=EDGE_CURVE('',#2814,#2815,#1216,.T.);
#3381=EDGE_CURVE('',#2815,#2816,#1217,.T.);
#3382=EDGE_CURVE('',#2813,#2816,#1218,.T.);
#3383=EDGE_CURVE('',#2817,#2813,#1219,.T.);
#3384=EDGE_CURVE('',#2816,#2818,#1220,.T.);
#3385=EDGE_CURVE('',#2817,#2818,#1221,.T.);
#3386=EDGE_CURVE('',#2817,#2819,#1222,.T.);
#3387=EDGE_CURVE('',#2820,#2818,#1223,.T.);
#3388=EDGE_CURVE('',#2819,#2820,#1224,.T.);
#3389=EDGE_CURVE('',#2814,#2777,#1225,.T.);
#3390=EDGE_CURVE('',#2776,#2815,#1226,.T.);
#3391=EDGE_CURVE('',#2820,#2821,#1227,.T.);
#3392=EDGE_CURVE('',#2819,#2821,#1228,.T.);
#3393=EDGE_CURVE('',#2822,#2773,#1229,.T.);
#3394=EDGE_CURVE('',#2772,#2822,#1230,.T.);
#3395=EDGE_CURVE('',#2823,#2824,#1231,.T.);
#3396=EDGE_CURVE('',#2824,#2825,#1232,.T.);
#3397=EDGE_CURVE('',#2825,#2826,#1233,.T.);
#3398=EDGE_CURVE('',#2823,#2826,#1234,.T.);
#3399=EDGE_CURVE('',#2827,#2823,#1235,.T.);
#3400=EDGE_CURVE('',#2826,#2828,#1236,.T.);
#3401=EDGE_CURVE('',#2827,#2828,#1237,.T.);
#3402=EDGE_CURVE('',#2827,#2829,#1238,.T.);
#3403=EDGE_CURVE('',#2830,#2828,#1239,.T.);
#3404=EDGE_CURVE('',#2829,#2830,#1240,.T.);
#3405=EDGE_CURVE('',#2824,#2829,#1241,.T.);
#3406=EDGE_CURVE('',#2830,#2825,#1242,.T.);
#3407=EDGE_CURVE('',#2831,#2832,#1243,.T.);
#3408=EDGE_CURVE('',#2832,#2833,#1244,.T.);
#3409=EDGE_CURVE('',#2833,#2834,#1245,.T.);
#3410=EDGE_CURVE('',#2834,#2835,#1246,.T.);
#3411=EDGE_CURVE('',#2831,#2835,#1247,.T.);
#3412=EDGE_CURVE('',#2836,#2831,#1248,.T.);
#3413=EDGE_CURVE('',#2835,#2837,#1249,.T.);
#3414=EDGE_CURVE('',#2836,#2837,#1250,.T.);
#3415=EDGE_CURVE('',#2836,#2838,#1251,.T.);
#3416=EDGE_CURVE('',#2837,#2839,#1252,.T.);
#3417=EDGE_CURVE('',#2840,#2839,#1253,.T.);
#3418=EDGE_CURVE('',#2838,#2840,#1254,.T.);
#3419=EDGE_CURVE('',#2832,#2841,#1255,.T.);
#3420=EDGE_CURVE('',#2841,#2838,#1256,.T.);
#3421=EDGE_CURVE('',#2840,#2833,#1257,.T.);
#3422=EDGE_CURVE('',#2842,#2843,#1258,.T.);
#3423=EDGE_CURVE('',#2843,#2844,#1259,.T.);
#3424=EDGE_CURVE('',#2844,#2845,#1260,.T.);
#3425=EDGE_CURVE('',#2842,#2845,#1261,.T.);
#3426=EDGE_CURVE('',#2846,#2842,#1262,.T.);
#3427=EDGE_CURVE('',#2845,#2847,#1263,.T.);
#3428=EDGE_CURVE('',#2846,#2847,#1264,.T.);
#3429=EDGE_CURVE('',#2846,#2848,#1265,.T.);
#3430=EDGE_CURVE('',#2849,#2847,#1266,.T.);
#3431=EDGE_CURVE('',#2848,#2849,#1267,.T.);
#3432=EDGE_CURVE('',#2843,#2848,#1268,.T.);
#3433=EDGE_CURVE('',#2849,#2844,#1269,.T.);
#3434=EDGE_CURVE('',#2850,#2851,#1270,.T.);
#3435=EDGE_CURVE('',#2851,#2852,#1271,.T.);
#3436=EDGE_CURVE('',#2852,#2853,#1272,.T.);
#3437=EDGE_CURVE('',#2850,#2853,#1273,.T.);
#3438=EDGE_CURVE('',#2854,#2850,#1274,.T.);
#3439=EDGE_CURVE('',#2853,#2855,#1275,.T.);
#3440=EDGE_CURVE('',#2854,#2855,#1276,.T.);
#3441=EDGE_CURVE('',#2854,#2856,#1277,.T.);
#3442=EDGE_CURVE('',#2857,#2855,#1278,.T.);
#3443=EDGE_CURVE('',#2856,#2857,#1279,.T.);
#3444=EDGE_CURVE('',#2851,#2856,#1280,.T.);
#3445=EDGE_CURVE('',#2857,#2852,#1281,.T.);
#3446=EDGE_CURVE('',#2858,#2859,#1282,.T.);
#3447=EDGE_CURVE('',#2858,#2860,#1283,.T.);
#3448=EDGE_CURVE('',#2861,#2860,#1284,.T.);
#3449=EDGE_CURVE('',#2862,#2861,#1285,.T.);
#3450=EDGE_CURVE('',#2859,#2862,#1286,.T.);
#3451=EDGE_CURVE('',#2863,#2864,#1287,.T.);
#3452=EDGE_CURVE('',#2865,#2863,#1288,.T.);
#3453=EDGE_CURVE('',#2866,#2865,#1289,.T.);
#3454=EDGE_CURVE('',#2867,#2866,#1290,.T.);
#3455=EDGE_CURVE('',#2864,#2867,#1291,.T.);
#3456=EDGE_CURVE('',#2864,#2858,#1292,.T.);
#3457=EDGE_CURVE('',#2860,#2867,#1293,.T.);
#3458=EDGE_CURVE('',#2868,#2861,#1294,.T.);
#3459=EDGE_CURVE('',#2868,#2869,#1295,.T.);
#3460=EDGE_CURVE('',#2869,#2690,#1296,.T.);
#3461=EDGE_CURVE('',#2689,#2870,#1297,.T.);
#3462=EDGE_CURVE('',#2870,#2871,#1298,.T.);
#3463=EDGE_CURVE('',#2871,#2872,#1299,.T.);
#3464=EDGE_CURVE('',#2872,#2873,#1300,.T.);
#3465=EDGE_CURVE('',#2873,#2862,#1301,.T.);
#3466=EDGE_CURVE('',#2863,#2686,#1302,.T.);
#3467=EDGE_CURVE('',#2687,#2864,#1303,.T.);
#3468=EDGE_CURVE('',#2688,#2858,#1304,.T.);
#3469=EDGE_CURVE('',#2873,#2870,#1305,.T.);
#3470=EDGE_CURVE('',#2874,#2875,#1306,.T.);
#3471=EDGE_CURVE('',#2874,#2876,#1307,.T.);
#3472=EDGE_CURVE('',#2877,#2876,#1308,.T.);
#3473=EDGE_CURVE('',#2878,#2877,#1309,.T.);
#3474=EDGE_CURVE('',#2875,#2878,#1310,.T.);
#3475=EDGE_CURVE('',#2869,#2879,#1311,.T.);
#3476=EDGE_CURVE('',#2880,#2868,#1312,.T.);
#3477=EDGE_CURVE('',#2881,#2880,#1313,.T.);
#3478=EDGE_CURVE('',#2879,#2881,#1314,.T.);
#3479=EDGE_CURVE('',#2879,#2874,#1315,.T.);
#3480=EDGE_CURVE('',#2876,#2881,#1316,.T.);
#3481=EDGE_CURVE('',#2882,#2877,#1317,.T.);
#3482=EDGE_CURVE('',#2882,#2883,#1318,.T.);
#3483=EDGE_CURVE('',#2883,#2694,#1319,.T.);
#3484=EDGE_CURVE('',#2693,#2884,#1320,.T.);
#3485=EDGE_CURVE('',#2884,#2885,#1321,.T.);
#3486=EDGE_CURVE('',#2885,#2886,#1322,.T.);
#3487=EDGE_CURVE('',#2886,#2887,#1323,.T.);
#3488=EDGE_CURVE('',#2887,#2878,#1324,.T.);
#3489=EDGE_CURVE('',#2691,#2879,#1325,.T.);
#3490=EDGE_CURVE('',#2692,#2874,#1326,.T.);
#3491=EDGE_CURVE('',#2887,#2884,#1327,.T.);
#3492=EDGE_CURVE('',#2888,#2889,#1328,.T.);
#3493=EDGE_CURVE('',#2888,#2890,#1329,.T.);
#3494=EDGE_CURVE('',#2891,#2890,#1330,.T.);
#3495=EDGE_CURVE('',#2892,#2891,#1331,.T.);
#3496=EDGE_CURVE('',#2889,#2892,#1332,.T.);
#3497=EDGE_CURVE('',#2883,#2893,#1333,.T.);
#3498=EDGE_CURVE('',#2894,#2882,#1334,.T.);
#3499=EDGE_CURVE('',#2895,#2894,#1335,.T.);
#3500=EDGE_CURVE('',#2893,#2895,#1336,.T.);
#3501=EDGE_CURVE('',#2893,#2888,#1337,.T.);
#3502=EDGE_CURVE('',#2890,#2895,#1338,.T.);
#3503=EDGE_CURVE('',#2896,#2891,#1339,.T.);
#3504=EDGE_CURVE('',#2896,#2897,#1340,.T.);
#3505=EDGE_CURVE('',#2897,#2698,#1341,.T.);
#3506=EDGE_CURVE('',#2697,#2898,#1342,.T.);
#3507=EDGE_CURVE('',#2898,#2899,#1343,.T.);
#3508=EDGE_CURVE('',#2899,#2900,#1344,.T.);
#3509=EDGE_CURVE('',#2900,#2901,#1345,.T.);
#3510=EDGE_CURVE('',#2901,#2892,#1346,.T.);
#3511=EDGE_CURVE('',#2695,#2893,#1347,.T.);
#3512=EDGE_CURVE('',#2696,#2888,#1348,.T.);
#3513=EDGE_CURVE('',#2901,#2898,#1349,.T.);
#3514=EDGE_CURVE('',#2902,#2903,#1350,.T.);
#3515=EDGE_CURVE('',#2902,#2904,#1351,.T.);
#3516=EDGE_CURVE('',#2905,#2904,#1352,.T.);
#3517=EDGE_CURVE('',#2906,#2905,#1353,.T.);
#3518=EDGE_CURVE('',#2903,#2906,#1354,.T.);
#3519=EDGE_CURVE('',#2897,#2907,#1355,.T.);
#3520=EDGE_CURVE('',#2908,#2896,#1356,.T.);
#3521=EDGE_CURVE('',#2909,#2908,#1357,.T.);
#3522=EDGE_CURVE('',#2907,#2909,#1358,.T.);
#3523=EDGE_CURVE('',#2907,#2902,#1359,.T.);
#3524=EDGE_CURVE('',#2904,#2909,#1360,.T.);
#3525=EDGE_CURVE('',#2910,#2905,#1361,.T.);
#3526=EDGE_CURVE('',#2910,#2911,#1362,.T.);
#3527=EDGE_CURVE('',#2911,#2702,#1363,.T.);
#3528=EDGE_CURVE('',#2701,#2912,#1364,.T.);
#3529=EDGE_CURVE('',#2912,#2913,#1365,.T.);
#3530=EDGE_CURVE('',#2913,#2914,#1366,.T.);
#3531=EDGE_CURVE('',#2914,#2915,#1367,.T.);
#3532=EDGE_CURVE('',#2915,#2906,#1368,.T.);
#3533=EDGE_CURVE('',#2699,#2907,#1369,.T.);
#3534=EDGE_CURVE('',#2700,#2902,#1370,.T.);
#3535=EDGE_CURVE('',#2915,#2912,#1371,.T.);
#3536=EDGE_CURVE('',#2916,#2917,#1372,.T.);
#3537=EDGE_CURVE('',#2916,#2918,#1373,.T.);
#3538=EDGE_CURVE('',#2911,#2918,#1374,.T.);
#3539=EDGE_CURVE('',#2917,#2910,#1375,.T.);
#3540=EDGE_CURVE('',#2919,#2916,#1376,.T.);
#3541=EDGE_CURVE('',#2919,#2920,#1377,.T.);
#3542=EDGE_CURVE('',#2918,#2920,#1378,.T.);
#3543=EDGE_CURVE('',#2921,#2919,#1379,.T.);
#3544=EDGE_CURVE('',#2922,#2921,#1380,.T.);
#3545=EDGE_CURVE('',#2923,#2922,#1381,.T.);
#3546=EDGE_CURVE('',#2920,#2923,#1382,.T.);
#3547=EDGE_CURVE('',#2611,#2921,#1383,.T.);
#3548=EDGE_CURVE('',#2705,#2922,#1384,.T.);
#3549=EDGE_CURVE('',#2704,#2920,#1385,.T.);
#3550=EDGE_CURVE('',#2703,#2918,#1386,.T.);
#3551=EDGE_CURVE('',#2685,#2924,#1387,.T.);
#3552=EDGE_CURVE('',#2865,#2924,#1388,.T.);
#3553=EDGE_CURVE('',#2925,#2926,#1389,.T.);
#3554=EDGE_CURVE('',#2926,#2927,#1390,.T.);
#3555=EDGE_CURVE('',#2927,#2928,#1391,.T.);
#3556=EDGE_CURVE('',#2928,#2925,#1392,.T.);
#3557=EDGE_CURVE('',#2792,#2831,#1393,.T.);
#3558=EDGE_CURVE('',#2795,#2836,#1394,.T.);
#3559=EDGE_CURVE('',#2790,#2832,#1395,.T.);
#3560=EDGE_CURVE('',#2838,#2788,#1396,.T.);
#3561=EDGE_CURVE('',#2799,#2842,#1397,.T.);
#3562=EDGE_CURVE('',#2800,#2846,#1398,.T.);
#3563=EDGE_CURVE('',#2804,#2843,#1399,.T.);
#3564=EDGE_CURVE('',#2848,#2802,#1400,.T.);
#3565=EDGE_CURVE('',#2780,#2823,#1401,.T.);
#3566=EDGE_CURVE('',#2781,#2827,#1402,.T.);
#3567=EDGE_CURVE('',#2785,#2824,#1403,.T.);
#3568=EDGE_CURVE('',#2829,#2783,#1404,.T.);
#3569=EDGE_CURVE('',#2807,#2850,#1405,.T.);
#3570=EDGE_CURVE('',#2808,#2854,#1406,.T.);
#3571=EDGE_CURVE('',#2812,#2851,#1407,.T.);
#3572=EDGE_CURVE('',#2856,#2810,#1408,.T.);
#3573=EDGE_CURVE('',#2769,#2813,#1409,.T.);
#3574=EDGE_CURVE('',#2771,#2817,#1410,.T.);
#3575=EDGE_CURVE('',#2768,#2814,#1411,.T.);
#3576=EDGE_CURVE('',#2929,#2930,#1412,.T.);
#3577=EDGE_CURVE('',#2930,#2931,#1413,.T.);
#3578=EDGE_CURVE('',#2931,#2932,#1414,.T.);
#3579=EDGE_CURVE('',#2932,#2933,#1415,.T.);
#3580=EDGE_CURVE('',#2929,#2933,#1416,.T.);
#3581=EDGE_CURVE('',#2934,#2935,#1417,.T.);
#3582=EDGE_CURVE('',#2935,#2936,#1418,.T.);
#3583=EDGE_CURVE('',#2937,#2936,#1419,.T.);
#3584=EDGE_CURVE('',#2937,#2938,#1420,.T.);
#3585=EDGE_CURVE('',#2934,#2938,#1421,.T.);
#3586=EDGE_CURVE('',#2930,#2934,#1422,.T.);
#3587=EDGE_CURVE('',#2938,#2931,#1423,.T.);
#3588=EDGE_CURVE('',#2936,#2939,#1424,.T.);
#3589=EDGE_CURVE('',#2939,#2940,#1425,.T.);
#3590=EDGE_CURVE('',#2940,#2941,#1426,.T.);
#3591=EDGE_CURVE('',#2941,#2942,#1427,.T.);
#3592=EDGE_CURVE('',#2942,#2680,#1428,.T.);
#3593=EDGE_CURVE('',#2679,#2943,#1429,.T.);
#3594=EDGE_CURVE('',#2943,#2944,#1430,.T.);
#3595=EDGE_CURVE('',#2937,#2944,#1431,.T.);
#3596=EDGE_CURVE('',#2945,#2933,#1432,.T.);
#3597=EDGE_CURVE('',#2684,#2945,#1433,.T.);
#3598=EDGE_CURVE('',#2683,#2929,#1434,.T.);
#3599=EDGE_CURVE('',#2946,#2947,#1435,.T.);
#3600=EDGE_CURVE('',#2947,#2948,#1436,.T.);
#3601=EDGE_CURVE('',#2948,#2949,#1437,.T.);
#3602=EDGE_CURVE('',#2949,#2946,#1438,.T.);
#3603=EDGE_CURVE('',#2682,#2930,#1439,.T.);
#3604=EDGE_CURVE('',#2942,#2939,#1440,.T.);
#3605=EDGE_CURVE('',#2681,#2934,#1441,.T.);
#3606=EDGE_CURVE('',#2943,#2950,#1442,.T.);
#3607=EDGE_CURVE('',#2950,#2951,#1443,.T.);
#3608=EDGE_CURVE('',#2951,#2952,#1444,.T.);
#3609=EDGE_CURVE('',#2952,#2944,#1445,.T.);
#3610=EDGE_CURVE('',#2953,#2954,#1446,.T.);
#3611=EDGE_CURVE('',#2954,#2955,#1447,.T.);
#3612=EDGE_CURVE('',#2956,#2955,#1448,.T.);
#3613=EDGE_CURVE('',#2956,#2957,#1449,.T.);
#3614=EDGE_CURVE('',#2953,#2957,#1450,.T.);
#3615=EDGE_CURVE('',#2950,#2953,#1451,.T.);
#3616=EDGE_CURVE('',#2957,#2951,#1452,.T.);
#3617=EDGE_CURVE('',#2955,#2958,#1453,.T.);
#3618=EDGE_CURVE('',#2958,#2959,#1454,.T.);
#3619=EDGE_CURVE('',#2959,#2960,#1455,.T.);
#3620=EDGE_CURVE('',#2960,#2961,#1456,.T.);
#3621=EDGE_CURVE('',#2961,#2676,#1457,.T.);
#3622=EDGE_CURVE('',#2675,#2962,#1458,.T.);
#3623=EDGE_CURVE('',#2962,#2963,#1459,.T.);
#3624=EDGE_CURVE('',#2956,#2963,#1460,.T.);
#3625=EDGE_CURVE('',#2678,#2950,#1461,.T.);
#3626=EDGE_CURVE('',#2961,#2958,#1462,.T.);
#3627=EDGE_CURVE('',#2677,#2953,#1463,.T.);
#3628=EDGE_CURVE('',#2962,#2964,#1464,.T.);
#3629=EDGE_CURVE('',#2964,#2965,#1465,.T.);
#3630=EDGE_CURVE('',#2965,#2966,#1466,.T.);
#3631=EDGE_CURVE('',#2966,#2963,#1467,.T.);
#3632=EDGE_CURVE('',#2967,#2968,#1468,.T.);
#3633=EDGE_CURVE('',#2968,#2969,#1469,.T.);
#3634=EDGE_CURVE('',#2970,#2969,#1470,.T.);
#3635=EDGE_CURVE('',#2970,#2971,#1471,.T.);
#3636=EDGE_CURVE('',#2967,#2971,#1472,.T.);
#3637=EDGE_CURVE('',#2964,#2967,#1473,.T.);
#3638=EDGE_CURVE('',#2971,#2965,#1474,.T.);
#3639=EDGE_CURVE('',#2969,#2972,#1475,.T.);
#3640=EDGE_CURVE('',#2972,#2973,#1476,.T.);
#3641=EDGE_CURVE('',#2973,#2974,#1477,.T.);
#3642=EDGE_CURVE('',#2974,#2975,#1478,.T.);
#3643=EDGE_CURVE('',#2975,#2672,#1479,.T.);
#3644=EDGE_CURVE('',#2671,#2976,#1480,.T.);
#3645=EDGE_CURVE('',#2976,#2977,#1481,.T.);
#3646=EDGE_CURVE('',#2970,#2977,#1482,.T.);
#3647=EDGE_CURVE('',#2674,#2964,#1483,.T.);
#3648=EDGE_CURVE('',#2975,#2972,#1484,.T.);
#3649=EDGE_CURVE('',#2673,#2967,#1485,.T.);
#3650=EDGE_CURVE('',#2976,#2978,#1486,.T.);
#3651=EDGE_CURVE('',#2978,#2979,#1487,.T.);
#3652=EDGE_CURVE('',#2979,#2980,#1488,.T.);
#3653=EDGE_CURVE('',#2980,#2977,#1489,.T.);
#3654=EDGE_CURVE('',#2981,#2982,#1490,.T.);
#3655=EDGE_CURVE('',#2982,#2983,#1491,.T.);
#3656=EDGE_CURVE('',#2984,#2983,#1492,.T.);
#3657=EDGE_CURVE('',#2984,#2985,#1493,.T.);
#3658=EDGE_CURVE('',#2981,#2985,#1494,.T.);
#3659=EDGE_CURVE('',#2978,#2981,#1495,.T.);
#3660=EDGE_CURVE('',#2985,#2979,#1496,.T.);
#3661=EDGE_CURVE('',#2983,#2986,#1497,.T.);
#3662=EDGE_CURVE('',#2986,#2987,#1498,.T.);
#3663=EDGE_CURVE('',#2987,#2988,#1499,.T.);
#3664=EDGE_CURVE('',#2988,#2989,#1500,.T.);
#3665=EDGE_CURVE('',#2989,#2668,#1501,.T.);
#3666=EDGE_CURVE('',#2667,#2990,#1502,.T.);
#3667=EDGE_CURVE('',#2990,#2991,#1503,.T.);
#3668=EDGE_CURVE('',#2984,#2991,#1504,.T.);
#3669=EDGE_CURVE('',#2670,#2978,#1505,.T.);
#3670=EDGE_CURVE('',#2989,#2986,#1506,.T.);
#3671=EDGE_CURVE('',#2669,#2981,#1507,.T.);
#3672=EDGE_CURVE('',#2992,#2993,#1508,.T.);
#3673=EDGE_CURVE('',#2993,#2991,#1509,.T.);
#3674=EDGE_CURVE('',#2990,#2994,#1510,.T.);
#3675=EDGE_CURVE('',#2992,#2994,#1511,.T.);
#3676=EDGE_CURVE('',#2995,#2996,#1512,.T.);
#3677=EDGE_CURVE('',#2996,#2997,#1513,.T.);
#3678=EDGE_CURVE('',#2997,#2998,#1514,.T.);
#3679=EDGE_CURVE('',#2998,#2999,#1515,.T.);
#3680=EDGE_CURVE('',#2995,#2999,#1516,.T.);
#3681=EDGE_CURVE('',#2996,#2992,#1517,.T.);
#3682=EDGE_CURVE('',#2994,#2997,#1518,.T.);
#3683=EDGE_CURVE('',#2999,#2664,#1519,.T.);
#3684=EDGE_CURVE('',#2995,#2612,#1520,.T.);
#3685=EDGE_CURVE('',#2665,#2997,#1521,.T.);
#3686=EDGE_CURVE('',#2666,#2994,#1522,.T.);
#3687=EDGE_CURVE('',#2913,#3000,#1523,.T.);
#3688=EDGE_CURVE('',#3000,#2770,#1524,.T.);
#3689=EDGE_CURVE('',#3001,#2770,#1525,.T.);
#3690=EDGE_CURVE('',#2914,#3001,#1526,.T.);
#3691=EDGE_CURVE('',#3002,#3001,#1527,.T.);
#3692=EDGE_CURVE('',#2915,#3002,#1528,.T.);
#3693=EDGE_CURVE('',#3003,#3002,#1529,.T.);
#3694=EDGE_CURVE('',#2912,#3003,#1530,.T.);
#3695=EDGE_CURVE('',#3000,#3003,#1531,.T.);
#3696=EDGE_CURVE('',#2796,#3004,#1532,.T.);
#3697=EDGE_CURVE('',#3004,#3005,#1533,.T.);
#3698=EDGE_CURVE('',#3005,#2794,#1534,.T.);
#3699=EDGE_CURVE('',#2885,#3004,#1535,.T.);
#3700=EDGE_CURVE('',#3006,#2796,#1536,.T.);
#3701=EDGE_CURVE('',#2886,#3006,#1537,.T.);
#3702=EDGE_CURVE('',#3007,#3006,#1538,.T.);
#3703=EDGE_CURVE('',#2887,#3007,#1539,.T.);
#3704=EDGE_CURVE('',#3008,#3007,#1540,.T.);
#3705=EDGE_CURVE('',#2884,#3008,#1541,.T.);
#3706=EDGE_CURVE('',#3005,#3008,#1542,.T.);
#3707=EDGE_CURVE('',#2925,#3009,#1543,.T.);
#3708=EDGE_CURVE('',#3010,#3009,#1544,.T.);
#3709=EDGE_CURVE('',#2926,#3010,#1545,.T.);
#3710=EDGE_CURVE('',#3010,#2806,#1546,.T.);
#3711=EDGE_CURVE('',#3011,#2806,#1547,.T.);
#3712=EDGE_CURVE('',#2927,#3011,#1548,.T.);
#3713=EDGE_CURVE('',#3012,#3011,#1549,.T.);
#3714=EDGE_CURVE('',#2928,#3012,#1550,.T.);
#3715=EDGE_CURVE('',#3009,#3012,#1551,.T.);
#3716=EDGE_CURVE('',#2871,#3013,#1552,.T.);
#3717=EDGE_CURVE('',#3013,#2798,#1553,.T.);
#3718=EDGE_CURVE('',#3014,#2798,#1554,.T.);
#3719=EDGE_CURVE('',#2872,#3014,#1555,.T.);
#3720=EDGE_CURVE('',#3015,#3014,#1556,.T.);
#3721=EDGE_CURVE('',#2873,#3015,#1557,.T.);
#3722=EDGE_CURVE('',#3016,#3015,#1558,.T.);
#3723=EDGE_CURVE('',#2870,#3016,#1559,.T.);
#3724=EDGE_CURVE('',#3013,#3016,#1560,.T.);
#3725=EDGE_CURVE('',#2899,#3017,#1561,.T.);
#3726=EDGE_CURVE('',#3017,#2779,#1562,.T.);
#3727=EDGE_CURVE('',#3018,#2779,#1563,.T.);
#3728=EDGE_CURVE('',#2900,#3018,#1564,.T.);
#3729=EDGE_CURVE('',#3019,#3018,#1565,.T.);
#3730=EDGE_CURVE('',#2901,#3019,#1566,.T.);
#3731=EDGE_CURVE('',#3020,#3019,#1567,.T.);
#3732=EDGE_CURVE('',#2898,#3020,#1568,.T.);
#3733=EDGE_CURVE('',#3017,#3020,#1569,.T.);
#3734=EDGE_CURVE('',#2809,#2742,#1570,.T.);
#3735=EDGE_CURVE('',#2741,#3013,#1571,.T.);
#3736=EDGE_CURVE('',#2801,#2738,#1572,.T.);
#3737=EDGE_CURVE('',#2737,#3005,#1573,.T.);
#3738=EDGE_CURVE('',#2786,#2734,#1574,.T.);
#3739=EDGE_CURVE('',#2733,#3017,#1575,.T.);
#3740=EDGE_CURVE('',#2782,#2730,#1576,.T.);
#3741=EDGE_CURVE('',#2729,#3000,#1577,.T.);
#3742=EDGE_CURVE('',#3021,#2822,#1578,.T.);
#3743=EDGE_CURVE('',#3022,#3021,#1579,.T.);
#3744=EDGE_CURVE('',#3023,#3022,#1580,.T.);
#3745=EDGE_CURVE('',#3024,#3023,#1581,.T.);
#3746=EDGE_CURVE('',#3024,#3025,#1582,.T.);
#3747=EDGE_CURVE('',#3026,#3025,#1583,.T.);
#3748=EDGE_CURVE('',#3027,#3026,#1584,.T.);
#3749=EDGE_CURVE('',#3028,#3027,#1585,.T.);
#3750=EDGE_CURVE('',#3029,#3028,#1586,.T.);
#3751=EDGE_CURVE('',#3029,#3030,#1587,.T.);
#3752=EDGE_CURVE('',#3031,#3030,#1588,.T.);
#3753=EDGE_CURVE('',#3032,#3031,#1589,.T.);
#3754=EDGE_CURVE('',#3033,#3032,#1590,.T.);
#3755=EDGE_CURVE('',#3034,#3033,#1591,.T.);
#3756=EDGE_CURVE('',#3034,#3035,#1592,.T.);
#3757=EDGE_CURVE('',#3036,#3035,#1593,.T.);
#3758=EDGE_CURVE('',#3037,#3036,#1594,.T.);
#3759=EDGE_CURVE('',#3038,#3037,#1595,.T.);
#3760=EDGE_CURVE('',#3039,#3038,#1596,.T.);
#3761=EDGE_CURVE('',#3039,#3040,#1597,.T.);
#3762=EDGE_CURVE('',#3041,#3040,#1598,.T.);
#3763=EDGE_CURVE('',#3042,#3041,#1599,.T.);
#3764=EDGE_CURVE('',#3043,#3042,#1600,.T.);
#3765=EDGE_CURVE('',#3043,#3044,#1601,.T.);
#3766=EDGE_CURVE('',#3044,#3045,#1602,.T.);
#3767=EDGE_CURVE('',#2757,#3045,#1603,.T.);
#3768=EDGE_CURVE('',#2750,#2751,#1604,.T.);
#3769=EDGE_CURVE('',#2745,#3010,#1605,.T.);
#3770=EDGE_CURVE('',#2991,#2910,#1606,.T.);
#3771=EDGE_CURVE('',#2905,#3023,#1607,.T.);
#3772=EDGE_CURVE('',#3022,#3046,#1608,.T.);
#3773=EDGE_CURVE('',#3046,#3047,#1609,.T.);
#3774=EDGE_CURVE('',#3047,#2984,#1610,.T.);
#3775=EDGE_CURVE('',#2921,#2995,#1611,.T.);
#3776=EDGE_CURVE('',#2963,#2882,#1612,.T.);
#3777=EDGE_CURVE('',#2877,#3033,#1613,.T.);
#3778=EDGE_CURVE('',#3032,#3048,#1614,.T.);
#3779=EDGE_CURVE('',#3048,#3049,#1615,.T.);
#3780=EDGE_CURVE('',#3049,#2956,#1616,.T.);
#3781=EDGE_CURVE('',#2891,#3028,#1617,.T.);
#3782=EDGE_CURVE('',#3027,#3050,#1618,.T.);
#3783=EDGE_CURVE('',#3050,#3051,#1619,.T.);
#3784=EDGE_CURVE('',#3051,#2970,#1620,.T.);
#3785=EDGE_CURVE('',#2977,#2896,#1621,.T.);
#3786=EDGE_CURVE('',#2933,#2865,#1622,.T.);
#3787=EDGE_CURVE('',#2924,#2945,#1623,.T.);
#3788=EDGE_CURVE('',#3042,#3052,#1624,.T.);
#3789=EDGE_CURVE('',#3052,#3053,#1625,.T.);
#3790=EDGE_CURVE('',#3053,#3043,#1626,.T.);
#3791=EDGE_CURVE('',#2861,#3038,#1627,.T.);
#3792=EDGE_CURVE('',#3037,#3054,#1628,.T.);
#3793=EDGE_CURVE('',#3054,#3055,#1629,.T.);
#3794=EDGE_CURVE('',#3055,#2937,#1630,.T.);
#3795=EDGE_CURVE('',#2944,#2868,#1631,.T.);
#3796=EDGE_CURVE('',#2743,#2811,#1632,.T.);
#3797=EDGE_CURVE('',#2744,#2805,#1633,.T.);
#3798=EDGE_CURVE('',#2735,#2787,#1634,.T.);
#3799=EDGE_CURVE('',#2736,#2793,#1635,.T.);
#3800=EDGE_CURVE('',#2727,#2766,#1636,.T.);
#3801=EDGE_CURVE('',#2728,#2767,#1637,.T.);
#3802=EDGE_CURVE('',#2731,#2784,#1638,.T.);
#3803=EDGE_CURVE('',#2732,#2778,#1639,.T.);
#3804=EDGE_CURVE('',#2739,#2803,#1640,.T.);
#3805=EDGE_CURVE('',#2740,#2797,#1641,.T.);
#3806=EDGE_CURVE('',#2708,#2852,#1642,.T.);
#3807=EDGE_CURVE('',#2709,#2857,#1643,.T.);
#3808=EDGE_CURVE('',#3056,#2706,#1644,.T.);
#3809=EDGE_CURVE('',#3056,#2855,#1645,.T.);
#3810=EDGE_CURVE('',#2707,#2853,#1646,.T.);
#3811=EDGE_CURVE('',#2855,#3057,#1647,.T.);
#3812=EDGE_CURVE('',#3057,#3058,#1648,.T.);
#3813=EDGE_CURVE('',#3058,#3059,#1649,.T.);
#3814=EDGE_CURVE('',#3059,#3056,#1650,.T.);
#3815=EDGE_CURVE('',#2761,#2759,#1651,.T.);
#3816=EDGE_CURVE('',#3060,#2763,#1652,.T.);
#3817=EDGE_CURVE('',#3061,#3060,#1653,.T.);
#3818=EDGE_CURVE('',#3053,#3061,#1654,.T.);
#3819=EDGE_CURVE('',#3052,#3062,#1655,.T.);
#3820=EDGE_CURVE('',#3063,#3062,#1656,.T.);
#3821=EDGE_CURVE('',#3064,#3063,#1657,.T.);
#3822=EDGE_CURVE('',#3055,#3064,#1658,.T.);
#3823=EDGE_CURVE('',#3054,#3065,#1659,.T.);
#3824=EDGE_CURVE('',#3066,#3065,#1660,.T.);
#3825=EDGE_CURVE('',#3067,#3066,#1661,.T.);
#3826=EDGE_CURVE('',#3049,#3067,#1662,.T.);
#3827=EDGE_CURVE('',#3048,#3068,#1663,.T.);
#3828=EDGE_CURVE('',#3069,#3068,#1664,.T.);
#3829=EDGE_CURVE('',#3070,#3069,#1665,.T.);
#3830=EDGE_CURVE('',#3051,#3070,#1666,.T.);
#3831=EDGE_CURVE('',#3050,#3071,#1667,.T.);
#3832=EDGE_CURVE('',#3072,#3071,#1668,.T.);
#3833=EDGE_CURVE('',#3073,#3072,#1669,.T.);
#3834=EDGE_CURVE('',#3047,#3073,#1670,.T.);
#3835=EDGE_CURVE('',#3046,#3074,#1671,.T.);
#3836=EDGE_CURVE('',#2821,#3074,#1672,.T.);
#3837=EDGE_CURVE('',#2818,#3075,#1673,.T.);
#3838=EDGE_CURVE('',#3075,#3076,#1674,.T.);
#3839=EDGE_CURVE('',#3076,#3077,#1675,.T.);
#3840=EDGE_CURVE('',#3077,#3078,#1676,.T.);
#3841=EDGE_CURVE('',#3078,#2722,#1677,.T.);
#3842=EDGE_CURVE('',#2721,#2830,#1678,.T.);
#3843=EDGE_CURVE('',#2828,#3079,#1679,.T.);
#3844=EDGE_CURVE('',#3079,#3080,#1680,.T.);
#3845=EDGE_CURVE('',#3080,#3081,#1681,.T.);
#3846=EDGE_CURVE('',#3081,#3082,#1682,.T.);
#3847=EDGE_CURVE('',#3082,#2718,#1683,.T.);
#3848=EDGE_CURVE('',#2717,#2840,#1684,.T.);
#3849=EDGE_CURVE('',#2839,#3083,#1685,.T.);
#3850=EDGE_CURVE('',#3083,#3084,#1686,.T.);
#3851=EDGE_CURVE('',#3084,#3085,#1687,.T.);
#3852=EDGE_CURVE('',#3085,#3086,#1688,.T.);
#3853=EDGE_CURVE('',#3086,#2714,#1689,.T.);
#3854=EDGE_CURVE('',#2713,#2849,#1690,.T.);
#3855=EDGE_CURVE('',#2847,#3087,#1691,.T.);
#3856=EDGE_CURVE('',#3087,#3088,#1692,.T.);
#3857=EDGE_CURVE('',#3088,#3089,#1693,.T.);
#3858=EDGE_CURVE('',#3089,#3090,#1694,.T.);
#3859=EDGE_CURVE('',#3090,#2710,#1695,.T.);
#3860=EDGE_CURVE('',#2724,#2815,#1696,.T.);
#3861=EDGE_CURVE('',#3078,#2818,#1697,.T.);
#3862=EDGE_CURVE('',#2723,#2816,#1698,.T.);
#3863=EDGE_CURVE('',#2712,#2844,#1699,.T.);
#3864=EDGE_CURVE('',#3090,#2847,#1700,.T.);
#3865=EDGE_CURVE('',#2711,#2845,#1701,.T.);
#3866=EDGE_CURVE('',#2720,#2825,#1702,.T.);
#3867=EDGE_CURVE('',#3082,#2828,#1703,.T.);
#3868=EDGE_CURVE('',#2719,#2826,#1704,.T.);
#3869=EDGE_CURVE('',#3086,#3091,#1705,.T.);
#3870=EDGE_CURVE('',#3091,#2839,#1706,.T.);
#3871=EDGE_CURVE('',#3086,#2837,#1707,.T.);
#3872=EDGE_CURVE('',#2715,#2835,#1708,.T.);
#3873=EDGE_CURVE('',#2716,#2833,#1709,.T.);
#3874=EDGE_CURVE('',#3040,#3063,#1710,.T.);
#3875=EDGE_CURVE('',#3062,#3041,#1711,.T.);
#3876=EDGE_CURVE('',#3035,#3066,#1712,.T.);
#3877=EDGE_CURVE('',#3065,#3036,#1713,.T.);
#3878=EDGE_CURVE('',#3025,#3072,#1714,.T.);
#3879=EDGE_CURVE('',#3071,#3026,#1715,.T.);
#3880=EDGE_CURVE('',#3064,#3039,#1716,.T.);
#3881=EDGE_CURVE('',#3055,#3038,#1717,.T.);
#3882=EDGE_CURVE('',#2938,#2860,#1718,.T.);
#3883=EDGE_CURVE('',#2931,#2867,#1719,.T.);
#3884=EDGE_CURVE('',#2996,#2919,#1720,.T.);
#3885=EDGE_CURVE('',#2992,#2916,#1721,.T.);
#3886=EDGE_CURVE('',#3067,#3034,#1722,.T.);
#3887=EDGE_CURVE('',#3049,#3033,#1723,.T.);
#3888=EDGE_CURVE('',#2957,#2876,#1724,.T.);
#3889=EDGE_CURVE('',#2951,#2881,#1725,.T.);
#3890=EDGE_CURVE('',#3073,#3024,#1726,.T.);
#3891=EDGE_CURVE('',#3047,#3023,#1727,.T.);
#3892=EDGE_CURVE('',#2985,#2904,#1728,.T.);
#3893=EDGE_CURVE('',#2979,#2909,#1729,.T.);
#3894=EDGE_CURVE('',#3070,#3029,#1730,.T.);
#3895=EDGE_CURVE('',#3051,#3028,#1731,.T.);
#3896=EDGE_CURVE('',#2971,#2890,#1732,.T.);
#3897=EDGE_CURVE('',#2965,#2895,#1733,.T.);
#3898=EDGE_CURVE('',#2959,#3083,#1734,.T.);
#3899=EDGE_CURVE('',#2960,#3091,#1735,.T.);
#3900=EDGE_CURVE('',#2958,#3084,#1736,.T.);
#3901=EDGE_CURVE('',#2961,#3085,#1737,.T.);
#3902=EDGE_CURVE('',#2940,#3087,#1738,.T.);
#3903=EDGE_CURVE('',#2941,#3090,#1739,.T.);
#3904=EDGE_CURVE('',#2939,#3088,#1740,.T.);
#3905=EDGE_CURVE('',#2942,#3089,#1741,.T.);
#3906=EDGE_CURVE('',#2973,#3079,#1742,.T.);
#3907=EDGE_CURVE('',#2974,#3082,#1743,.T.);
#3908=EDGE_CURVE('',#2972,#3080,#1744,.T.);
#3909=EDGE_CURVE('',#2975,#3081,#1745,.T.);
#3910=EDGE_CURVE('',#2946,#3056,#1746,.T.);
#3911=EDGE_CURVE('',#2947,#3059,#1747,.T.);
#3912=EDGE_CURVE('',#2949,#3057,#1748,.T.);
#3913=EDGE_CURVE('',#2948,#3058,#1749,.T.);
#3914=EDGE_CURVE('',#2987,#3075,#1750,.T.);
#3915=EDGE_CURVE('',#2988,#3078,#1751,.T.);
#3916=EDGE_CURVE('',#2986,#3076,#1752,.T.);
#3917=EDGE_CURVE('',#2989,#3077,#1753,.T.);
#3918=EDGE_CURVE('',#3068,#3031,#1754,.T.);
#3919=EDGE_CURVE('',#3030,#3069,#1755,.T.);
#3920=EDGE_CURVE('',#3074,#3021,#1756,.T.);
#3921=EDGE_CURVE('',#3044,#3061,#1757,.T.);
#3922=EDGE_CURVE('',#2765,#3060,#1758,.T.);
#3923=EDGE_CURVE('',#2764,#2753,#1759,.T.);
#3924=EDGE_CURVE('',#2752,#2754,#1760,.T.);
#3925=EDGE_CURVE('',#3045,#2756,#1761,.T.);
#3926=ORIENTED_EDGE('',*,*,#3092,.F.);
#3927=ORIENTED_EDGE('',*,*,#3093,.T.);
#3928=ORIENTED_EDGE('',*,*,#3094,.T.);
#3929=ORIENTED_EDGE('',*,*,#3093,.F.);
#3930=ORIENTED_EDGE('',*,*,#3095,.T.);
#3931=ORIENTED_EDGE('',*,*,#3096,.F.);
#3932=ORIENTED_EDGE('',*,*,#3097,.F.);
#3933=ORIENTED_EDGE('',*,*,#3098,.F.);
#3934=ORIENTED_EDGE('',*,*,#3099,.T.);
#3935=ORIENTED_EDGE('',*,*,#3098,.T.);
#3936=ORIENTED_EDGE('',*,*,#3100,.F.);
#3937=ORIENTED_EDGE('',*,*,#3101,.F.);
#3938=ORIENTED_EDGE('',*,*,#3102,.T.);
#3939=ORIENTED_EDGE('',*,*,#3101,.T.);
#3940=ORIENTED_EDGE('',*,*,#3103,.F.);
#3941=ORIENTED_EDGE('',*,*,#3104,.F.);
#3942=ORIENTED_EDGE('',*,*,#3105,.F.);
#3943=ORIENTED_EDGE('',*,*,#3103,.T.);
#3944=ORIENTED_EDGE('',*,*,#3100,.T.);
#3945=ORIENTED_EDGE('',*,*,#3097,.T.);
#3946=ORIENTED_EDGE('',*,*,#3092,.T.);
#3947=ORIENTED_EDGE('',*,*,#3106,.F.);
#3948=ORIENTED_EDGE('',*,*,#3107,.F.);
#3949=ORIENTED_EDGE('',*,*,#3108,.F.);
#3950=ORIENTED_EDGE('',*,*,#3109,.F.);
#3951=ORIENTED_EDGE('',*,*,#3110,.T.);
#3952=ORIENTED_EDGE('',*,*,#3111,.F.);
#3953=ORIENTED_EDGE('',*,*,#3112,.F.);
#3954=ORIENTED_EDGE('',*,*,#3113,.F.);
#3955=ORIENTED_EDGE('',*,*,#3106,.T.);
#3956=ORIENTED_EDGE('',*,*,#3114,.F.);
#3957=ORIENTED_EDGE('',*,*,#3115,.T.);
#3958=ORIENTED_EDGE('',*,*,#3116,.F.);
#3959=ORIENTED_EDGE('',*,*,#3117,.F.);
#3960=ORIENTED_EDGE('',*,*,#3118,.T.);
#3961=ORIENTED_EDGE('',*,*,#3119,.T.);
#3962=ORIENTED_EDGE('',*,*,#3118,.F.);
#3963=ORIENTED_EDGE('',*,*,#3120,.F.);
#3964=ORIENTED_EDGE('',*,*,#3121,.T.);
#3965=ORIENTED_EDGE('',*,*,#3122,.F.);
#3966=ORIENTED_EDGE('',*,*,#3115,.F.);
#3967=ORIENTED_EDGE('',*,*,#3108,.T.);
#3968=ORIENTED_EDGE('',*,*,#3123,.F.);
#3969=ORIENTED_EDGE('',*,*,#3121,.F.);
#3970=ORIENTED_EDGE('',*,*,#3124,.F.);
#3971=ORIENTED_EDGE('',*,*,#3107,.T.);
#3972=ORIENTED_EDGE('',*,*,#3116,.T.);
#3973=ORIENTED_EDGE('',*,*,#3122,.T.);
#3974=ORIENTED_EDGE('',*,*,#3123,.T.);
#3975=ORIENTED_EDGE('',*,*,#3117,.T.);
#3976=ORIENTED_EDGE('',*,*,#3125,.T.);
#3977=ORIENTED_EDGE('',*,*,#3126,.T.);
#3978=ORIENTED_EDGE('',*,*,#3127,.F.);
#3979=ORIENTED_EDGE('',*,*,#3128,.F.);
#3980=ORIENTED_EDGE('',*,*,#3129,.F.);
#3981=ORIENTED_EDGE('',*,*,#3130,.F.);
#3982=ORIENTED_EDGE('',*,*,#3131,.T.);
#3983=ORIENTED_EDGE('',*,*,#3132,.T.);
#3984=ORIENTED_EDGE('',*,*,#3133,.T.);
#3985=ORIENTED_EDGE('',*,*,#3134,.F.);
#3986=ORIENTED_EDGE('',*,*,#3135,.T.);
#3987=ORIENTED_EDGE('',*,*,#3126,.F.);
#3988=ORIENTED_EDGE('',*,*,#3136,.F.);
#3989=ORIENTED_EDGE('',*,*,#3132,.F.);
#3990=ORIENTED_EDGE('',*,*,#3133,.F.);
#3991=ORIENTED_EDGE('',*,*,#3137,.F.);
#3992=ORIENTED_EDGE('',*,*,#3138,.F.);
#3993=ORIENTED_EDGE('',*,*,#3135,.F.);
#3994=ORIENTED_EDGE('',*,*,#3139,.F.);
#3995=ORIENTED_EDGE('',*,*,#3140,.T.);
#3996=ORIENTED_EDGE('',*,*,#3136,.T.);
#3997=ORIENTED_EDGE('',*,*,#3141,.T.);
#3998=ORIENTED_EDGE('',*,*,#3142,.F.);
#3999=ORIENTED_EDGE('',*,*,#3143,.F.);
#4000=ORIENTED_EDGE('',*,*,#3134,.T.);
#4001=ORIENTED_EDGE('',*,*,#3144,.T.);
#4002=ORIENTED_EDGE('',*,*,#3145,.T.);
#4003=ORIENTED_EDGE('',*,*,#3146,.T.);
#4004=ORIENTED_EDGE('',*,*,#3147,.T.);
#4005=ORIENTED_EDGE('',*,*,#3148,.T.);
#4006=ORIENTED_EDGE('',*,*,#3149,.T.);
#4007=ORIENTED_EDGE('',*,*,#3150,.T.);
#4008=ORIENTED_EDGE('',*,*,#3139,.T.);
#4009=ORIENTED_EDGE('',*,*,#3151,.T.);
#4010=ORIENTED_EDGE('',*,*,#3152,.T.);
#4011=ORIENTED_EDGE('',*,*,#3153,.T.);
#4012=ORIENTED_EDGE('',*,*,#3138,.T.);
#4013=ORIENTED_EDGE('',*,*,#3154,.T.);
#4014=ORIENTED_EDGE('',*,*,#3155,.F.);
#4015=ORIENTED_EDGE('',*,*,#3156,.T.);
#4016=ORIENTED_EDGE('',*,*,#3128,.T.);
#4017=ORIENTED_EDGE('',*,*,#3157,.T.);
#4018=ORIENTED_EDGE('',*,*,#3158,.F.);
#4019=ORIENTED_EDGE('',*,*,#3159,.T.);
#4020=ORIENTED_EDGE('',*,*,#3160,.T.);
#4021=ORIENTED_EDGE('',*,*,#3161,.F.);
#4022=ORIENTED_EDGE('',*,*,#3162,.F.);
#4023=ORIENTED_EDGE('',*,*,#3163,.F.);
#4024=ORIENTED_EDGE('',*,*,#3164,.F.);
#4025=ORIENTED_EDGE('',*,*,#3161,.T.);
#4026=ORIENTED_EDGE('',*,*,#3165,.F.);
#4027=ORIENTED_EDGE('',*,*,#3166,.T.);
#4028=ORIENTED_EDGE('',*,*,#3148,.F.);
#4029=ORIENTED_EDGE('',*,*,#3167,.T.);
#4030=ORIENTED_EDGE('',*,*,#3168,.F.);
#4031=ORIENTED_EDGE('',*,*,#3149,.F.);
#4032=ORIENTED_EDGE('',*,*,#3166,.F.);
#4033=ORIENTED_EDGE('',*,*,#3169,.F.);
#4034=ORIENTED_EDGE('',*,*,#3170,.F.);
#4035=ORIENTED_EDGE('',*,*,#3171,.F.);
#4036=ORIENTED_EDGE('',*,*,#3172,.F.);
#4037=ORIENTED_EDGE('',*,*,#3173,.T.);
#4038=ORIENTED_EDGE('',*,*,#3174,.F.);
#4039=ORIENTED_EDGE('',*,*,#3175,.F.);
#4040=ORIENTED_EDGE('',*,*,#3176,.T.);
#4041=ORIENTED_EDGE('',*,*,#3146,.F.);
#4042=ORIENTED_EDGE('',*,*,#3177,.T.);
#4043=ORIENTED_EDGE('',*,*,#3178,.F.);
#4044=ORIENTED_EDGE('',*,*,#3173,.F.);
#4045=ORIENTED_EDGE('',*,*,#3177,.F.);
#4046=ORIENTED_EDGE('',*,*,#3145,.F.);
#4047=ORIENTED_EDGE('',*,*,#3179,.F.);
#4048=ORIENTED_EDGE('',*,*,#3169,.T.);
#4049=ORIENTED_EDGE('',*,*,#3165,.T.);
#4050=ORIENTED_EDGE('',*,*,#3180,.T.);
#4051=ORIENTED_EDGE('',*,*,#3181,.F.);
#4052=ORIENTED_EDGE('',*,*,#3182,.F.);
#4053=ORIENTED_EDGE('',*,*,#3150,.F.);
#4054=ORIENTED_EDGE('',*,*,#3163,.T.);
#4055=ORIENTED_EDGE('',*,*,#3183,.T.);
#4056=ORIENTED_EDGE('',*,*,#3184,.T.);
#4057=ORIENTED_EDGE('',*,*,#3185,.T.);
#4058=ORIENTED_EDGE('',*,*,#3171,.T.);
#4059=ORIENTED_EDGE('',*,*,#3186,.T.);
#4060=ORIENTED_EDGE('',*,*,#3187,.F.);
#4061=ORIENTED_EDGE('',*,*,#3188,.T.);
#4062=ORIENTED_EDGE('',*,*,#3168,.T.);
#4063=ORIENTED_EDGE('',*,*,#3189,.T.);
#4064=ORIENTED_EDGE('',*,*,#3175,.T.);
#4065=ORIENTED_EDGE('',*,*,#3190,.T.);
#4066=ORIENTED_EDGE('',*,*,#3191,.F.);
#4067=ORIENTED_EDGE('',*,*,#3192,.T.);
#4068=ORIENTED_EDGE('',*,*,#3193,.T.);
#4069=ORIENTED_EDGE('',*,*,#3194,.T.);
#4070=ORIENTED_EDGE('',*,*,#3195,.F.);
#4071=ORIENTED_EDGE('',*,*,#3196,.T.);
#4072=ORIENTED_EDGE('',*,*,#3197,.T.);
#4073=ORIENTED_EDGE('',*,*,#3198,.T.);
#4074=ORIENTED_EDGE('',*,*,#3199,.F.);
#4075=ORIENTED_EDGE('',*,*,#3200,.T.);
#4076=ORIENTED_EDGE('',*,*,#3201,.T.);
#4077=ORIENTED_EDGE('',*,*,#3202,.T.);
#4078=ORIENTED_EDGE('',*,*,#3203,.F.);
#4079=ORIENTED_EDGE('',*,*,#3204,.T.);
#4080=ORIENTED_EDGE('',*,*,#3205,.T.);
#4081=ORIENTED_EDGE('',*,*,#3206,.T.);
#4082=ORIENTED_EDGE('',*,*,#3207,.F.);
#4083=ORIENTED_EDGE('',*,*,#3208,.T.);
#4084=ORIENTED_EDGE('',*,*,#3209,.T.);
#4085=ORIENTED_EDGE('',*,*,#3210,.T.);
#4086=ORIENTED_EDGE('',*,*,#3211,.F.);
#4087=ORIENTED_EDGE('',*,*,#3212,.F.);
#4088=ORIENTED_EDGE('',*,*,#3095,.F.);
#4089=ORIENTED_EDGE('',*,*,#3099,.F.);
#4090=ORIENTED_EDGE('',*,*,#3102,.F.);
#4091=ORIENTED_EDGE('',*,*,#3213,.F.);
#4092=ORIENTED_EDGE('',*,*,#3214,.F.);
#4093=ORIENTED_EDGE('',*,*,#3215,.F.);
#4094=ORIENTED_EDGE('',*,*,#3216,.F.);
#4095=ORIENTED_EDGE('',*,*,#3217,.F.);
#4096=ORIENTED_EDGE('',*,*,#3218,.F.);
#4097=ORIENTED_EDGE('',*,*,#3219,.F.);
#4098=ORIENTED_EDGE('',*,*,#3220,.F.);
#4099=ORIENTED_EDGE('',*,*,#3221,.F.);
#4100=ORIENTED_EDGE('',*,*,#3222,.F.);
#4101=ORIENTED_EDGE('',*,*,#3223,.F.);
#4102=ORIENTED_EDGE('',*,*,#3224,.F.);
#4103=ORIENTED_EDGE('',*,*,#3225,.F.);
#4104=ORIENTED_EDGE('',*,*,#3226,.F.);
#4105=ORIENTED_EDGE('',*,*,#3227,.F.);
#4106=ORIENTED_EDGE('',*,*,#3228,.F.);
#4107=ORIENTED_EDGE('',*,*,#3229,.F.);
#4108=ORIENTED_EDGE('',*,*,#3230,.F.);
#4109=ORIENTED_EDGE('',*,*,#3231,.F.);
#4110=ORIENTED_EDGE('',*,*,#3232,.F.);
#4111=ORIENTED_EDGE('',*,*,#3233,.F.);
#4112=ORIENTED_EDGE('',*,*,#3234,.T.);
#4113=ORIENTED_EDGE('',*,*,#3109,.T.);
#4114=ORIENTED_EDGE('',*,*,#3124,.T.);
#4115=ORIENTED_EDGE('',*,*,#3120,.T.);
#4116=ORIENTED_EDGE('',*,*,#3114,.T.);
#4117=ORIENTED_EDGE('',*,*,#3113,.T.);
#4118=ORIENTED_EDGE('',*,*,#3094,.F.);
#4119=ORIENTED_EDGE('',*,*,#3119,.F.);
#4120=ORIENTED_EDGE('',*,*,#3162,.T.);
#4121=ORIENTED_EDGE('',*,*,#3164,.T.);
#4122=ORIENTED_EDGE('',*,*,#3190,.F.);
#4123=ORIENTED_EDGE('',*,*,#3174,.T.);
#4124=ORIENTED_EDGE('',*,*,#3172,.T.);
#4125=ORIENTED_EDGE('',*,*,#3188,.F.);
#4126=ORIENTED_EDGE('',*,*,#3235,.F.);
#4127=ORIENTED_EDGE('',*,*,#3236,.T.);
#4128=ORIENTED_EDGE('',*,*,#3237,.T.);
#4129=ORIENTED_EDGE('',*,*,#3238,.T.);
#4130=ORIENTED_EDGE('',*,*,#3239,.F.);
#4131=ORIENTED_EDGE('',*,*,#3240,.T.);
#4132=ORIENTED_EDGE('',*,*,#3241,.T.);
#4133=ORIENTED_EDGE('',*,*,#3242,.T.);
#4134=ORIENTED_EDGE('',*,*,#3243,.F.);
#4135=ORIENTED_EDGE('',*,*,#3244,.T.);
#4136=ORIENTED_EDGE('',*,*,#3245,.T.);
#4137=ORIENTED_EDGE('',*,*,#3246,.T.);
#4138=ORIENTED_EDGE('',*,*,#3247,.F.);
#4139=ORIENTED_EDGE('',*,*,#3248,.T.);
#4140=ORIENTED_EDGE('',*,*,#3249,.T.);
#4141=ORIENTED_EDGE('',*,*,#3250,.T.);
#4142=ORIENTED_EDGE('',*,*,#3251,.F.);
#4143=ORIENTED_EDGE('',*,*,#3252,.T.);
#4144=ORIENTED_EDGE('',*,*,#3253,.T.);
#4145=ORIENTED_EDGE('',*,*,#3254,.T.);
#4146=ORIENTED_EDGE('',*,*,#3255,.F.);
#4147=ORIENTED_EDGE('',*,*,#3256,.F.);
#4148=ORIENTED_EDGE('',*,*,#3257,.F.);
#4149=ORIENTED_EDGE('',*,*,#3258,.F.);
#4150=ORIENTED_EDGE('',*,*,#3259,.F.);
#4151=ORIENTED_EDGE('',*,*,#3260,.F.);
#4152=ORIENTED_EDGE('',*,*,#3261,.F.);
#4153=ORIENTED_EDGE('',*,*,#3262,.F.);
#4154=ORIENTED_EDGE('',*,*,#3263,.F.);
#4155=ORIENTED_EDGE('',*,*,#3264,.F.);
#4156=ORIENTED_EDGE('',*,*,#3265,.F.);
#4157=ORIENTED_EDGE('',*,*,#3266,.F.);
#4158=ORIENTED_EDGE('',*,*,#3267,.F.);
#4159=ORIENTED_EDGE('',*,*,#3268,.F.);
#4160=ORIENTED_EDGE('',*,*,#3269,.F.);
#4161=ORIENTED_EDGE('',*,*,#3270,.F.);
#4162=ORIENTED_EDGE('',*,*,#3271,.F.);
#4163=ORIENTED_EDGE('',*,*,#3272,.F.);
#4164=ORIENTED_EDGE('',*,*,#3273,.F.);
#4165=ORIENTED_EDGE('',*,*,#3274,.F.);
#4166=ORIENTED_EDGE('',*,*,#3275,.F.);
#4167=ORIENTED_EDGE('',*,*,#3183,.F.);
#4168=ORIENTED_EDGE('',*,*,#3176,.F.);
#4169=ORIENTED_EDGE('',*,*,#3276,.T.);
#4170=ORIENTED_EDGE('',*,*,#3277,.F.);
#4171=ORIENTED_EDGE('',*,*,#3278,.F.);
#4172=ORIENTED_EDGE('',*,*,#3147,.F.);
#4173=ORIENTED_EDGE('',*,*,#3278,.T.);
#4174=ORIENTED_EDGE('',*,*,#3279,.F.);
#4175=ORIENTED_EDGE('',*,*,#3280,.F.);
#4176=ORIENTED_EDGE('',*,*,#3167,.F.);
#4177=ORIENTED_EDGE('',*,*,#3280,.T.);
#4178=ORIENTED_EDGE('',*,*,#3281,.F.);
#4179=ORIENTED_EDGE('',*,*,#3282,.F.);
#4180=ORIENTED_EDGE('',*,*,#3189,.F.);
#4181=ORIENTED_EDGE('',*,*,#3282,.T.);
#4182=ORIENTED_EDGE('',*,*,#3283,.F.);
#4183=ORIENTED_EDGE('',*,*,#3276,.F.);
#4184=ORIENTED_EDGE('',*,*,#3283,.T.);
#4185=ORIENTED_EDGE('',*,*,#3281,.T.);
#4186=ORIENTED_EDGE('',*,*,#3279,.T.);
#4187=ORIENTED_EDGE('',*,*,#3277,.T.);
#4188=ORIENTED_EDGE('',*,*,#3185,.F.);
#4189=ORIENTED_EDGE('',*,*,#3284,.T.);
#4190=ORIENTED_EDGE('',*,*,#3285,.F.);
#4191=ORIENTED_EDGE('',*,*,#3180,.F.);
#4192=ORIENTED_EDGE('',*,*,#3160,.F.);
#4193=ORIENTED_EDGE('',*,*,#3151,.F.);
#4194=ORIENTED_EDGE('',*,*,#3182,.T.);
#4195=ORIENTED_EDGE('',*,*,#3286,.F.);
#4196=ORIENTED_EDGE('',*,*,#3287,.F.);
#4197=ORIENTED_EDGE('',*,*,#3159,.F.);
#4198=ORIENTED_EDGE('',*,*,#3288,.T.);
#4199=ORIENTED_EDGE('',*,*,#3289,.F.);
#4200=ORIENTED_EDGE('',*,*,#3141,.F.);
#4201=ORIENTED_EDGE('',*,*,#3125,.F.);
#4202=ORIENTED_EDGE('',*,*,#3290,.F.);
#4203=ORIENTED_EDGE('',*,*,#3129,.T.);
#4204=ORIENTED_EDGE('',*,*,#3143,.T.);
#4205=ORIENTED_EDGE('',*,*,#3291,.F.);
#4206=ORIENTED_EDGE('',*,*,#3292,.F.);
#4207=ORIENTED_EDGE('',*,*,#3157,.F.);
#4208=ORIENTED_EDGE('',*,*,#3127,.T.);
#4209=ORIENTED_EDGE('',*,*,#3293,.T.);
#4210=ORIENTED_EDGE('',*,*,#3294,.F.);
#4211=ORIENTED_EDGE('',*,*,#3295,.F.);
#4212=ORIENTED_EDGE('',*,*,#3153,.F.);
#4213=ORIENTED_EDGE('',*,*,#3296,.T.);
#4214=ORIENTED_EDGE('',*,*,#3297,.F.);
#4215=ORIENTED_EDGE('',*,*,#3293,.F.);
#4216=ORIENTED_EDGE('',*,*,#3140,.F.);
#4217=ORIENTED_EDGE('',*,*,#3186,.F.);
#4218=ORIENTED_EDGE('',*,*,#3170,.T.);
#4219=ORIENTED_EDGE('',*,*,#3298,.T.);
#4220=ORIENTED_EDGE('',*,*,#3299,.F.);
#4221=ORIENTED_EDGE('',*,*,#3300,.F.);
#4222=ORIENTED_EDGE('',*,*,#3179,.T.);
#4223=ORIENTED_EDGE('',*,*,#3144,.F.);
#4224=ORIENTED_EDGE('',*,*,#3301,.T.);
#4225=ORIENTED_EDGE('',*,*,#3302,.F.);
#4226=ORIENTED_EDGE('',*,*,#3298,.F.);
#4227=ORIENTED_EDGE('',*,*,#3178,.T.);
#4228=ORIENTED_EDGE('',*,*,#3156,.F.);
#4229=ORIENTED_EDGE('',*,*,#3303,.T.);
#4230=ORIENTED_EDGE('',*,*,#3304,.F.);
#4231=ORIENTED_EDGE('',*,*,#3301,.F.);
#4232=ORIENTED_EDGE('',*,*,#3154,.F.);
#4233=ORIENTED_EDGE('',*,*,#3137,.T.);
#4234=ORIENTED_EDGE('',*,*,#3305,.T.);
#4235=ORIENTED_EDGE('',*,*,#3306,.F.);
#4236=ORIENTED_EDGE('',*,*,#3307,.F.);
#4237=ORIENTED_EDGE('',*,*,#3308,.F.);
#4238=ORIENTED_EDGE('',*,*,#3309,.T.);
#4239=ORIENTED_EDGE('',*,*,#3310,.F.);
#4240=ORIENTED_EDGE('',*,*,#3305,.F.);
#4241=ORIENTED_EDGE('',*,*,#3131,.F.);
#4242=ORIENTED_EDGE('',*,*,#3311,.F.);
#4243=ORIENTED_EDGE('',*,*,#3312,.T.);
#4244=ORIENTED_EDGE('',*,*,#3313,.F.);
#4245=ORIENTED_EDGE('',*,*,#3314,.F.);
#4246=ORIENTED_EDGE('',*,*,#3315,.F.);
#4247=ORIENTED_EDGE('',*,*,#3314,.T.);
#4248=ORIENTED_EDGE('',*,*,#3316,.F.);
#4249=ORIENTED_EDGE('',*,*,#3317,.F.);
#4250=ORIENTED_EDGE('',*,*,#3318,.F.);
#4251=ORIENTED_EDGE('',*,*,#3317,.T.);
#4252=ORIENTED_EDGE('',*,*,#3319,.F.);
#4253=ORIENTED_EDGE('',*,*,#3320,.F.);
#4254=ORIENTED_EDGE('',*,*,#3321,.F.);
#4255=ORIENTED_EDGE('',*,*,#3322,.F.);
#4256=ORIENTED_EDGE('',*,*,#3323,.F.);
#4257=ORIENTED_EDGE('',*,*,#3312,.F.);
#4258=ORIENTED_EDGE('',*,*,#3322,.T.);
#4259=ORIENTED_EDGE('',*,*,#3324,.T.);
#4260=ORIENTED_EDGE('',*,*,#3255,.T.);
#4261=ORIENTED_EDGE('',*,*,#3325,.T.);
#4262=ORIENTED_EDGE('',*,*,#3326,.T.);
#4263=ORIENTED_EDGE('',*,*,#3327,.T.);
#4264=ORIENTED_EDGE('',*,*,#3328,.F.);
#4265=ORIENTED_EDGE('',*,*,#3329,.T.);
#4266=ORIENTED_EDGE('',*,*,#3330,.F.);
#4267=ORIENTED_EDGE('',*,*,#3331,.F.);
#4268=ORIENTED_EDGE('',*,*,#3332,.F.);
#4269=ORIENTED_EDGE('',*,*,#3331,.T.);
#4270=ORIENTED_EDGE('',*,*,#3333,.F.);
#4271=ORIENTED_EDGE('',*,*,#3334,.F.);
#4272=ORIENTED_EDGE('',*,*,#3335,.F.);
#4273=ORIENTED_EDGE('',*,*,#3334,.T.);
#4274=ORIENTED_EDGE('',*,*,#3336,.F.);
#4275=ORIENTED_EDGE('',*,*,#3337,.F.);
#4276=ORIENTED_EDGE('',*,*,#3338,.F.);
#4277=ORIENTED_EDGE('',*,*,#3337,.T.);
#4278=ORIENTED_EDGE('',*,*,#3339,.F.);
#4279=ORIENTED_EDGE('',*,*,#3329,.F.);
#4280=ORIENTED_EDGE('',*,*,#3340,.F.);
#4281=ORIENTED_EDGE('',*,*,#3341,.T.);
#4282=ORIENTED_EDGE('',*,*,#3342,.F.);
#4283=ORIENTED_EDGE('',*,*,#3343,.F.);
#4284=ORIENTED_EDGE('',*,*,#3344,.F.);
#4285=ORIENTED_EDGE('',*,*,#3345,.F.);
#4286=ORIENTED_EDGE('',*,*,#3344,.T.);
#4287=ORIENTED_EDGE('',*,*,#3346,.F.);
#4288=ORIENTED_EDGE('',*,*,#3347,.F.);
#4289=ORIENTED_EDGE('',*,*,#3348,.F.);
#4290=ORIENTED_EDGE('',*,*,#3349,.F.);
#4291=ORIENTED_EDGE('',*,*,#3347,.T.);
#4292=ORIENTED_EDGE('',*,*,#3350,.F.);
#4293=ORIENTED_EDGE('',*,*,#3351,.F.);
#4294=ORIENTED_EDGE('',*,*,#3352,.F.);
#4295=ORIENTED_EDGE('',*,*,#3351,.T.);
#4296=ORIENTED_EDGE('',*,*,#3353,.F.);
#4297=ORIENTED_EDGE('',*,*,#3341,.F.);
#4298=ORIENTED_EDGE('',*,*,#3354,.F.);
#4299=ORIENTED_EDGE('',*,*,#3355,.F.);
#4300=ORIENTED_EDGE('',*,*,#3356,.T.);
#4301=ORIENTED_EDGE('',*,*,#3357,.F.);
#4302=ORIENTED_EDGE('',*,*,#3358,.F.);
#4303=ORIENTED_EDGE('',*,*,#3359,.F.);
#4304=ORIENTED_EDGE('',*,*,#3358,.T.);
#4305=ORIENTED_EDGE('',*,*,#3360,.F.);
#4306=ORIENTED_EDGE('',*,*,#3361,.F.);
#4307=ORIENTED_EDGE('',*,*,#3362,.F.);
#4308=ORIENTED_EDGE('',*,*,#3361,.T.);
#4309=ORIENTED_EDGE('',*,*,#3363,.F.);
#4310=ORIENTED_EDGE('',*,*,#3364,.F.);
#4311=ORIENTED_EDGE('',*,*,#3365,.F.);
#4312=ORIENTED_EDGE('',*,*,#3364,.T.);
#4313=ORIENTED_EDGE('',*,*,#3366,.F.);
#4314=ORIENTED_EDGE('',*,*,#3356,.F.);
#4315=ORIENTED_EDGE('',*,*,#3367,.F.);
#4316=ORIENTED_EDGE('',*,*,#3368,.T.);
#4317=ORIENTED_EDGE('',*,*,#3369,.F.);
#4318=ORIENTED_EDGE('',*,*,#3370,.F.);
#4319=ORIENTED_EDGE('',*,*,#3371,.F.);
#4320=ORIENTED_EDGE('',*,*,#3370,.T.);
#4321=ORIENTED_EDGE('',*,*,#3372,.F.);
#4322=ORIENTED_EDGE('',*,*,#3373,.F.);
#4323=ORIENTED_EDGE('',*,*,#3374,.F.);
#4324=ORIENTED_EDGE('',*,*,#3373,.T.);
#4325=ORIENTED_EDGE('',*,*,#3375,.F.);
#4326=ORIENTED_EDGE('',*,*,#3376,.F.);
#4327=ORIENTED_EDGE('',*,*,#3377,.F.);
#4328=ORIENTED_EDGE('',*,*,#3376,.T.);
#4329=ORIENTED_EDGE('',*,*,#3378,.F.);
#4330=ORIENTED_EDGE('',*,*,#3368,.F.);
#4331=ORIENTED_EDGE('',*,*,#3379,.T.);
#4332=ORIENTED_EDGE('',*,*,#3380,.T.);
#4333=ORIENTED_EDGE('',*,*,#3381,.T.);
#4334=ORIENTED_EDGE('',*,*,#3382,.F.);
#4335=ORIENTED_EDGE('',*,*,#3383,.T.);
#4336=ORIENTED_EDGE('',*,*,#3382,.T.);
#4337=ORIENTED_EDGE('',*,*,#3384,.T.);
#4338=ORIENTED_EDGE('',*,*,#3385,.F.);
#4339=ORIENTED_EDGE('',*,*,#3386,.F.);
#4340=ORIENTED_EDGE('',*,*,#3385,.T.);
#4341=ORIENTED_EDGE('',*,*,#3387,.F.);
#4342=ORIENTED_EDGE('',*,*,#3388,.F.);
#4343=ORIENTED_EDGE('',*,*,#3389,.T.);
#4344=ORIENTED_EDGE('',*,*,#3326,.F.);
#4345=ORIENTED_EDGE('',*,*,#3390,.T.);
#4346=ORIENTED_EDGE('',*,*,#3380,.F.);
#4347=ORIENTED_EDGE('',*,*,#3388,.T.);
#4348=ORIENTED_EDGE('',*,*,#3391,.T.);
#4349=ORIENTED_EDGE('',*,*,#3392,.F.);
#4350=ORIENTED_EDGE('',*,*,#3320,.T.);
#4351=ORIENTED_EDGE('',*,*,#3393,.F.);
#4352=ORIENTED_EDGE('',*,*,#3394,.F.);
#4353=ORIENTED_EDGE('',*,*,#3395,.T.);
#4354=ORIENTED_EDGE('',*,*,#3396,.T.);
#4355=ORIENTED_EDGE('',*,*,#3397,.T.);
#4356=ORIENTED_EDGE('',*,*,#3398,.F.);
#4357=ORIENTED_EDGE('',*,*,#3399,.T.);
#4358=ORIENTED_EDGE('',*,*,#3398,.T.);
#4359=ORIENTED_EDGE('',*,*,#3400,.T.);
#4360=ORIENTED_EDGE('',*,*,#3401,.F.);
#4361=ORIENTED_EDGE('',*,*,#3402,.F.);
#4362=ORIENTED_EDGE('',*,*,#3401,.T.);
#4363=ORIENTED_EDGE('',*,*,#3403,.F.);
#4364=ORIENTED_EDGE('',*,*,#3404,.F.);
#4365=ORIENTED_EDGE('',*,*,#3405,.T.);
#4366=ORIENTED_EDGE('',*,*,#3404,.T.);
#4367=ORIENTED_EDGE('',*,*,#3406,.T.);
#4368=ORIENTED_EDGE('',*,*,#3396,.F.);
#4369=ORIENTED_EDGE('',*,*,#3407,.T.);
#4370=ORIENTED_EDGE('',*,*,#3408,.T.);
#4371=ORIENTED_EDGE('',*,*,#3409,.T.);
#4372=ORIENTED_EDGE('',*,*,#3410,.T.);
#4373=ORIENTED_EDGE('',*,*,#3411,.F.);
#4374=ORIENTED_EDGE('',*,*,#3412,.T.);
#4375=ORIENTED_EDGE('',*,*,#3411,.T.);
#4376=ORIENTED_EDGE('',*,*,#3413,.T.);
#4377=ORIENTED_EDGE('',*,*,#3414,.F.);
#4378=ORIENTED_EDGE('',*,*,#3415,.F.);
#4379=ORIENTED_EDGE('',*,*,#3414,.T.);
#4380=ORIENTED_EDGE('',*,*,#3416,.T.);
#4381=ORIENTED_EDGE('',*,*,#3417,.F.);
#4382=ORIENTED_EDGE('',*,*,#3418,.F.);
#4383=ORIENTED_EDGE('',*,*,#3419,.T.);
#4384=ORIENTED_EDGE('',*,*,#3420,.T.);
#4385=ORIENTED_EDGE('',*,*,#3418,.T.);
#4386=ORIENTED_EDGE('',*,*,#3421,.T.);
#4387=ORIENTED_EDGE('',*,*,#3408,.F.);
#4388=ORIENTED_EDGE('',*,*,#3422,.T.);
#4389=ORIENTED_EDGE('',*,*,#3423,.T.);
#4390=ORIENTED_EDGE('',*,*,#3424,.T.);
#4391=ORIENTED_EDGE('',*,*,#3425,.F.);
#4392=ORIENTED_EDGE('',*,*,#3426,.T.);
#4393=ORIENTED_EDGE('',*,*,#3425,.T.);
#4394=ORIENTED_EDGE('',*,*,#3427,.T.);
#4395=ORIENTED_EDGE('',*,*,#3428,.F.);
#4396=ORIENTED_EDGE('',*,*,#3429,.F.);
#4397=ORIENTED_EDGE('',*,*,#3428,.T.);
#4398=ORIENTED_EDGE('',*,*,#3430,.F.);
#4399=ORIENTED_EDGE('',*,*,#3431,.F.);
#4400=ORIENTED_EDGE('',*,*,#3432,.T.);
#4401=ORIENTED_EDGE('',*,*,#3431,.T.);
#4402=ORIENTED_EDGE('',*,*,#3433,.T.);
#4403=ORIENTED_EDGE('',*,*,#3423,.F.);
#4404=ORIENTED_EDGE('',*,*,#3434,.T.);
#4405=ORIENTED_EDGE('',*,*,#3435,.T.);
#4406=ORIENTED_EDGE('',*,*,#3436,.T.);
#4407=ORIENTED_EDGE('',*,*,#3437,.F.);
#4408=ORIENTED_EDGE('',*,*,#3438,.T.);
#4409=ORIENTED_EDGE('',*,*,#3437,.T.);
#4410=ORIENTED_EDGE('',*,*,#3439,.T.);
#4411=ORIENTED_EDGE('',*,*,#3440,.F.);
#4412=ORIENTED_EDGE('',*,*,#3441,.F.);
#4413=ORIENTED_EDGE('',*,*,#3440,.T.);
#4414=ORIENTED_EDGE('',*,*,#3442,.F.);
#4415=ORIENTED_EDGE('',*,*,#3443,.F.);
#4416=ORIENTED_EDGE('',*,*,#3444,.T.);
#4417=ORIENTED_EDGE('',*,*,#3443,.T.);
#4418=ORIENTED_EDGE('',*,*,#3445,.T.);
#4419=ORIENTED_EDGE('',*,*,#3435,.F.);
#4420=ORIENTED_EDGE('',*,*,#3446,.F.);
#4421=ORIENTED_EDGE('',*,*,#3447,.T.);
#4422=ORIENTED_EDGE('',*,*,#3448,.F.);
#4423=ORIENTED_EDGE('',*,*,#3449,.F.);
#4424=ORIENTED_EDGE('',*,*,#3450,.F.);
#4425=ORIENTED_EDGE('',*,*,#3451,.F.);
#4426=ORIENTED_EDGE('',*,*,#3452,.F.);
#4427=ORIENTED_EDGE('',*,*,#3453,.F.);
#4428=ORIENTED_EDGE('',*,*,#3454,.F.);
#4429=ORIENTED_EDGE('',*,*,#3455,.F.);
#4430=ORIENTED_EDGE('',*,*,#3456,.F.);
#4431=ORIENTED_EDGE('',*,*,#3455,.T.);
#4432=ORIENTED_EDGE('',*,*,#3457,.F.);
#4433=ORIENTED_EDGE('',*,*,#3447,.F.);
#4434=ORIENTED_EDGE('',*,*,#3449,.T.);
#4435=ORIENTED_EDGE('',*,*,#3458,.F.);
#4436=ORIENTED_EDGE('',*,*,#3459,.T.);
#4437=ORIENTED_EDGE('',*,*,#3460,.T.);
#4438=ORIENTED_EDGE('',*,*,#3218,.T.);
#4439=ORIENTED_EDGE('',*,*,#3461,.T.);
#4440=ORIENTED_EDGE('',*,*,#3462,.T.);
#4441=ORIENTED_EDGE('',*,*,#3463,.T.);
#4442=ORIENTED_EDGE('',*,*,#3464,.T.);
#4443=ORIENTED_EDGE('',*,*,#3465,.T.);
#4444=ORIENTED_EDGE('',*,*,#3215,.T.);
#4445=ORIENTED_EDGE('',*,*,#3466,.F.);
#4446=ORIENTED_EDGE('',*,*,#3451,.T.);
#4447=ORIENTED_EDGE('',*,*,#3467,.F.);
#4448=ORIENTED_EDGE('',*,*,#3217,.T.);
#4449=ORIENTED_EDGE('',*,*,#3468,.T.);
#4450=ORIENTED_EDGE('',*,*,#3446,.T.);
#4451=ORIENTED_EDGE('',*,*,#3450,.T.);
#4452=ORIENTED_EDGE('',*,*,#3465,.F.);
#4453=ORIENTED_EDGE('',*,*,#3469,.T.);
#4454=ORIENTED_EDGE('',*,*,#3461,.F.);
#4455=ORIENTED_EDGE('',*,*,#3216,.T.);
#4456=ORIENTED_EDGE('',*,*,#3467,.T.);
#4457=ORIENTED_EDGE('',*,*,#3456,.T.);
#4458=ORIENTED_EDGE('',*,*,#3468,.F.);
#4459=ORIENTED_EDGE('',*,*,#3470,.F.);
#4460=ORIENTED_EDGE('',*,*,#3471,.T.);
#4461=ORIENTED_EDGE('',*,*,#3472,.F.);
#4462=ORIENTED_EDGE('',*,*,#3473,.F.);
#4463=ORIENTED_EDGE('',*,*,#3474,.F.);
#4464=ORIENTED_EDGE('',*,*,#3475,.F.);
#4465=ORIENTED_EDGE('',*,*,#3459,.F.);
#4466=ORIENTED_EDGE('',*,*,#3476,.F.);
#4467=ORIENTED_EDGE('',*,*,#3477,.F.);
#4468=ORIENTED_EDGE('',*,*,#3478,.F.);
#4469=ORIENTED_EDGE('',*,*,#3479,.F.);
#4470=ORIENTED_EDGE('',*,*,#3478,.T.);
#4471=ORIENTED_EDGE('',*,*,#3480,.F.);
#4472=ORIENTED_EDGE('',*,*,#3471,.F.);
#4473=ORIENTED_EDGE('',*,*,#3473,.T.);
#4474=ORIENTED_EDGE('',*,*,#3481,.F.);
#4475=ORIENTED_EDGE('',*,*,#3482,.T.);
#4476=ORIENTED_EDGE('',*,*,#3483,.T.);
#4477=ORIENTED_EDGE('',*,*,#3222,.T.);
#4478=ORIENTED_EDGE('',*,*,#3484,.T.);
#4479=ORIENTED_EDGE('',*,*,#3485,.T.);
#4480=ORIENTED_EDGE('',*,*,#3486,.T.);
#4481=ORIENTED_EDGE('',*,*,#3487,.T.);
#4482=ORIENTED_EDGE('',*,*,#3488,.T.);
#4483=ORIENTED_EDGE('',*,*,#3219,.T.);
#4484=ORIENTED_EDGE('',*,*,#3460,.F.);
#4485=ORIENTED_EDGE('',*,*,#3475,.T.);
#4486=ORIENTED_EDGE('',*,*,#3489,.F.);
#4487=ORIENTED_EDGE('',*,*,#3221,.T.);
#4488=ORIENTED_EDGE('',*,*,#3490,.T.);
#4489=ORIENTED_EDGE('',*,*,#3470,.T.);
#4490=ORIENTED_EDGE('',*,*,#3474,.T.);
#4491=ORIENTED_EDGE('',*,*,#3488,.F.);
#4492=ORIENTED_EDGE('',*,*,#3491,.T.);
#4493=ORIENTED_EDGE('',*,*,#3484,.F.);
#4494=ORIENTED_EDGE('',*,*,#3220,.T.);
#4495=ORIENTED_EDGE('',*,*,#3489,.T.);
#4496=ORIENTED_EDGE('',*,*,#3479,.T.);
#4497=ORIENTED_EDGE('',*,*,#3490,.F.);
#4498=ORIENTED_EDGE('',*,*,#3492,.F.);
#4499=ORIENTED_EDGE('',*,*,#3493,.T.);
#4500=ORIENTED_EDGE('',*,*,#3494,.F.);
#4501=ORIENTED_EDGE('',*,*,#3495,.F.);
#4502=ORIENTED_EDGE('',*,*,#3496,.F.);
#4503=ORIENTED_EDGE('',*,*,#3497,.F.);
#4504=ORIENTED_EDGE('',*,*,#3482,.F.);
#4505=ORIENTED_EDGE('',*,*,#3498,.F.);
#4506=ORIENTED_EDGE('',*,*,#3499,.F.);
#4507=ORIENTED_EDGE('',*,*,#3500,.F.);
#4508=ORIENTED_EDGE('',*,*,#3501,.F.);
#4509=ORIENTED_EDGE('',*,*,#3500,.T.);
#4510=ORIENTED_EDGE('',*,*,#3502,.F.);
#4511=ORIENTED_EDGE('',*,*,#3493,.F.);
#4512=ORIENTED_EDGE('',*,*,#3495,.T.);
#4513=ORIENTED_EDGE('',*,*,#3503,.F.);
#4514=ORIENTED_EDGE('',*,*,#3504,.T.);
#4515=ORIENTED_EDGE('',*,*,#3505,.T.);
#4516=ORIENTED_EDGE('',*,*,#3226,.T.);
#4517=ORIENTED_EDGE('',*,*,#3506,.T.);
#4518=ORIENTED_EDGE('',*,*,#3507,.T.);
#4519=ORIENTED_EDGE('',*,*,#3508,.T.);
#4520=ORIENTED_EDGE('',*,*,#3509,.T.);
#4521=ORIENTED_EDGE('',*,*,#3510,.T.);
#4522=ORIENTED_EDGE('',*,*,#3223,.T.);
#4523=ORIENTED_EDGE('',*,*,#3483,.F.);
#4524=ORIENTED_EDGE('',*,*,#3497,.T.);
#4525=ORIENTED_EDGE('',*,*,#3511,.F.);
#4526=ORIENTED_EDGE('',*,*,#3225,.T.);
#4527=ORIENTED_EDGE('',*,*,#3512,.T.);
#4528=ORIENTED_EDGE('',*,*,#3492,.T.);
#4529=ORIENTED_EDGE('',*,*,#3496,.T.);
#4530=ORIENTED_EDGE('',*,*,#3510,.F.);
#4531=ORIENTED_EDGE('',*,*,#3513,.T.);
#4532=ORIENTED_EDGE('',*,*,#3506,.F.);
#4533=ORIENTED_EDGE('',*,*,#3224,.T.);
#4534=ORIENTED_EDGE('',*,*,#3511,.T.);
#4535=ORIENTED_EDGE('',*,*,#3501,.T.);
#4536=ORIENTED_EDGE('',*,*,#3512,.F.);
#4537=ORIENTED_EDGE('',*,*,#3514,.F.);
#4538=ORIENTED_EDGE('',*,*,#3515,.T.);
#4539=ORIENTED_EDGE('',*,*,#3516,.F.);
#4540=ORIENTED_EDGE('',*,*,#3517,.F.);
#4541=ORIENTED_EDGE('',*,*,#3518,.F.);
#4542=ORIENTED_EDGE('',*,*,#3519,.F.);
#4543=ORIENTED_EDGE('',*,*,#3504,.F.);
#4544=ORIENTED_EDGE('',*,*,#3520,.F.);
#4545=ORIENTED_EDGE('',*,*,#3521,.F.);
#4546=ORIENTED_EDGE('',*,*,#3522,.F.);
#4547=ORIENTED_EDGE('',*,*,#3523,.F.);
#4548=ORIENTED_EDGE('',*,*,#3522,.T.);
#4549=ORIENTED_EDGE('',*,*,#3524,.F.);
#4550=ORIENTED_EDGE('',*,*,#3515,.F.);
#4551=ORIENTED_EDGE('',*,*,#3517,.T.);
#4552=ORIENTED_EDGE('',*,*,#3525,.F.);
#4553=ORIENTED_EDGE('',*,*,#3526,.T.);
#4554=ORIENTED_EDGE('',*,*,#3527,.T.);
#4555=ORIENTED_EDGE('',*,*,#3230,.T.);
#4556=ORIENTED_EDGE('',*,*,#3528,.T.);
#4557=ORIENTED_EDGE('',*,*,#3529,.T.);
#4558=ORIENTED_EDGE('',*,*,#3530,.T.);
#4559=ORIENTED_EDGE('',*,*,#3531,.T.);
#4560=ORIENTED_EDGE('',*,*,#3532,.T.);
#4561=ORIENTED_EDGE('',*,*,#3227,.T.);
#4562=ORIENTED_EDGE('',*,*,#3505,.F.);
#4563=ORIENTED_EDGE('',*,*,#3519,.T.);
#4564=ORIENTED_EDGE('',*,*,#3533,.F.);
#4565=ORIENTED_EDGE('',*,*,#3229,.T.);
#4566=ORIENTED_EDGE('',*,*,#3534,.T.);
#4567=ORIENTED_EDGE('',*,*,#3514,.T.);
#4568=ORIENTED_EDGE('',*,*,#3518,.T.);
#4569=ORIENTED_EDGE('',*,*,#3532,.F.);
#4570=ORIENTED_EDGE('',*,*,#3535,.T.);
#4571=ORIENTED_EDGE('',*,*,#3528,.F.);
#4572=ORIENTED_EDGE('',*,*,#3228,.T.);
#4573=ORIENTED_EDGE('',*,*,#3533,.T.);
#4574=ORIENTED_EDGE('',*,*,#3523,.T.);
#4575=ORIENTED_EDGE('',*,*,#3534,.F.);
#4576=ORIENTED_EDGE('',*,*,#3536,.F.);
#4577=ORIENTED_EDGE('',*,*,#3537,.T.);
#4578=ORIENTED_EDGE('',*,*,#3538,.F.);
#4579=ORIENTED_EDGE('',*,*,#3526,.F.);
#4580=ORIENTED_EDGE('',*,*,#3539,.F.);
#4581=ORIENTED_EDGE('',*,*,#3540,.F.);
#4582=ORIENTED_EDGE('',*,*,#3541,.T.);
#4583=ORIENTED_EDGE('',*,*,#3542,.F.);
#4584=ORIENTED_EDGE('',*,*,#3537,.F.);
#4585=ORIENTED_EDGE('',*,*,#3543,.F.);
#4586=ORIENTED_EDGE('',*,*,#3544,.F.);
#4587=ORIENTED_EDGE('',*,*,#3545,.F.);
#4588=ORIENTED_EDGE('',*,*,#3546,.F.);
#4589=ORIENTED_EDGE('',*,*,#3541,.F.);
#4590=ORIENTED_EDGE('',*,*,#3544,.T.);
#4591=ORIENTED_EDGE('',*,*,#3547,.F.);
#4592=ORIENTED_EDGE('',*,*,#3110,.F.);
#4593=ORIENTED_EDGE('',*,*,#3234,.F.);
#4594=ORIENTED_EDGE('',*,*,#3548,.T.);
#4595=ORIENTED_EDGE('',*,*,#3233,.T.);
#4596=ORIENTED_EDGE('',*,*,#3549,.T.);
#4597=ORIENTED_EDGE('',*,*,#3546,.T.);
#4598=ORIENTED_EDGE('',*,*,#3545,.T.);
#4599=ORIENTED_EDGE('',*,*,#3548,.F.);
#4600=ORIENTED_EDGE('',*,*,#3232,.T.);
#4601=ORIENTED_EDGE('',*,*,#3550,.T.);
#4602=ORIENTED_EDGE('',*,*,#3542,.T.);
#4603=ORIENTED_EDGE('',*,*,#3549,.F.);
#4604=ORIENTED_EDGE('',*,*,#3231,.T.);
#4605=ORIENTED_EDGE('',*,*,#3527,.F.);
#4606=ORIENTED_EDGE('',*,*,#3538,.T.);
#4607=ORIENTED_EDGE('',*,*,#3550,.F.);
#4608=ORIENTED_EDGE('',*,*,#3452,.T.);
#4609=ORIENTED_EDGE('',*,*,#3466,.T.);
#4610=ORIENTED_EDGE('',*,*,#3214,.T.);
#4611=ORIENTED_EDGE('',*,*,#3551,.T.);
#4612=ORIENTED_EDGE('',*,*,#3552,.F.);
#4613=ORIENTED_EDGE('',*,*,#3553,.T.);
#4614=ORIENTED_EDGE('',*,*,#3554,.T.);
#4615=ORIENTED_EDGE('',*,*,#3555,.T.);
#4616=ORIENTED_EDGE('',*,*,#3556,.T.);
#4617=ORIENTED_EDGE('',*,*,#3350,.T.);
#4618=ORIENTED_EDGE('',*,*,#3557,.T.);
#4619=ORIENTED_EDGE('',*,*,#3412,.F.);
#4620=ORIENTED_EDGE('',*,*,#3558,.F.);
#4621=ORIENTED_EDGE('',*,*,#3346,.T.);
#4622=ORIENTED_EDGE('',*,*,#3559,.T.);
#4623=ORIENTED_EDGE('',*,*,#3407,.F.);
#4624=ORIENTED_EDGE('',*,*,#3557,.F.);
#4625=ORIENTED_EDGE('',*,*,#3343,.T.);
#4626=ORIENTED_EDGE('',*,*,#3342,.T.);
#4627=ORIENTED_EDGE('',*,*,#3560,.F.);
#4628=ORIENTED_EDGE('',*,*,#3420,.F.);
#4629=ORIENTED_EDGE('',*,*,#3419,.F.);
#4630=ORIENTED_EDGE('',*,*,#3559,.F.);
#4631=ORIENTED_EDGE('',*,*,#3357,.T.);
#4632=ORIENTED_EDGE('',*,*,#3561,.T.);
#4633=ORIENTED_EDGE('',*,*,#3426,.F.);
#4634=ORIENTED_EDGE('',*,*,#3562,.F.);
#4635=ORIENTED_EDGE('',*,*,#3366,.T.);
#4636=ORIENTED_EDGE('',*,*,#3563,.T.);
#4637=ORIENTED_EDGE('',*,*,#3422,.F.);
#4638=ORIENTED_EDGE('',*,*,#3561,.F.);
#4639=ORIENTED_EDGE('',*,*,#3363,.T.);
#4640=ORIENTED_EDGE('',*,*,#3564,.F.);
#4641=ORIENTED_EDGE('',*,*,#3432,.F.);
#4642=ORIENTED_EDGE('',*,*,#3563,.F.);
#4643=ORIENTED_EDGE('',*,*,#3330,.T.);
#4644=ORIENTED_EDGE('',*,*,#3565,.T.);
#4645=ORIENTED_EDGE('',*,*,#3399,.F.);
#4646=ORIENTED_EDGE('',*,*,#3566,.F.);
#4647=ORIENTED_EDGE('',*,*,#3339,.T.);
#4648=ORIENTED_EDGE('',*,*,#3567,.T.);
#4649=ORIENTED_EDGE('',*,*,#3395,.F.);
#4650=ORIENTED_EDGE('',*,*,#3565,.F.);
#4651=ORIENTED_EDGE('',*,*,#3336,.T.);
#4652=ORIENTED_EDGE('',*,*,#3568,.F.);
#4653=ORIENTED_EDGE('',*,*,#3405,.F.);
#4654=ORIENTED_EDGE('',*,*,#3567,.F.);
#4655=ORIENTED_EDGE('',*,*,#3369,.T.);
#4656=ORIENTED_EDGE('',*,*,#3569,.T.);
#4657=ORIENTED_EDGE('',*,*,#3438,.F.);
#4658=ORIENTED_EDGE('',*,*,#3570,.F.);
#4659=ORIENTED_EDGE('',*,*,#3378,.T.);
#4660=ORIENTED_EDGE('',*,*,#3571,.T.);
#4661=ORIENTED_EDGE('',*,*,#3434,.F.);
#4662=ORIENTED_EDGE('',*,*,#3569,.F.);
#4663=ORIENTED_EDGE('',*,*,#3375,.T.);
#4664=ORIENTED_EDGE('',*,*,#3572,.F.);
#4665=ORIENTED_EDGE('',*,*,#3444,.F.);
#4666=ORIENTED_EDGE('',*,*,#3571,.F.);
#4667=ORIENTED_EDGE('',*,*,#3316,.T.);
#4668=ORIENTED_EDGE('',*,*,#3573,.T.);
#4669=ORIENTED_EDGE('',*,*,#3383,.F.);
#4670=ORIENTED_EDGE('',*,*,#3574,.F.);
#4671=ORIENTED_EDGE('',*,*,#3313,.T.);
#4672=ORIENTED_EDGE('',*,*,#3575,.T.);
#4673=ORIENTED_EDGE('',*,*,#3379,.F.);
#4674=ORIENTED_EDGE('',*,*,#3573,.F.);
#4675=ORIENTED_EDGE('',*,*,#3323,.T.);
#4676=ORIENTED_EDGE('',*,*,#3327,.F.);
#4677=ORIENTED_EDGE('',*,*,#3389,.F.);
#4678=ORIENTED_EDGE('',*,*,#3575,.F.);
#4679=ORIENTED_EDGE('',*,*,#3576,.T.);
#4680=ORIENTED_EDGE('',*,*,#3577,.T.);
#4681=ORIENTED_EDGE('',*,*,#3578,.T.);
#4682=ORIENTED_EDGE('',*,*,#3579,.T.);
#4683=ORIENTED_EDGE('',*,*,#3580,.F.);
#4684=ORIENTED_EDGE('',*,*,#3581,.T.);
#4685=ORIENTED_EDGE('',*,*,#3582,.T.);
#4686=ORIENTED_EDGE('',*,*,#3583,.F.);
#4687=ORIENTED_EDGE('',*,*,#3584,.T.);
#4688=ORIENTED_EDGE('',*,*,#3585,.F.);
#4689=ORIENTED_EDGE('',*,*,#3586,.T.);
#4690=ORIENTED_EDGE('',*,*,#3585,.T.);
#4691=ORIENTED_EDGE('',*,*,#3587,.T.);
#4692=ORIENTED_EDGE('',*,*,#3577,.F.);
#4693=ORIENTED_EDGE('',*,*,#3583,.T.);
#4694=ORIENTED_EDGE('',*,*,#3588,.T.);
#4695=ORIENTED_EDGE('',*,*,#3589,.T.);
#4696=ORIENTED_EDGE('',*,*,#3590,.T.);
#4697=ORIENTED_EDGE('',*,*,#3591,.T.);
#4698=ORIENTED_EDGE('',*,*,#3592,.T.);
#4699=ORIENTED_EDGE('',*,*,#3207,.T.);
#4700=ORIENTED_EDGE('',*,*,#3593,.T.);
#4701=ORIENTED_EDGE('',*,*,#3594,.T.);
#4702=ORIENTED_EDGE('',*,*,#3595,.F.);
#4703=ORIENTED_EDGE('',*,*,#3580,.T.);
#4704=ORIENTED_EDGE('',*,*,#3596,.F.);
#4705=ORIENTED_EDGE('',*,*,#3597,.F.);
#4706=ORIENTED_EDGE('',*,*,#3211,.T.);
#4707=ORIENTED_EDGE('',*,*,#3598,.T.);
#4708=ORIENTED_EDGE('',*,*,#3599,.T.);
#4709=ORIENTED_EDGE('',*,*,#3600,.T.);
#4710=ORIENTED_EDGE('',*,*,#3601,.T.);
#4711=ORIENTED_EDGE('',*,*,#3602,.T.);
#4712=ORIENTED_EDGE('',*,*,#3210,.F.);
#4713=ORIENTED_EDGE('',*,*,#3603,.T.);
#4714=ORIENTED_EDGE('',*,*,#3576,.F.);
#4715=ORIENTED_EDGE('',*,*,#3598,.F.);
#4716=ORIENTED_EDGE('',*,*,#3208,.F.);
#4717=ORIENTED_EDGE('',*,*,#3592,.F.);
#4718=ORIENTED_EDGE('',*,*,#3604,.T.);
#4719=ORIENTED_EDGE('',*,*,#3588,.F.);
#4720=ORIENTED_EDGE('',*,*,#3582,.F.);
#4721=ORIENTED_EDGE('',*,*,#3581,.F.);
#4722=ORIENTED_EDGE('',*,*,#3605,.F.);
#4723=ORIENTED_EDGE('',*,*,#3209,.F.);
#4724=ORIENTED_EDGE('',*,*,#3605,.T.);
#4725=ORIENTED_EDGE('',*,*,#3586,.F.);
#4726=ORIENTED_EDGE('',*,*,#3603,.F.);
#4727=ORIENTED_EDGE('',*,*,#3606,.T.);
#4728=ORIENTED_EDGE('',*,*,#3607,.T.);
#4729=ORIENTED_EDGE('',*,*,#3608,.T.);
#4730=ORIENTED_EDGE('',*,*,#3609,.T.);
#4731=ORIENTED_EDGE('',*,*,#3594,.F.);
#4732=ORIENTED_EDGE('',*,*,#3610,.T.);
#4733=ORIENTED_EDGE('',*,*,#3611,.T.);
#4734=ORIENTED_EDGE('',*,*,#3612,.F.);
#4735=ORIENTED_EDGE('',*,*,#3613,.T.);
#4736=ORIENTED_EDGE('',*,*,#3614,.F.);
#4737=ORIENTED_EDGE('',*,*,#3615,.T.);
#4738=ORIENTED_EDGE('',*,*,#3614,.T.);
#4739=ORIENTED_EDGE('',*,*,#3616,.T.);
#4740=ORIENTED_EDGE('',*,*,#3607,.F.);
#4741=ORIENTED_EDGE('',*,*,#3612,.T.);
#4742=ORIENTED_EDGE('',*,*,#3617,.T.);
#4743=ORIENTED_EDGE('',*,*,#3618,.T.);
#4744=ORIENTED_EDGE('',*,*,#3619,.T.);
#4745=ORIENTED_EDGE('',*,*,#3620,.T.);
#4746=ORIENTED_EDGE('',*,*,#3621,.T.);
#4747=ORIENTED_EDGE('',*,*,#3203,.T.);
#4748=ORIENTED_EDGE('',*,*,#3622,.T.);
#4749=ORIENTED_EDGE('',*,*,#3623,.T.);
#4750=ORIENTED_EDGE('',*,*,#3624,.F.);
#4751=ORIENTED_EDGE('',*,*,#3206,.F.);
#4752=ORIENTED_EDGE('',*,*,#3625,.T.);
#4753=ORIENTED_EDGE('',*,*,#3606,.F.);
#4754=ORIENTED_EDGE('',*,*,#3593,.F.);
#4755=ORIENTED_EDGE('',*,*,#3204,.F.);
#4756=ORIENTED_EDGE('',*,*,#3621,.F.);
#4757=ORIENTED_EDGE('',*,*,#3626,.T.);
#4758=ORIENTED_EDGE('',*,*,#3617,.F.);
#4759=ORIENTED_EDGE('',*,*,#3611,.F.);
#4760=ORIENTED_EDGE('',*,*,#3610,.F.);
#4761=ORIENTED_EDGE('',*,*,#3627,.F.);
#4762=ORIENTED_EDGE('',*,*,#3205,.F.);
#4763=ORIENTED_EDGE('',*,*,#3627,.T.);
#4764=ORIENTED_EDGE('',*,*,#3615,.F.);
#4765=ORIENTED_EDGE('',*,*,#3625,.F.);
#4766=ORIENTED_EDGE('',*,*,#3628,.T.);
#4767=ORIENTED_EDGE('',*,*,#3629,.T.);
#4768=ORIENTED_EDGE('',*,*,#3630,.T.);
#4769=ORIENTED_EDGE('',*,*,#3631,.T.);
#4770=ORIENTED_EDGE('',*,*,#3623,.F.);
#4771=ORIENTED_EDGE('',*,*,#3632,.T.);
#4772=ORIENTED_EDGE('',*,*,#3633,.T.);
#4773=ORIENTED_EDGE('',*,*,#3634,.F.);
#4774=ORIENTED_EDGE('',*,*,#3635,.T.);
#4775=ORIENTED_EDGE('',*,*,#3636,.F.);
#4776=ORIENTED_EDGE('',*,*,#3637,.T.);
#4777=ORIENTED_EDGE('',*,*,#3636,.T.);
#4778=ORIENTED_EDGE('',*,*,#3638,.T.);
#4779=ORIENTED_EDGE('',*,*,#3629,.F.);
#4780=ORIENTED_EDGE('',*,*,#3634,.T.);
#4781=ORIENTED_EDGE('',*,*,#3639,.T.);
#4782=ORIENTED_EDGE('',*,*,#3640,.T.);
#4783=ORIENTED_EDGE('',*,*,#3641,.T.);
#4784=ORIENTED_EDGE('',*,*,#3642,.T.);
#4785=ORIENTED_EDGE('',*,*,#3643,.T.);
#4786=ORIENTED_EDGE('',*,*,#3199,.T.);
#4787=ORIENTED_EDGE('',*,*,#3644,.T.);
#4788=ORIENTED_EDGE('',*,*,#3645,.T.);
#4789=ORIENTED_EDGE('',*,*,#3646,.F.);
#4790=ORIENTED_EDGE('',*,*,#3202,.F.);
#4791=ORIENTED_EDGE('',*,*,#3647,.T.);
#4792=ORIENTED_EDGE('',*,*,#3628,.F.);
#4793=ORIENTED_EDGE('',*,*,#3622,.F.);
#4794=ORIENTED_EDGE('',*,*,#3200,.F.);
#4795=ORIENTED_EDGE('',*,*,#3643,.F.);
#4796=ORIENTED_EDGE('',*,*,#3648,.T.);
#4797=ORIENTED_EDGE('',*,*,#3639,.F.);
#4798=ORIENTED_EDGE('',*,*,#3633,.F.);
#4799=ORIENTED_EDGE('',*,*,#3632,.F.);
#4800=ORIENTED_EDGE('',*,*,#3649,.F.);
#4801=ORIENTED_EDGE('',*,*,#3201,.F.);
#4802=ORIENTED_EDGE('',*,*,#3649,.T.);
#4803=ORIENTED_EDGE('',*,*,#3637,.F.);
#4804=ORIENTED_EDGE('',*,*,#3647,.F.);
#4805=ORIENTED_EDGE('',*,*,#3650,.T.);
#4806=ORIENTED_EDGE('',*,*,#3651,.T.);
#4807=ORIENTED_EDGE('',*,*,#3652,.T.);
#4808=ORIENTED_EDGE('',*,*,#3653,.T.);
#4809=ORIENTED_EDGE('',*,*,#3645,.F.);
#4810=ORIENTED_EDGE('',*,*,#3654,.T.);
#4811=ORIENTED_EDGE('',*,*,#3655,.T.);
#4812=ORIENTED_EDGE('',*,*,#3656,.F.);
#4813=ORIENTED_EDGE('',*,*,#3657,.T.);
#4814=ORIENTED_EDGE('',*,*,#3658,.F.);
#4815=ORIENTED_EDGE('',*,*,#3659,.T.);
#4816=ORIENTED_EDGE('',*,*,#3658,.T.);
#4817=ORIENTED_EDGE('',*,*,#3660,.T.);
#4818=ORIENTED_EDGE('',*,*,#3651,.F.);
#4819=ORIENTED_EDGE('',*,*,#3656,.T.);
#4820=ORIENTED_EDGE('',*,*,#3661,.T.);
#4821=ORIENTED_EDGE('',*,*,#3662,.T.);
#4822=ORIENTED_EDGE('',*,*,#3663,.T.);
#4823=ORIENTED_EDGE('',*,*,#3664,.T.);
#4824=ORIENTED_EDGE('',*,*,#3665,.T.);
#4825=ORIENTED_EDGE('',*,*,#3195,.T.);
#4826=ORIENTED_EDGE('',*,*,#3666,.T.);
#4827=ORIENTED_EDGE('',*,*,#3667,.T.);
#4828=ORIENTED_EDGE('',*,*,#3668,.F.);
#4829=ORIENTED_EDGE('',*,*,#3198,.F.);
#4830=ORIENTED_EDGE('',*,*,#3669,.T.);
#4831=ORIENTED_EDGE('',*,*,#3650,.F.);
#4832=ORIENTED_EDGE('',*,*,#3644,.F.);
#4833=ORIENTED_EDGE('',*,*,#3196,.F.);
#4834=ORIENTED_EDGE('',*,*,#3665,.F.);
#4835=ORIENTED_EDGE('',*,*,#3670,.T.);
#4836=ORIENTED_EDGE('',*,*,#3661,.F.);
#4837=ORIENTED_EDGE('',*,*,#3655,.F.);
#4838=ORIENTED_EDGE('',*,*,#3654,.F.);
#4839=ORIENTED_EDGE('',*,*,#3671,.F.);
#4840=ORIENTED_EDGE('',*,*,#3197,.F.);
#4841=ORIENTED_EDGE('',*,*,#3671,.T.);
#4842=ORIENTED_EDGE('',*,*,#3659,.F.);
#4843=ORIENTED_EDGE('',*,*,#3669,.F.);
#4844=ORIENTED_EDGE('',*,*,#3672,.T.);
#4845=ORIENTED_EDGE('',*,*,#3673,.T.);
#4846=ORIENTED_EDGE('',*,*,#3667,.F.);
#4847=ORIENTED_EDGE('',*,*,#3674,.T.);
#4848=ORIENTED_EDGE('',*,*,#3675,.F.);
#4849=ORIENTED_EDGE('',*,*,#3676,.T.);
#4850=ORIENTED_EDGE('',*,*,#3677,.T.);
#4851=ORIENTED_EDGE('',*,*,#3678,.T.);
#4852=ORIENTED_EDGE('',*,*,#3679,.T.);
#4853=ORIENTED_EDGE('',*,*,#3680,.F.);
#4854=ORIENTED_EDGE('',*,*,#3681,.T.);
#4855=ORIENTED_EDGE('',*,*,#3675,.T.);
#4856=ORIENTED_EDGE('',*,*,#3682,.T.);
#4857=ORIENTED_EDGE('',*,*,#3677,.F.);
#4858=ORIENTED_EDGE('',*,*,#3680,.T.);
#4859=ORIENTED_EDGE('',*,*,#3683,.T.);
#4860=ORIENTED_EDGE('',*,*,#3191,.T.);
#4861=ORIENTED_EDGE('',*,*,#3112,.T.);
#4862=ORIENTED_EDGE('',*,*,#3684,.F.);
#4863=ORIENTED_EDGE('',*,*,#3192,.F.);
#4864=ORIENTED_EDGE('',*,*,#3683,.F.);
#4865=ORIENTED_EDGE('',*,*,#3679,.F.);
#4866=ORIENTED_EDGE('',*,*,#3678,.F.);
#4867=ORIENTED_EDGE('',*,*,#3685,.F.);
#4868=ORIENTED_EDGE('',*,*,#3193,.F.);
#4869=ORIENTED_EDGE('',*,*,#3685,.T.);
#4870=ORIENTED_EDGE('',*,*,#3682,.F.);
#4871=ORIENTED_EDGE('',*,*,#3686,.F.);
#4872=ORIENTED_EDGE('',*,*,#3194,.F.);
#4873=ORIENTED_EDGE('',*,*,#3686,.T.);
#4874=ORIENTED_EDGE('',*,*,#3674,.F.);
#4875=ORIENTED_EDGE('',*,*,#3666,.F.);
#4876=ORIENTED_EDGE('',*,*,#3530,.F.);
#4877=ORIENTED_EDGE('',*,*,#3687,.T.);
#4878=ORIENTED_EDGE('',*,*,#3688,.T.);
#4879=ORIENTED_EDGE('',*,*,#3689,.F.);
#4880=ORIENTED_EDGE('',*,*,#3690,.F.);
#4881=ORIENTED_EDGE('',*,*,#3531,.F.);
#4882=ORIENTED_EDGE('',*,*,#3690,.T.);
#4883=ORIENTED_EDGE('',*,*,#3691,.F.);
#4884=ORIENTED_EDGE('',*,*,#3692,.F.);
#4885=ORIENTED_EDGE('',*,*,#3535,.F.);
#4886=ORIENTED_EDGE('',*,*,#3692,.T.);
#4887=ORIENTED_EDGE('',*,*,#3693,.F.);
#4888=ORIENTED_EDGE('',*,*,#3694,.F.);
#4889=ORIENTED_EDGE('',*,*,#3529,.F.);
#4890=ORIENTED_EDGE('',*,*,#3694,.T.);
#4891=ORIENTED_EDGE('',*,*,#3695,.F.);
#4892=ORIENTED_EDGE('',*,*,#3687,.F.);
#4893=ORIENTED_EDGE('',*,*,#3352,.T.);
#4894=ORIENTED_EDGE('',*,*,#3696,.T.);
#4895=ORIENTED_EDGE('',*,*,#3697,.T.);
#4896=ORIENTED_EDGE('',*,*,#3698,.T.);
#4897=ORIENTED_EDGE('',*,*,#3486,.F.);
#4898=ORIENTED_EDGE('',*,*,#3699,.T.);
#4899=ORIENTED_EDGE('',*,*,#3696,.F.);
#4900=ORIENTED_EDGE('',*,*,#3700,.F.);
#4901=ORIENTED_EDGE('',*,*,#3701,.F.);
#4902=ORIENTED_EDGE('',*,*,#3487,.F.);
#4903=ORIENTED_EDGE('',*,*,#3701,.T.);
#4904=ORIENTED_EDGE('',*,*,#3702,.F.);
#4905=ORIENTED_EDGE('',*,*,#3703,.F.);
#4906=ORIENTED_EDGE('',*,*,#3491,.F.);
#4907=ORIENTED_EDGE('',*,*,#3703,.T.);
#4908=ORIENTED_EDGE('',*,*,#3704,.F.);
#4909=ORIENTED_EDGE('',*,*,#3705,.F.);
#4910=ORIENTED_EDGE('',*,*,#3485,.F.);
#4911=ORIENTED_EDGE('',*,*,#3705,.T.);
#4912=ORIENTED_EDGE('',*,*,#3706,.F.);
#4913=ORIENTED_EDGE('',*,*,#3697,.F.);
#4914=ORIENTED_EDGE('',*,*,#3699,.F.);
#4915=ORIENTED_EDGE('',*,*,#3553,.F.);
#4916=ORIENTED_EDGE('',*,*,#3707,.T.);
#4917=ORIENTED_EDGE('',*,*,#3708,.F.);
#4918=ORIENTED_EDGE('',*,*,#3709,.F.);
#4919=ORIENTED_EDGE('',*,*,#3554,.F.);
#4920=ORIENTED_EDGE('',*,*,#3709,.T.);
#4921=ORIENTED_EDGE('',*,*,#3710,.T.);
#4922=ORIENTED_EDGE('',*,*,#3711,.F.);
#4923=ORIENTED_EDGE('',*,*,#3712,.F.);
#4924=ORIENTED_EDGE('',*,*,#3555,.F.);
#4925=ORIENTED_EDGE('',*,*,#3712,.T.);
#4926=ORIENTED_EDGE('',*,*,#3713,.F.);
#4927=ORIENTED_EDGE('',*,*,#3714,.F.);
#4928=ORIENTED_EDGE('',*,*,#3556,.F.);
#4929=ORIENTED_EDGE('',*,*,#3714,.T.);
#4930=ORIENTED_EDGE('',*,*,#3715,.F.);
#4931=ORIENTED_EDGE('',*,*,#3707,.F.);
#4932=ORIENTED_EDGE('',*,*,#3463,.F.);
#4933=ORIENTED_EDGE('',*,*,#3716,.T.);
#4934=ORIENTED_EDGE('',*,*,#3717,.T.);
#4935=ORIENTED_EDGE('',*,*,#3718,.F.);
#4936=ORIENTED_EDGE('',*,*,#3719,.F.);
#4937=ORIENTED_EDGE('',*,*,#3464,.F.);
#4938=ORIENTED_EDGE('',*,*,#3719,.T.);
#4939=ORIENTED_EDGE('',*,*,#3720,.F.);
#4940=ORIENTED_EDGE('',*,*,#3721,.F.);
#4941=ORIENTED_EDGE('',*,*,#3469,.F.);
#4942=ORIENTED_EDGE('',*,*,#3721,.T.);
#4943=ORIENTED_EDGE('',*,*,#3722,.F.);
#4944=ORIENTED_EDGE('',*,*,#3723,.F.);
#4945=ORIENTED_EDGE('',*,*,#3462,.F.);
#4946=ORIENTED_EDGE('',*,*,#3723,.T.);
#4947=ORIENTED_EDGE('',*,*,#3724,.F.);
#4948=ORIENTED_EDGE('',*,*,#3716,.F.);
#4949=ORIENTED_EDGE('',*,*,#3508,.F.);
#4950=ORIENTED_EDGE('',*,*,#3725,.T.);
#4951=ORIENTED_EDGE('',*,*,#3726,.T.);
#4952=ORIENTED_EDGE('',*,*,#3727,.F.);
#4953=ORIENTED_EDGE('',*,*,#3728,.F.);
#4954=ORIENTED_EDGE('',*,*,#3509,.F.);
#4955=ORIENTED_EDGE('',*,*,#3728,.T.);
#4956=ORIENTED_EDGE('',*,*,#3729,.F.);
#4957=ORIENTED_EDGE('',*,*,#3730,.F.);
#4958=ORIENTED_EDGE('',*,*,#3513,.F.);
#4959=ORIENTED_EDGE('',*,*,#3730,.T.);
#4960=ORIENTED_EDGE('',*,*,#3731,.F.);
#4961=ORIENTED_EDGE('',*,*,#3732,.F.);
#4962=ORIENTED_EDGE('',*,*,#3507,.F.);
#4963=ORIENTED_EDGE('',*,*,#3732,.T.);
#4964=ORIENTED_EDGE('',*,*,#3733,.F.);
#4965=ORIENTED_EDGE('',*,*,#3725,.F.);
#4966=ORIENTED_EDGE('',*,*,#3715,.T.);
#4967=ORIENTED_EDGE('',*,*,#3713,.T.);
#4968=ORIENTED_EDGE('',*,*,#3711,.T.);
#4969=ORIENTED_EDGE('',*,*,#3371,.T.);
#4970=ORIENTED_EDGE('',*,*,#3734,.T.);
#4971=ORIENTED_EDGE('',*,*,#3271,.T.);
#4972=ORIENTED_EDGE('',*,*,#3735,.T.);
#4973=ORIENTED_EDGE('',*,*,#3724,.T.);
#4974=ORIENTED_EDGE('',*,*,#3722,.T.);
#4975=ORIENTED_EDGE('',*,*,#3720,.T.);
#4976=ORIENTED_EDGE('',*,*,#3718,.T.);
#4977=ORIENTED_EDGE('',*,*,#3359,.T.);
#4978=ORIENTED_EDGE('',*,*,#3736,.T.);
#4979=ORIENTED_EDGE('',*,*,#3267,.T.);
#4980=ORIENTED_EDGE('',*,*,#3737,.T.);
#4981=ORIENTED_EDGE('',*,*,#3706,.T.);
#4982=ORIENTED_EDGE('',*,*,#3704,.T.);
#4983=ORIENTED_EDGE('',*,*,#3702,.T.);
#4984=ORIENTED_EDGE('',*,*,#3700,.T.);
#4985=ORIENTED_EDGE('',*,*,#3354,.T.);
#4986=ORIENTED_EDGE('',*,*,#3738,.T.);
#4987=ORIENTED_EDGE('',*,*,#3263,.T.);
#4988=ORIENTED_EDGE('',*,*,#3739,.T.);
#4989=ORIENTED_EDGE('',*,*,#3733,.T.);
#4990=ORIENTED_EDGE('',*,*,#3731,.T.);
#4991=ORIENTED_EDGE('',*,*,#3729,.T.);
#4992=ORIENTED_EDGE('',*,*,#3727,.T.);
#4993=ORIENTED_EDGE('',*,*,#3332,.T.);
#4994=ORIENTED_EDGE('',*,*,#3740,.T.);
#4995=ORIENTED_EDGE('',*,*,#3259,.T.);
#4996=ORIENTED_EDGE('',*,*,#3741,.T.);
#4997=ORIENTED_EDGE('',*,*,#3695,.T.);
#4998=ORIENTED_EDGE('',*,*,#3693,.T.);
#4999=ORIENTED_EDGE('',*,*,#3691,.T.);
#5000=ORIENTED_EDGE('',*,*,#3689,.T.);
#5001=ORIENTED_EDGE('',*,*,#3318,.T.);
#5002=ORIENTED_EDGE('',*,*,#3394,.T.);
#5003=ORIENTED_EDGE('',*,*,#3742,.F.);
#5004=ORIENTED_EDGE('',*,*,#3743,.F.);
#5005=ORIENTED_EDGE('',*,*,#3744,.F.);
#5006=ORIENTED_EDGE('',*,*,#3745,.F.);
#5007=ORIENTED_EDGE('',*,*,#3746,.T.);
#5008=ORIENTED_EDGE('',*,*,#3747,.F.);
#5009=ORIENTED_EDGE('',*,*,#3748,.F.);
#5010=ORIENTED_EDGE('',*,*,#3749,.F.);
#5011=ORIENTED_EDGE('',*,*,#3750,.F.);
#5012=ORIENTED_EDGE('',*,*,#3751,.T.);
#5013=ORIENTED_EDGE('',*,*,#3752,.F.);
#5014=ORIENTED_EDGE('',*,*,#3753,.F.);
#5015=ORIENTED_EDGE('',*,*,#3754,.F.);
#5016=ORIENTED_EDGE('',*,*,#3755,.F.);
#5017=ORIENTED_EDGE('',*,*,#3756,.T.);
#5018=ORIENTED_EDGE('',*,*,#3757,.F.);
#5019=ORIENTED_EDGE('',*,*,#3758,.F.);
#5020=ORIENTED_EDGE('',*,*,#3759,.F.);
#5021=ORIENTED_EDGE('',*,*,#3760,.F.);
#5022=ORIENTED_EDGE('',*,*,#3761,.T.);
#5023=ORIENTED_EDGE('',*,*,#3762,.F.);
#5024=ORIENTED_EDGE('',*,*,#3763,.F.);
#5025=ORIENTED_EDGE('',*,*,#3764,.F.);
#5026=ORIENTED_EDGE('',*,*,#3765,.T.);
#5027=ORIENTED_EDGE('',*,*,#3766,.T.);
#5028=ORIENTED_EDGE('',*,*,#3767,.F.);
#5029=ORIENTED_EDGE('',*,*,#3296,.F.);
#5030=ORIENTED_EDGE('',*,*,#3152,.F.);
#5031=ORIENTED_EDGE('',*,*,#3287,.T.);
#5032=ORIENTED_EDGE('',*,*,#3768,.F.);
#5033=ORIENTED_EDGE('',*,*,#3284,.F.);
#5034=ORIENTED_EDGE('',*,*,#3184,.F.);
#5035=ORIENTED_EDGE('',*,*,#3275,.T.);
#5036=ORIENTED_EDGE('',*,*,#3769,.T.);
#5037=ORIENTED_EDGE('',*,*,#3708,.T.);
#5038=ORIENTED_EDGE('',*,*,#3770,.T.);
#5039=ORIENTED_EDGE('',*,*,#3525,.T.);
#5040=ORIENTED_EDGE('',*,*,#3771,.T.);
#5041=ORIENTED_EDGE('',*,*,#3744,.T.);
#5042=ORIENTED_EDGE('',*,*,#3772,.T.);
#5043=ORIENTED_EDGE('',*,*,#3773,.T.);
#5044=ORIENTED_EDGE('',*,*,#3774,.T.);
#5045=ORIENTED_EDGE('',*,*,#3668,.T.);
#5046=ORIENTED_EDGE('',*,*,#3775,.T.);
#5047=ORIENTED_EDGE('',*,*,#3684,.T.);
#5048=ORIENTED_EDGE('',*,*,#3111,.T.);
#5049=ORIENTED_EDGE('',*,*,#3547,.T.);
#5050=ORIENTED_EDGE('',*,*,#3776,.T.);
#5051=ORIENTED_EDGE('',*,*,#3481,.T.);
#5052=ORIENTED_EDGE('',*,*,#3777,.T.);
#5053=ORIENTED_EDGE('',*,*,#3754,.T.);
#5054=ORIENTED_EDGE('',*,*,#3778,.T.);
#5055=ORIENTED_EDGE('',*,*,#3779,.T.);
#5056=ORIENTED_EDGE('',*,*,#3780,.T.);
#5057=ORIENTED_EDGE('',*,*,#3624,.T.);
#5058=ORIENTED_EDGE('',*,*,#3781,.T.);
#5059=ORIENTED_EDGE('',*,*,#3749,.T.);
#5060=ORIENTED_EDGE('',*,*,#3782,.T.);
#5061=ORIENTED_EDGE('',*,*,#3783,.T.);
#5062=ORIENTED_EDGE('',*,*,#3784,.T.);
#5063=ORIENTED_EDGE('',*,*,#3646,.T.);
#5064=ORIENTED_EDGE('',*,*,#3785,.T.);
#5065=ORIENTED_EDGE('',*,*,#3503,.T.);
#5066=ORIENTED_EDGE('',*,*,#3786,.T.);
#5067=ORIENTED_EDGE('',*,*,#3552,.T.);
#5068=ORIENTED_EDGE('',*,*,#3787,.T.);
#5069=ORIENTED_EDGE('',*,*,#3596,.T.);
#5070=ORIENTED_EDGE('',*,*,#3764,.T.);
#5071=ORIENTED_EDGE('',*,*,#3788,.T.);
#5072=ORIENTED_EDGE('',*,*,#3789,.T.);
#5073=ORIENTED_EDGE('',*,*,#3790,.T.);
#5074=ORIENTED_EDGE('',*,*,#3791,.T.);
#5075=ORIENTED_EDGE('',*,*,#3759,.T.);
#5076=ORIENTED_EDGE('',*,*,#3792,.T.);
#5077=ORIENTED_EDGE('',*,*,#3793,.T.);
#5078=ORIENTED_EDGE('',*,*,#3794,.T.);
#5079=ORIENTED_EDGE('',*,*,#3595,.T.);
#5080=ORIENTED_EDGE('',*,*,#3795,.T.);
#5081=ORIENTED_EDGE('',*,*,#3458,.T.);
#5082=ORIENTED_EDGE('',*,*,#3272,.T.);
#5083=ORIENTED_EDGE('',*,*,#3734,.F.);
#5084=ORIENTED_EDGE('',*,*,#3374,.T.);
#5085=ORIENTED_EDGE('',*,*,#3796,.F.);
#5086=ORIENTED_EDGE('',*,*,#3274,.T.);
#5087=ORIENTED_EDGE('',*,*,#3797,.T.);
#5088=ORIENTED_EDGE('',*,*,#3367,.T.);
#5089=ORIENTED_EDGE('',*,*,#3710,.F.);
#5090=ORIENTED_EDGE('',*,*,#3769,.F.);
#5091=ORIENTED_EDGE('',*,*,#3273,.T.);
#5092=ORIENTED_EDGE('',*,*,#3796,.T.);
#5093=ORIENTED_EDGE('',*,*,#3377,.T.);
#5094=ORIENTED_EDGE('',*,*,#3797,.F.);
#5095=ORIENTED_EDGE('',*,*,#3265,.T.);
#5096=ORIENTED_EDGE('',*,*,#3798,.T.);
#5097=ORIENTED_EDGE('',*,*,#3345,.T.);
#5098=ORIENTED_EDGE('',*,*,#3348,.T.);
#5099=ORIENTED_EDGE('',*,*,#3799,.F.);
#5100=ORIENTED_EDGE('',*,*,#3264,.T.);
#5101=ORIENTED_EDGE('',*,*,#3738,.F.);
#5102=ORIENTED_EDGE('',*,*,#3340,.T.);
#5103=ORIENTED_EDGE('',*,*,#3798,.F.);
#5104=ORIENTED_EDGE('',*,*,#3266,.T.);
#5105=ORIENTED_EDGE('',*,*,#3799,.T.);
#5106=ORIENTED_EDGE('',*,*,#3349,.T.);
#5107=ORIENTED_EDGE('',*,*,#3698,.F.);
#5108=ORIENTED_EDGE('',*,*,#3737,.F.);
#5109=ORIENTED_EDGE('',*,*,#3324,.F.);
#5110=ORIENTED_EDGE('',*,*,#3321,.T.);
#5111=ORIENTED_EDGE('',*,*,#3800,.F.);
#5112=ORIENTED_EDGE('',*,*,#3256,.T.);
#5113=ORIENTED_EDGE('',*,*,#3258,.T.);
#5114=ORIENTED_EDGE('',*,*,#3801,.T.);
#5115=ORIENTED_EDGE('',*,*,#3315,.T.);
#5116=ORIENTED_EDGE('',*,*,#3688,.F.);
#5117=ORIENTED_EDGE('',*,*,#3741,.F.);
#5118=ORIENTED_EDGE('',*,*,#3257,.T.);
#5119=ORIENTED_EDGE('',*,*,#3800,.T.);
#5120=ORIENTED_EDGE('',*,*,#3311,.T.);
#5121=ORIENTED_EDGE('',*,*,#3801,.F.);
#5122=ORIENTED_EDGE('',*,*,#3260,.T.);
#5123=ORIENTED_EDGE('',*,*,#3740,.F.);
#5124=ORIENTED_EDGE('',*,*,#3335,.T.);
#5125=ORIENTED_EDGE('',*,*,#3802,.F.);
#5126=ORIENTED_EDGE('',*,*,#3262,.T.);
#5127=ORIENTED_EDGE('',*,*,#3803,.T.);
#5128=ORIENTED_EDGE('',*,*,#3328,.T.);
#5129=ORIENTED_EDGE('',*,*,#3726,.F.);
#5130=ORIENTED_EDGE('',*,*,#3739,.F.);
#5131=ORIENTED_EDGE('',*,*,#3261,.T.);
#5132=ORIENTED_EDGE('',*,*,#3802,.T.);
#5133=ORIENTED_EDGE('',*,*,#3338,.T.);
#5134=ORIENTED_EDGE('',*,*,#3803,.F.);
#5135=ORIENTED_EDGE('',*,*,#3268,.T.);
#5136=ORIENTED_EDGE('',*,*,#3736,.F.);
#5137=ORIENTED_EDGE('',*,*,#3362,.T.);
#5138=ORIENTED_EDGE('',*,*,#3804,.F.);
#5139=ORIENTED_EDGE('',*,*,#3270,.T.);
#5140=ORIENTED_EDGE('',*,*,#3805,.T.);
#5141=ORIENTED_EDGE('',*,*,#3355,.T.);
#5142=ORIENTED_EDGE('',*,*,#3717,.F.);
#5143=ORIENTED_EDGE('',*,*,#3735,.F.);
#5144=ORIENTED_EDGE('',*,*,#3269,.T.);
#5145=ORIENTED_EDGE('',*,*,#3804,.T.);
#5146=ORIENTED_EDGE('',*,*,#3365,.T.);
#5147=ORIENTED_EDGE('',*,*,#3805,.F.);
#5148=ORIENTED_EDGE('',*,*,#3238,.F.);
#5149=ORIENTED_EDGE('',*,*,#3806,.T.);
#5150=ORIENTED_EDGE('',*,*,#3445,.F.);
#5151=ORIENTED_EDGE('',*,*,#3807,.F.);
#5152=ORIENTED_EDGE('',*,*,#3236,.F.);
#5153=ORIENTED_EDGE('',*,*,#3808,.F.);
#5154=ORIENTED_EDGE('',*,*,#3809,.T.);
#5155=ORIENTED_EDGE('',*,*,#3439,.F.);
#5156=ORIENTED_EDGE('',*,*,#3810,.F.);
#5157=ORIENTED_EDGE('',*,*,#3237,.F.);
#5158=ORIENTED_EDGE('',*,*,#3810,.T.);
#5159=ORIENTED_EDGE('',*,*,#3436,.F.);
#5160=ORIENTED_EDGE('',*,*,#3806,.F.);
#5161=ORIENTED_EDGE('',*,*,#3807,.T.);
#5162=ORIENTED_EDGE('',*,*,#3442,.T.);
#5163=ORIENTED_EDGE('',*,*,#3811,.T.);
#5164=ORIENTED_EDGE('',*,*,#3812,.T.);
#5165=ORIENTED_EDGE('',*,*,#3813,.T.);
#5166=ORIENTED_EDGE('',*,*,#3814,.T.);
#5167=ORIENTED_EDGE('',*,*,#3808,.T.);
#5168=ORIENTED_EDGE('',*,*,#3235,.T.);
#5169=ORIENTED_EDGE('',*,*,#3187,.T.);
#5170=ORIENTED_EDGE('',*,*,#3300,.T.);
#5171=ORIENTED_EDGE('',*,*,#3815,.F.);
#5172=ORIENTED_EDGE('',*,*,#3303,.F.);
#5173=ORIENTED_EDGE('',*,*,#3155,.T.);
#5174=ORIENTED_EDGE('',*,*,#3307,.T.);
#5175=ORIENTED_EDGE('',*,*,#3816,.F.);
#5176=ORIENTED_EDGE('',*,*,#3817,.F.);
#5177=ORIENTED_EDGE('',*,*,#3818,.F.);
#5178=ORIENTED_EDGE('',*,*,#3789,.F.);
#5179=ORIENTED_EDGE('',*,*,#3819,.T.);
#5180=ORIENTED_EDGE('',*,*,#3820,.F.);
#5181=ORIENTED_EDGE('',*,*,#3821,.F.);
#5182=ORIENTED_EDGE('',*,*,#3822,.F.);
#5183=ORIENTED_EDGE('',*,*,#3793,.F.);
#5184=ORIENTED_EDGE('',*,*,#3823,.T.);
#5185=ORIENTED_EDGE('',*,*,#3824,.F.);
#5186=ORIENTED_EDGE('',*,*,#3825,.F.);
#5187=ORIENTED_EDGE('',*,*,#3826,.F.);
#5188=ORIENTED_EDGE('',*,*,#3779,.F.);
#5189=ORIENTED_EDGE('',*,*,#3827,.T.);
#5190=ORIENTED_EDGE('',*,*,#3828,.F.);
#5191=ORIENTED_EDGE('',*,*,#3829,.F.);
#5192=ORIENTED_EDGE('',*,*,#3830,.F.);
#5193=ORIENTED_EDGE('',*,*,#3783,.F.);
#5194=ORIENTED_EDGE('',*,*,#3831,.T.);
#5195=ORIENTED_EDGE('',*,*,#3832,.F.);
#5196=ORIENTED_EDGE('',*,*,#3833,.F.);
#5197=ORIENTED_EDGE('',*,*,#3834,.F.);
#5198=ORIENTED_EDGE('',*,*,#3773,.F.);
#5199=ORIENTED_EDGE('',*,*,#3835,.T.);
#5200=ORIENTED_EDGE('',*,*,#3836,.F.);
#5201=ORIENTED_EDGE('',*,*,#3391,.F.);
#5202=ORIENTED_EDGE('',*,*,#3387,.T.);
#5203=ORIENTED_EDGE('',*,*,#3837,.T.);
#5204=ORIENTED_EDGE('',*,*,#3838,.T.);
#5205=ORIENTED_EDGE('',*,*,#3839,.T.);
#5206=ORIENTED_EDGE('',*,*,#3840,.T.);
#5207=ORIENTED_EDGE('',*,*,#3841,.T.);
#5208=ORIENTED_EDGE('',*,*,#3251,.T.);
#5209=ORIENTED_EDGE('',*,*,#3842,.T.);
#5210=ORIENTED_EDGE('',*,*,#3403,.T.);
#5211=ORIENTED_EDGE('',*,*,#3843,.T.);
#5212=ORIENTED_EDGE('',*,*,#3844,.T.);
#5213=ORIENTED_EDGE('',*,*,#3845,.T.);
#5214=ORIENTED_EDGE('',*,*,#3846,.T.);
#5215=ORIENTED_EDGE('',*,*,#3847,.T.);
#5216=ORIENTED_EDGE('',*,*,#3247,.T.);
#5217=ORIENTED_EDGE('',*,*,#3848,.T.);
#5218=ORIENTED_EDGE('',*,*,#3417,.T.);
#5219=ORIENTED_EDGE('',*,*,#3849,.T.);
#5220=ORIENTED_EDGE('',*,*,#3850,.T.);
#5221=ORIENTED_EDGE('',*,*,#3851,.T.);
#5222=ORIENTED_EDGE('',*,*,#3852,.T.);
#5223=ORIENTED_EDGE('',*,*,#3853,.T.);
#5224=ORIENTED_EDGE('',*,*,#3243,.T.);
#5225=ORIENTED_EDGE('',*,*,#3854,.T.);
#5226=ORIENTED_EDGE('',*,*,#3430,.T.);
#5227=ORIENTED_EDGE('',*,*,#3855,.T.);
#5228=ORIENTED_EDGE('',*,*,#3856,.T.);
#5229=ORIENTED_EDGE('',*,*,#3857,.T.);
#5230=ORIENTED_EDGE('',*,*,#3858,.T.);
#5231=ORIENTED_EDGE('',*,*,#3859,.T.);
#5232=ORIENTED_EDGE('',*,*,#3239,.T.);
#5233=ORIENTED_EDGE('',*,*,#3325,.F.);
#5234=ORIENTED_EDGE('',*,*,#3254,.F.);
#5235=ORIENTED_EDGE('',*,*,#3860,.T.);
#5236=ORIENTED_EDGE('',*,*,#3390,.F.);
#5237=ORIENTED_EDGE('',*,*,#3252,.F.);
#5238=ORIENTED_EDGE('',*,*,#3841,.F.);
#5239=ORIENTED_EDGE('',*,*,#3861,.T.);
#5240=ORIENTED_EDGE('',*,*,#3384,.F.);
#5241=ORIENTED_EDGE('',*,*,#3862,.F.);
#5242=ORIENTED_EDGE('',*,*,#3253,.F.);
#5243=ORIENTED_EDGE('',*,*,#3862,.T.);
#5244=ORIENTED_EDGE('',*,*,#3381,.F.);
#5245=ORIENTED_EDGE('',*,*,#3860,.F.);
#5246=ORIENTED_EDGE('',*,*,#3242,.F.);
#5247=ORIENTED_EDGE('',*,*,#3863,.T.);
#5248=ORIENTED_EDGE('',*,*,#3433,.F.);
#5249=ORIENTED_EDGE('',*,*,#3854,.F.);
#5250=ORIENTED_EDGE('',*,*,#3240,.F.);
#5251=ORIENTED_EDGE('',*,*,#3859,.F.);
#5252=ORIENTED_EDGE('',*,*,#3864,.T.);
#5253=ORIENTED_EDGE('',*,*,#3427,.F.);
#5254=ORIENTED_EDGE('',*,*,#3865,.F.);
#5255=ORIENTED_EDGE('',*,*,#3241,.F.);
#5256=ORIENTED_EDGE('',*,*,#3865,.T.);
#5257=ORIENTED_EDGE('',*,*,#3424,.F.);
#5258=ORIENTED_EDGE('',*,*,#3863,.F.);
#5259=ORIENTED_EDGE('',*,*,#3250,.F.);
#5260=ORIENTED_EDGE('',*,*,#3866,.T.);
#5261=ORIENTED_EDGE('',*,*,#3406,.F.);
#5262=ORIENTED_EDGE('',*,*,#3842,.F.);
#5263=ORIENTED_EDGE('',*,*,#3248,.F.);
#5264=ORIENTED_EDGE('',*,*,#3847,.F.);
#5265=ORIENTED_EDGE('',*,*,#3867,.T.);
#5266=ORIENTED_EDGE('',*,*,#3400,.F.);
#5267=ORIENTED_EDGE('',*,*,#3868,.F.);
#5268=ORIENTED_EDGE('',*,*,#3249,.F.);
#5269=ORIENTED_EDGE('',*,*,#3868,.T.);
#5270=ORIENTED_EDGE('',*,*,#3397,.F.);
#5271=ORIENTED_EDGE('',*,*,#3866,.F.);
#5272=ORIENTED_EDGE('',*,*,#3869,.T.);
#5273=ORIENTED_EDGE('',*,*,#3870,.T.);
#5274=ORIENTED_EDGE('',*,*,#3416,.F.);
#5275=ORIENTED_EDGE('',*,*,#3871,.F.);
#5276=ORIENTED_EDGE('',*,*,#3245,.F.);
#5277=ORIENTED_EDGE('',*,*,#3872,.T.);
#5278=ORIENTED_EDGE('',*,*,#3410,.F.);
#5279=ORIENTED_EDGE('',*,*,#3409,.F.);
#5280=ORIENTED_EDGE('',*,*,#3873,.F.);
#5281=ORIENTED_EDGE('',*,*,#3246,.F.);
#5282=ORIENTED_EDGE('',*,*,#3873,.T.);
#5283=ORIENTED_EDGE('',*,*,#3421,.F.);
#5284=ORIENTED_EDGE('',*,*,#3848,.F.);
#5285=ORIENTED_EDGE('',*,*,#3244,.F.);
#5286=ORIENTED_EDGE('',*,*,#3853,.F.);
#5287=ORIENTED_EDGE('',*,*,#3871,.T.);
#5288=ORIENTED_EDGE('',*,*,#3413,.F.);
#5289=ORIENTED_EDGE('',*,*,#3872,.F.);
#5290=ORIENTED_EDGE('',*,*,#3762,.T.);
#5291=ORIENTED_EDGE('',*,*,#3874,.T.);
#5292=ORIENTED_EDGE('',*,*,#3820,.T.);
#5293=ORIENTED_EDGE('',*,*,#3875,.T.);
#5294=ORIENTED_EDGE('',*,*,#3570,.T.);
#5295=ORIENTED_EDGE('',*,*,#3441,.T.);
#5296=ORIENTED_EDGE('',*,*,#3572,.T.);
#5297=ORIENTED_EDGE('',*,*,#3372,.T.);
#5298=ORIENTED_EDGE('',*,*,#3757,.T.);
#5299=ORIENTED_EDGE('',*,*,#3876,.T.);
#5300=ORIENTED_EDGE('',*,*,#3824,.T.);
#5301=ORIENTED_EDGE('',*,*,#3877,.T.);
#5302=ORIENTED_EDGE('',*,*,#3562,.T.);
#5303=ORIENTED_EDGE('',*,*,#3429,.T.);
#5304=ORIENTED_EDGE('',*,*,#3564,.T.);
#5305=ORIENTED_EDGE('',*,*,#3360,.T.);
#5306=ORIENTED_EDGE('',*,*,#3747,.T.);
#5307=ORIENTED_EDGE('',*,*,#3878,.T.);
#5308=ORIENTED_EDGE('',*,*,#3832,.T.);
#5309=ORIENTED_EDGE('',*,*,#3879,.T.);
#5310=ORIENTED_EDGE('',*,*,#3566,.T.);
#5311=ORIENTED_EDGE('',*,*,#3402,.T.);
#5312=ORIENTED_EDGE('',*,*,#3568,.T.);
#5313=ORIENTED_EDGE('',*,*,#3333,.T.);
#5314=ORIENTED_EDGE('',*,*,#3822,.T.);
#5315=ORIENTED_EDGE('',*,*,#3880,.T.);
#5316=ORIENTED_EDGE('',*,*,#3760,.T.);
#5317=ORIENTED_EDGE('',*,*,#3881,.F.);
#5318=ORIENTED_EDGE('',*,*,#3587,.F.);
#5319=ORIENTED_EDGE('',*,*,#3882,.T.);
#5320=ORIENTED_EDGE('',*,*,#3457,.T.);
#5321=ORIENTED_EDGE('',*,*,#3883,.F.);
#5322=ORIENTED_EDGE('',*,*,#3578,.F.);
#5323=ORIENTED_EDGE('',*,*,#3883,.T.);
#5324=ORIENTED_EDGE('',*,*,#3454,.T.);
#5325=ORIENTED_EDGE('',*,*,#3453,.T.);
#5326=ORIENTED_EDGE('',*,*,#3786,.F.);
#5327=ORIENTED_EDGE('',*,*,#3579,.F.);
#5328=ORIENTED_EDGE('',*,*,#3584,.F.);
#5329=ORIENTED_EDGE('',*,*,#3794,.F.);
#5330=ORIENTED_EDGE('',*,*,#3881,.T.);
#5331=ORIENTED_EDGE('',*,*,#3791,.F.);
#5332=ORIENTED_EDGE('',*,*,#3448,.T.);
#5333=ORIENTED_EDGE('',*,*,#3882,.F.);
#5334=ORIENTED_EDGE('',*,*,#3676,.F.);
#5335=ORIENTED_EDGE('',*,*,#3775,.F.);
#5336=ORIENTED_EDGE('',*,*,#3543,.T.);
#5337=ORIENTED_EDGE('',*,*,#3884,.F.);
#5338=ORIENTED_EDGE('',*,*,#3681,.F.);
#5339=ORIENTED_EDGE('',*,*,#3884,.T.);
#5340=ORIENTED_EDGE('',*,*,#3540,.T.);
#5341=ORIENTED_EDGE('',*,*,#3885,.F.);
#5342=ORIENTED_EDGE('',*,*,#3672,.F.);
#5343=ORIENTED_EDGE('',*,*,#3885,.T.);
#5344=ORIENTED_EDGE('',*,*,#3536,.T.);
#5345=ORIENTED_EDGE('',*,*,#3539,.T.);
#5346=ORIENTED_EDGE('',*,*,#3770,.F.);
#5347=ORIENTED_EDGE('',*,*,#3673,.F.);
#5348=ORIENTED_EDGE('',*,*,#3826,.T.);
#5349=ORIENTED_EDGE('',*,*,#3886,.T.);
#5350=ORIENTED_EDGE('',*,*,#3755,.T.);
#5351=ORIENTED_EDGE('',*,*,#3887,.F.);
#5352=ORIENTED_EDGE('',*,*,#3616,.F.);
#5353=ORIENTED_EDGE('',*,*,#3888,.T.);
#5354=ORIENTED_EDGE('',*,*,#3480,.T.);
#5355=ORIENTED_EDGE('',*,*,#3889,.F.);
#5356=ORIENTED_EDGE('',*,*,#3608,.F.);
#5357=ORIENTED_EDGE('',*,*,#3889,.T.);
#5358=ORIENTED_EDGE('',*,*,#3477,.T.);
#5359=ORIENTED_EDGE('',*,*,#3476,.T.);
#5360=ORIENTED_EDGE('',*,*,#3795,.F.);
#5361=ORIENTED_EDGE('',*,*,#3609,.F.);
#5362=ORIENTED_EDGE('',*,*,#3613,.F.);
#5363=ORIENTED_EDGE('',*,*,#3780,.F.);
#5364=ORIENTED_EDGE('',*,*,#3887,.T.);
#5365=ORIENTED_EDGE('',*,*,#3777,.F.);
#5366=ORIENTED_EDGE('',*,*,#3472,.T.);
#5367=ORIENTED_EDGE('',*,*,#3888,.F.);
#5368=ORIENTED_EDGE('',*,*,#3834,.T.);
#5369=ORIENTED_EDGE('',*,*,#3890,.T.);
#5370=ORIENTED_EDGE('',*,*,#3745,.T.);
#5371=ORIENTED_EDGE('',*,*,#3891,.F.);
#5372=ORIENTED_EDGE('',*,*,#3660,.F.);
#5373=ORIENTED_EDGE('',*,*,#3892,.T.);
#5374=ORIENTED_EDGE('',*,*,#3524,.T.);
#5375=ORIENTED_EDGE('',*,*,#3893,.F.);
#5376=ORIENTED_EDGE('',*,*,#3652,.F.);
#5377=ORIENTED_EDGE('',*,*,#3893,.T.);
#5378=ORIENTED_EDGE('',*,*,#3521,.T.);
#5379=ORIENTED_EDGE('',*,*,#3520,.T.);
#5380=ORIENTED_EDGE('',*,*,#3785,.F.);
#5381=ORIENTED_EDGE('',*,*,#3653,.F.);
#5382=ORIENTED_EDGE('',*,*,#3657,.F.);
#5383=ORIENTED_EDGE('',*,*,#3774,.F.);
#5384=ORIENTED_EDGE('',*,*,#3891,.T.);
#5385=ORIENTED_EDGE('',*,*,#3771,.F.);
#5386=ORIENTED_EDGE('',*,*,#3516,.T.);
#5387=ORIENTED_EDGE('',*,*,#3892,.F.);
#5388=ORIENTED_EDGE('',*,*,#3830,.T.);
#5389=ORIENTED_EDGE('',*,*,#3894,.T.);
#5390=ORIENTED_EDGE('',*,*,#3750,.T.);
#5391=ORIENTED_EDGE('',*,*,#3895,.F.);
#5392=ORIENTED_EDGE('',*,*,#3638,.F.);
#5393=ORIENTED_EDGE('',*,*,#3896,.T.);
#5394=ORIENTED_EDGE('',*,*,#3502,.T.);
#5395=ORIENTED_EDGE('',*,*,#3897,.F.);
#5396=ORIENTED_EDGE('',*,*,#3630,.F.);
#5397=ORIENTED_EDGE('',*,*,#3897,.T.);
#5398=ORIENTED_EDGE('',*,*,#3499,.T.);
#5399=ORIENTED_EDGE('',*,*,#3498,.T.);
#5400=ORIENTED_EDGE('',*,*,#3776,.F.);
#5401=ORIENTED_EDGE('',*,*,#3631,.F.);
#5402=ORIENTED_EDGE('',*,*,#3635,.F.);
#5403=ORIENTED_EDGE('',*,*,#3784,.F.);
#5404=ORIENTED_EDGE('',*,*,#3895,.T.);
#5405=ORIENTED_EDGE('',*,*,#3781,.F.);
#5406=ORIENTED_EDGE('',*,*,#3494,.T.);
#5407=ORIENTED_EDGE('',*,*,#3896,.F.);
#5408=ORIENTED_EDGE('',*,*,#3619,.F.);
#5409=ORIENTED_EDGE('',*,*,#3898,.T.);
#5410=ORIENTED_EDGE('',*,*,#3849,.F.);
#5411=ORIENTED_EDGE('',*,*,#3870,.F.);
#5412=ORIENTED_EDGE('',*,*,#3899,.F.);
#5413=ORIENTED_EDGE('',*,*,#3618,.F.);
#5414=ORIENTED_EDGE('',*,*,#3900,.T.);
#5415=ORIENTED_EDGE('',*,*,#3850,.F.);
#5416=ORIENTED_EDGE('',*,*,#3898,.F.);
#5417=ORIENTED_EDGE('',*,*,#3626,.F.);
#5418=ORIENTED_EDGE('',*,*,#3901,.T.);
#5419=ORIENTED_EDGE('',*,*,#3851,.F.);
#5420=ORIENTED_EDGE('',*,*,#3900,.F.);
#5421=ORIENTED_EDGE('',*,*,#3620,.F.);
#5422=ORIENTED_EDGE('',*,*,#3899,.T.);
#5423=ORIENTED_EDGE('',*,*,#3869,.F.);
#5424=ORIENTED_EDGE('',*,*,#3852,.F.);
#5425=ORIENTED_EDGE('',*,*,#3901,.F.);
#5426=ORIENTED_EDGE('',*,*,#3590,.F.);
#5427=ORIENTED_EDGE('',*,*,#3902,.T.);
#5428=ORIENTED_EDGE('',*,*,#3855,.F.);
#5429=ORIENTED_EDGE('',*,*,#3864,.F.);
#5430=ORIENTED_EDGE('',*,*,#3903,.F.);
#5431=ORIENTED_EDGE('',*,*,#3589,.F.);
#5432=ORIENTED_EDGE('',*,*,#3904,.T.);
#5433=ORIENTED_EDGE('',*,*,#3856,.F.);
#5434=ORIENTED_EDGE('',*,*,#3902,.F.);
#5435=ORIENTED_EDGE('',*,*,#3604,.F.);
#5436=ORIENTED_EDGE('',*,*,#3905,.T.);
#5437=ORIENTED_EDGE('',*,*,#3857,.F.);
#5438=ORIENTED_EDGE('',*,*,#3904,.F.);
#5439=ORIENTED_EDGE('',*,*,#3591,.F.);
#5440=ORIENTED_EDGE('',*,*,#3903,.T.);
#5441=ORIENTED_EDGE('',*,*,#3858,.F.);
#5442=ORIENTED_EDGE('',*,*,#3905,.F.);
#5443=ORIENTED_EDGE('',*,*,#3641,.F.);
#5444=ORIENTED_EDGE('',*,*,#3906,.T.);
#5445=ORIENTED_EDGE('',*,*,#3843,.F.);
#5446=ORIENTED_EDGE('',*,*,#3867,.F.);
#5447=ORIENTED_EDGE('',*,*,#3907,.F.);
#5448=ORIENTED_EDGE('',*,*,#3640,.F.);
#5449=ORIENTED_EDGE('',*,*,#3908,.T.);
#5450=ORIENTED_EDGE('',*,*,#3844,.F.);
#5451=ORIENTED_EDGE('',*,*,#3906,.F.);
#5452=ORIENTED_EDGE('',*,*,#3648,.F.);
#5453=ORIENTED_EDGE('',*,*,#3909,.T.);
#5454=ORIENTED_EDGE('',*,*,#3845,.F.);
#5455=ORIENTED_EDGE('',*,*,#3908,.F.);
#5456=ORIENTED_EDGE('',*,*,#3642,.F.);
#5457=ORIENTED_EDGE('',*,*,#3907,.T.);
#5458=ORIENTED_EDGE('',*,*,#3846,.F.);
#5459=ORIENTED_EDGE('',*,*,#3909,.F.);
#5460=ORIENTED_EDGE('',*,*,#3599,.F.);
#5461=ORIENTED_EDGE('',*,*,#3910,.T.);
#5462=ORIENTED_EDGE('',*,*,#3814,.F.);
#5463=ORIENTED_EDGE('',*,*,#3911,.F.);
#5464=ORIENTED_EDGE('',*,*,#3602,.F.);
#5465=ORIENTED_EDGE('',*,*,#3912,.T.);
#5466=ORIENTED_EDGE('',*,*,#3811,.F.);
#5467=ORIENTED_EDGE('',*,*,#3809,.F.);
#5468=ORIENTED_EDGE('',*,*,#3910,.F.);
#5469=ORIENTED_EDGE('',*,*,#3601,.F.);
#5470=ORIENTED_EDGE('',*,*,#3913,.T.);
#5471=ORIENTED_EDGE('',*,*,#3812,.F.);
#5472=ORIENTED_EDGE('',*,*,#3912,.F.);
#5473=ORIENTED_EDGE('',*,*,#3600,.F.);
#5474=ORIENTED_EDGE('',*,*,#3911,.T.);
#5475=ORIENTED_EDGE('',*,*,#3813,.F.);
#5476=ORIENTED_EDGE('',*,*,#3913,.F.);
#5477=ORIENTED_EDGE('',*,*,#3663,.F.);
#5478=ORIENTED_EDGE('',*,*,#3914,.T.);
#5479=ORIENTED_EDGE('',*,*,#3837,.F.);
#5480=ORIENTED_EDGE('',*,*,#3861,.F.);
#5481=ORIENTED_EDGE('',*,*,#3915,.F.);
#5482=ORIENTED_EDGE('',*,*,#3662,.F.);
#5483=ORIENTED_EDGE('',*,*,#3916,.T.);
#5484=ORIENTED_EDGE('',*,*,#3838,.F.);
#5485=ORIENTED_EDGE('',*,*,#3914,.F.);
#5486=ORIENTED_EDGE('',*,*,#3670,.F.);
#5487=ORIENTED_EDGE('',*,*,#3917,.T.);
#5488=ORIENTED_EDGE('',*,*,#3839,.F.);
#5489=ORIENTED_EDGE('',*,*,#3916,.F.);
#5490=ORIENTED_EDGE('',*,*,#3664,.F.);
#5491=ORIENTED_EDGE('',*,*,#3915,.T.);
#5492=ORIENTED_EDGE('',*,*,#3840,.F.);
#5493=ORIENTED_EDGE('',*,*,#3917,.F.);
#5494=ORIENTED_EDGE('',*,*,#3778,.F.);
#5495=ORIENTED_EDGE('',*,*,#3753,.T.);
#5496=ORIENTED_EDGE('',*,*,#3918,.F.);
#5497=ORIENTED_EDGE('',*,*,#3827,.F.);
#5498=ORIENTED_EDGE('',*,*,#3886,.F.);
#5499=ORIENTED_EDGE('',*,*,#3825,.T.);
#5500=ORIENTED_EDGE('',*,*,#3876,.F.);
#5501=ORIENTED_EDGE('',*,*,#3756,.F.);
#5502=ORIENTED_EDGE('',*,*,#3782,.F.);
#5503=ORIENTED_EDGE('',*,*,#3748,.T.);
#5504=ORIENTED_EDGE('',*,*,#3879,.F.);
#5505=ORIENTED_EDGE('',*,*,#3831,.F.);
#5506=ORIENTED_EDGE('',*,*,#3894,.F.);
#5507=ORIENTED_EDGE('',*,*,#3829,.T.);
#5508=ORIENTED_EDGE('',*,*,#3919,.F.);
#5509=ORIENTED_EDGE('',*,*,#3751,.F.);
#5510=ORIENTED_EDGE('',*,*,#3792,.F.);
#5511=ORIENTED_EDGE('',*,*,#3758,.T.);
#5512=ORIENTED_EDGE('',*,*,#3877,.F.);
#5513=ORIENTED_EDGE('',*,*,#3823,.F.);
#5514=ORIENTED_EDGE('',*,*,#3880,.F.);
#5515=ORIENTED_EDGE('',*,*,#3821,.T.);
#5516=ORIENTED_EDGE('',*,*,#3874,.F.);
#5517=ORIENTED_EDGE('',*,*,#3761,.F.);
#5518=ORIENTED_EDGE('',*,*,#3772,.F.);
#5519=ORIENTED_EDGE('',*,*,#3743,.T.);
#5520=ORIENTED_EDGE('',*,*,#3920,.F.);
#5521=ORIENTED_EDGE('',*,*,#3835,.F.);
#5522=ORIENTED_EDGE('',*,*,#3890,.F.);
#5523=ORIENTED_EDGE('',*,*,#3833,.T.);
#5524=ORIENTED_EDGE('',*,*,#3878,.F.);
#5525=ORIENTED_EDGE('',*,*,#3746,.F.);
#5526=ORIENTED_EDGE('',*,*,#3790,.F.);
#5527=ORIENTED_EDGE('',*,*,#3818,.T.);
#5528=ORIENTED_EDGE('',*,*,#3921,.F.);
#5529=ORIENTED_EDGE('',*,*,#3765,.F.);
#5530=ORIENTED_EDGE('',*,*,#3788,.F.);
#5531=ORIENTED_EDGE('',*,*,#3763,.T.);
#5532=ORIENTED_EDGE('',*,*,#3875,.F.);
#5533=ORIENTED_EDGE('',*,*,#3819,.F.);
#5534=ORIENTED_EDGE('',*,*,#3921,.T.);
#5535=ORIENTED_EDGE('',*,*,#3817,.T.);
#5536=ORIENTED_EDGE('',*,*,#3922,.F.);
#5537=ORIENTED_EDGE('',*,*,#3309,.F.);
#5538=ORIENTED_EDGE('',*,*,#3923,.T.);
#5539=ORIENTED_EDGE('',*,*,#3292,.T.);
#5540=ORIENTED_EDGE('',*,*,#3924,.F.);
#5541=ORIENTED_EDGE('',*,*,#3288,.F.);
#5542=ORIENTED_EDGE('',*,*,#3158,.T.);
#5543=ORIENTED_EDGE('',*,*,#3295,.T.);
#5544=ORIENTED_EDGE('',*,*,#3925,.F.);
#5545=ORIENTED_EDGE('',*,*,#3766,.F.);
#5546=ORIENTED_EDGE('',*,*,#3386,.T.);
#5547=ORIENTED_EDGE('',*,*,#3392,.T.);
#5548=ORIENTED_EDGE('',*,*,#3836,.T.);
#5549=ORIENTED_EDGE('',*,*,#3920,.T.);
#5550=ORIENTED_EDGE('',*,*,#3742,.T.);
#5551=ORIENTED_EDGE('',*,*,#3393,.T.);
#5552=ORIENTED_EDGE('',*,*,#3319,.T.);
#5553=ORIENTED_EDGE('',*,*,#3574,.T.);
#5554=ORIENTED_EDGE('',*,*,#3752,.T.);
#5555=ORIENTED_EDGE('',*,*,#3919,.T.);
#5556=ORIENTED_EDGE('',*,*,#3828,.T.);
#5557=ORIENTED_EDGE('',*,*,#3918,.T.);
#5558=ORIENTED_EDGE('',*,*,#3558,.T.);
#5559=ORIENTED_EDGE('',*,*,#3415,.T.);
#5560=ORIENTED_EDGE('',*,*,#3560,.T.);
#5561=ORIENTED_EDGE('',*,*,#3353,.T.);
#5562=ORIENTED_EDGE('',*,*,#3130,.T.);
#5563=ORIENTED_EDGE('',*,*,#3290,.T.);
#5564=ORIENTED_EDGE('',*,*,#3923,.F.);
#5565=ORIENTED_EDGE('',*,*,#3308,.T.);
#5566=ORIENTED_EDGE('',*,*,#3096,.T.);
#5567=ORIENTED_EDGE('',*,*,#3212,.T.);
#5568=ORIENTED_EDGE('',*,*,#3597,.T.);
#5569=ORIENTED_EDGE('',*,*,#3787,.F.);
#5570=ORIENTED_EDGE('',*,*,#3551,.F.);
#5571=ORIENTED_EDGE('',*,*,#3213,.T.);
#5572=ORIENTED_EDGE('',*,*,#3104,.T.);
#5573=ORIENTED_EDGE('',*,*,#3105,.T.);
#5574=ORIENTED_EDGE('',*,*,#3922,.T.);
#5575=ORIENTED_EDGE('',*,*,#3816,.T.);
#5576=ORIENTED_EDGE('',*,*,#3306,.T.);
#5577=ORIENTED_EDGE('',*,*,#3310,.T.);
#5578=ORIENTED_EDGE('',*,*,#3815,.T.);
#5579=ORIENTED_EDGE('',*,*,#3299,.T.);
#5580=ORIENTED_EDGE('',*,*,#3302,.T.);
#5581=ORIENTED_EDGE('',*,*,#3304,.T.);
#5582=ORIENTED_EDGE('',*,*,#3294,.T.);
#5583=ORIENTED_EDGE('',*,*,#3297,.T.);
#5584=ORIENTED_EDGE('',*,*,#3767,.T.);
#5585=ORIENTED_EDGE('',*,*,#3925,.T.);
#5586=ORIENTED_EDGE('',*,*,#3142,.T.);
#5587=ORIENTED_EDGE('',*,*,#3289,.T.);
#5588=ORIENTED_EDGE('',*,*,#3924,.T.);
#5589=ORIENTED_EDGE('',*,*,#3291,.T.);
#5590=ORIENTED_EDGE('',*,*,#3285,.T.);
#5591=ORIENTED_EDGE('',*,*,#3768,.T.);
#5592=ORIENTED_EDGE('',*,*,#3286,.T.);
#5593=ORIENTED_EDGE('',*,*,#3181,.T.);
#5594=CYLINDRICAL_SURFACE('',#5905,2.55);
#5595=CYLINDRICAL_SURFACE('',#5914,2.55);
#5596=ADVANCED_FACE('',(#325),#5594,.F.);
#5597=ADVANCED_FACE('',(#326),#92,.T.);
#5598=ADVANCED_FACE('',(#327),#93,.T.);
#5599=ADVANCED_FACE('',(#328),#94,.T.);
#5600=ADVANCED_FACE('',(#329,#75),#95,.T.);
#5601=ADVANCED_FACE('',(#330),#96,.T.);
#5602=ADVANCED_FACE('',(#331),#97,.T.);
#5603=ADVANCED_FACE('',(#332),#5595,.F.);
#5604=ADVANCED_FACE('',(#333),#98,.T.);
#5605=ADVANCED_FACE('',(#334),#99,.T.);
#5606=ADVANCED_FACE('',(#335,#76),#100,.T.);
#5607=ADVANCED_FACE('',(#336),#101,.F.);
#5608=ADVANCED_FACE('',(#337),#102,.F.);
#5609=ADVANCED_FACE('',(#338),#103,.F.);
#5610=ADVANCED_FACE('',(#339),#104,.F.);
#5611=ADVANCED_FACE('',(#340),#105,.F.);
#5612=ADVANCED_FACE('',(#341),#106,.F.);
#5613=ADVANCED_FACE('',(#342),#107,.T.);
#5614=ADVANCED_FACE('',(#343),#108,.T.);
#5615=ADVANCED_FACE('',(#344),#109,.T.);
#5616=ADVANCED_FACE('',(#345),#110,.T.);
#5617=ADVANCED_FACE('',(#346),#111,.F.);
#5618=ADVANCED_FACE('',(#347),#112,.F.);
#5619=ADVANCED_FACE('',(#348),#113,.F.);
#5620=ADVANCED_FACE('',(#349),#114,.F.);
#5621=ADVANCED_FACE('',(#350),#115,.F.);
#5622=ADVANCED_FACE('',(#351),#116,.F.);
#5623=ADVANCED_FACE('',(#352),#117,.F.);
#5624=ADVANCED_FACE('',(#353),#118,.T.);
#5625=ADVANCED_FACE('',(#354),#119,.T.);
#5626=ADVANCED_FACE('',(#355),#120,.T.);
#5627=ADVANCED_FACE('',(#356,#77,#78,#79),#121,.F.);
#5628=ADVANCED_FACE('',(#357),#122,.T.);
#5629=ADVANCED_FACE('',(#358),#123,.T.);
#5630=ADVANCED_FACE('',(#359),#124,.T.);
#5631=ADVANCED_FACE('',(#360),#125,.T.);
#5632=ADVANCED_FACE('',(#361),#126,.T.);
#5633=ADVANCED_FACE('',(#362),#127,.F.);
#5634=ADVANCED_FACE('',(#363),#128,.F.);
#5635=ADVANCED_FACE('',(#364),#129,.F.);
#5636=ADVANCED_FACE('',(#365),#130,.F.);
#5637=ADVANCED_FACE('',(#366),#131,.F.);
#5638=ADVANCED_FACE('',(#367),#132,.F.);
#5639=ADVANCED_FACE('',(#368),#133,.F.);
#5640=ADVANCED_FACE('',(#369),#134,.F.);
#5641=ADVANCED_FACE('',(#370),#135,.F.);
#5642=ADVANCED_FACE('',(#371),#136,.F.);
#5643=ADVANCED_FACE('',(#372),#137,.F.);
#5644=ADVANCED_FACE('',(#373),#15,.F.);
#5645=ADVANCED_FACE('',(#374),#16,.F.);
#5646=ADVANCED_FACE('',(#375),#138,.F.);
#5647=ADVANCED_FACE('',(#376),#17,.F.);
#5648=ADVANCED_FACE('',(#377),#139,.T.);
#5649=ADVANCED_FACE('',(#378),#18,.F.);
#5650=ADVANCED_FACE('',(#379),#140,.F.);
#5651=ADVANCED_FACE('',(#380),#19,.F.);
#5652=ADVANCED_FACE('',(#381),#20,.F.);
#5653=ADVANCED_FACE('',(#382),#21,.F.);
#5654=ADVANCED_FACE('',(#383),#22,.F.);
#5655=ADVANCED_FACE('',(#384),#23,.F.);
#5656=ADVANCED_FACE('',(#385),#141,.F.);
#5657=ADVANCED_FACE('',(#386),#24,.F.);
#5658=ADVANCED_FACE('',(#387),#142,.F.);
#5659=ADVANCED_FACE('',(#388),#25,.F.);
#5660=ADVANCED_FACE('',(#389),#26,.F.);
#5661=ADVANCED_FACE('',(#390),#27,.F.);
#5662=ADVANCED_FACE('',(#391),#143,.F.);
#5663=ADVANCED_FACE('',(#392),#28,.F.);
#5664=ADVANCED_FACE('',(#393),#29,.F.);
#5665=ADVANCED_FACE('',(#394),#30,.F.);
#5666=ADVANCED_FACE('',(#395),#31,.F.);
#5667=ADVANCED_FACE('',(#396),#144,.F.);
#5668=ADVANCED_FACE('',(#397),#32,.F.);
#5669=ADVANCED_FACE('',(#398),#145,.T.);
#5670=ADVANCED_FACE('',(#399),#146,.T.);
#5671=ADVANCED_FACE('',(#400),#33,.F.);
#5672=ADVANCED_FACE('',(#401),#34,.F.);
#5673=ADVANCED_FACE('',(#402),#147,.F.);
#5674=ADVANCED_FACE('',(#403),#35,.F.);
#5675=ADVANCED_FACE('',(#404),#36,.F.);
#5676=ADVANCED_FACE('',(#405),#37,.F.);
#5677=ADVANCED_FACE('',(#406),#148,.F.);
#5678=ADVANCED_FACE('',(#407),#38,.F.);
#5679=ADVANCED_FACE('',(#408),#39,.F.);
#5680=ADVANCED_FACE('',(#409),#40,.F.);
#5681=ADVANCED_FACE('',(#410),#149,.F.);
#5682=ADVANCED_FACE('',(#411),#41,.F.);
#5683=ADVANCED_FACE('',(#412),#42,.F.);
#5684=ADVANCED_FACE('',(#413),#43,.F.);
#5685=ADVANCED_FACE('',(#414),#150,.F.);
#5686=ADVANCED_FACE('',(#415),#44,.F.);
#5687=ADVANCED_FACE('',(#416),#45,.F.);
#5688=ADVANCED_FACE('',(#417),#46,.F.);
#5689=ADVANCED_FACE('',(#418),#47,.F.);
#5690=ADVANCED_FACE('',(#419),#151,.T.);
#5691=ADVANCED_FACE('',(#420),#152,.F.);
#5692=ADVANCED_FACE('',(#421),#153,.F.);
#5693=ADVANCED_FACE('',(#422),#154,.F.);
#5694=ADVANCED_FACE('',(#423),#48,.F.);
#5695=ADVANCED_FACE('',(#424),#49,.F.);
#5696=ADVANCED_FACE('',(#425),#50,.F.);
#5697=ADVANCED_FACE('',(#426),#155,.T.);
#5698=ADVANCED_FACE('',(#427),#156,.F.);
#5699=ADVANCED_FACE('',(#428),#157,.F.);
#5700=ADVANCED_FACE('',(#429),#158,.F.);
#5701=ADVANCED_FACE('',(#430),#51,.F.);
#5702=ADVANCED_FACE('',(#431),#52,.F.);
#5703=ADVANCED_FACE('',(#432),#53,.F.);
#5704=ADVANCED_FACE('',(#433),#159,.T.);
#5705=ADVANCED_FACE('',(#434),#160,.F.);
#5706=ADVANCED_FACE('',(#435),#161,.F.);
#5707=ADVANCED_FACE('',(#436),#162,.F.);
#5708=ADVANCED_FACE('',(#437),#54,.F.);
#5709=ADVANCED_FACE('',(#438),#55,.F.);
#5710=ADVANCED_FACE('',(#439),#56,.F.);
#5711=ADVANCED_FACE('',(#440),#163,.T.);
#5712=ADVANCED_FACE('',(#441),#164,.F.);
#5713=ADVANCED_FACE('',(#442),#165,.F.);
#5714=ADVANCED_FACE('',(#443),#166,.F.);
#5715=ADVANCED_FACE('',(#444),#57,.T.);
#5716=ADVANCED_FACE('',(#445),#58,.T.);
#5717=ADVANCED_FACE('',(#446),#59,.T.);
#5718=ADVANCED_FACE('',(#447),#167,.T.);
#5719=ADVANCED_FACE('',(#448),#168,.F.);
#5720=ADVANCED_FACE('',(#449),#169,.F.);
#5721=ADVANCED_FACE('',(#450),#170,.F.);
#5722=ADVANCED_FACE('',(#451,#80),#171,.T.);
#5723=ADVANCED_FACE('',(#452),#172,.T.);
#5724=ADVANCED_FACE('',(#453),#173,.T.);
#5725=ADVANCED_FACE('',(#454),#174,.T.);
#5726=ADVANCED_FACE('',(#455),#175,.T.);
#5727=ADVANCED_FACE('',(#456),#176,.T.);
#5728=ADVANCED_FACE('',(#457),#177,.T.);
#5729=ADVANCED_FACE('',(#458),#178,.T.);
#5730=ADVANCED_FACE('',(#459),#179,.T.);
#5731=ADVANCED_FACE('',(#460),#180,.T.);
#5732=ADVANCED_FACE('',(#461),#181,.T.);
#5733=ADVANCED_FACE('',(#462),#182,.T.);
#5734=ADVANCED_FACE('',(#463),#183,.T.);
#5735=ADVANCED_FACE('',(#464),#184,.T.);
#5736=ADVANCED_FACE('',(#465),#185,.T.);
#5737=ADVANCED_FACE('',(#466),#186,.T.);
#5738=ADVANCED_FACE('',(#467),#60,.F.);
#5739=ADVANCED_FACE('',(#468),#61,.F.);
#5740=ADVANCED_FACE('',(#469),#62,.F.);
#5741=ADVANCED_FACE('',(#470),#187,.T.);
#5742=ADVANCED_FACE('',(#471,#81),#188,.T.);
#5743=ADVANCED_FACE('',(#472),#189,.T.);
#5744=ADVANCED_FACE('',(#473),#190,.T.);
#5745=ADVANCED_FACE('',(#474),#191,.T.);
#5746=ADVANCED_FACE('',(#475),#63,.F.);
#5747=ADVANCED_FACE('',(#476),#64,.F.);
#5748=ADVANCED_FACE('',(#477),#65,.F.);
#5749=ADVANCED_FACE('',(#478),#192,.T.);
#5750=ADVANCED_FACE('',(#479),#193,.T.);
#5751=ADVANCED_FACE('',(#480),#194,.T.);
#5752=ADVANCED_FACE('',(#481),#195,.T.);
#5753=ADVANCED_FACE('',(#482),#66,.F.);
#5754=ADVANCED_FACE('',(#483),#67,.F.);
#5755=ADVANCED_FACE('',(#484),#68,.F.);
#5756=ADVANCED_FACE('',(#485),#196,.T.);
#5757=ADVANCED_FACE('',(#486),#197,.T.);
#5758=ADVANCED_FACE('',(#487),#198,.T.);
#5759=ADVANCED_FACE('',(#488),#199,.T.);
#5760=ADVANCED_FACE('',(#489),#69,.F.);
#5761=ADVANCED_FACE('',(#490),#70,.F.);
#5762=ADVANCED_FACE('',(#491),#71,.F.);
#5763=ADVANCED_FACE('',(#492),#200,.T.);
#5764=ADVANCED_FACE('',(#493),#201,.T.);
#5765=ADVANCED_FACE('',(#494),#202,.T.);
#5766=ADVANCED_FACE('',(#495),#203,.T.);
#5767=ADVANCED_FACE('',(#496),#72,.T.);
#5768=ADVANCED_FACE('',(#497),#73,.T.);
#5769=ADVANCED_FACE('',(#498),#74,.T.);
#5770=ADVANCED_FACE('',(#499),#204,.T.);
#5771=ADVANCED_FACE('',(#500),#205,.T.);
#5772=ADVANCED_FACE('',(#501),#206,.T.);
#5773=ADVANCED_FACE('',(#502),#207,.T.);
#5774=ADVANCED_FACE('',(#503),#208,.T.);
#5775=ADVANCED_FACE('',(#504),#209,.T.);
#5776=ADVANCED_FACE('',(#505),#210,.T.);
#5777=ADVANCED_FACE('',(#506),#211,.T.);
#5778=ADVANCED_FACE('',(#507),#212,.T.);
#5779=ADVANCED_FACE('',(#508),#213,.T.);
#5780=ADVANCED_FACE('',(#509),#214,.T.);
#5781=ADVANCED_FACE('',(#510),#215,.T.);
#5782=ADVANCED_FACE('',(#511),#216,.T.);
#5783=ADVANCED_FACE('',(#512),#217,.T.);
#5784=ADVANCED_FACE('',(#513),#218,.T.);
#5785=ADVANCED_FACE('',(#514),#219,.T.);
#5786=ADVANCED_FACE('',(#515),#220,.T.);
#5787=ADVANCED_FACE('',(#516),#221,.T.);
#5788=ADVANCED_FACE('',(#517),#222,.T.);
#5789=ADVANCED_FACE('',(#518),#223,.T.);
#5790=ADVANCED_FACE('',(#519),#224,.T.);
#5791=ADVANCED_FACE('',(#520),#225,.T.);
#5792=ADVANCED_FACE('',(#521),#226,.T.);
#5793=ADVANCED_FACE('',(#522),#227,.T.);
#5794=ADVANCED_FACE('',(#523),#228,.T.);
#5795=ADVANCED_FACE('',(#524),#229,.T.);
#5796=ADVANCED_FACE('',(#525),#230,.T.);
#5797=ADVANCED_FACE('',(#526),#231,.T.);
#5798=ADVANCED_FACE('',(#527),#232,.T.);
#5799=ADVANCED_FACE('',(#528),#233,.T.);
#5800=ADVANCED_FACE('',(#529,#82),#234,.T.);
#5801=ADVANCED_FACE('',(#530),#235,.T.);
#5802=ADVANCED_FACE('',(#531),#236,.F.);
#5803=ADVANCED_FACE('',(#532),#237,.F.);
#5804=ADVANCED_FACE('',(#533),#238,.F.);
#5805=ADVANCED_FACE('',(#534),#239,.F.);
#5806=ADVANCED_FACE('',(#535),#240,.F.);
#5807=ADVANCED_FACE('',(#536),#241,.F.);
#5808=ADVANCED_FACE('',(#537),#242,.F.);
#5809=ADVANCED_FACE('',(#538),#243,.F.);
#5810=ADVANCED_FACE('',(#539),#244,.F.);
#5811=ADVANCED_FACE('',(#540),#245,.F.);
#5812=ADVANCED_FACE('',(#541),#246,.F.);
#5813=ADVANCED_FACE('',(#542),#247,.F.);
#5814=ADVANCED_FACE('',(#543),#248,.F.);
#5815=ADVANCED_FACE('',(#544),#249,.F.);
#5816=ADVANCED_FACE('',(#545),#250,.F.);
#5817=ADVANCED_FACE('',(#546),#251,.T.);
#5818=ADVANCED_FACE('',(#547),#252,.T.);
#5819=ADVANCED_FACE('',(#548),#253,.T.);
#5820=ADVANCED_FACE('',(#549),#254,.T.);
#5821=ADVANCED_FACE('',(#550),#255,.T.);
#5822=ADVANCED_FACE('',(#551),#256,.T.);
#5823=ADVANCED_FACE('',(#552),#257,.T.);
#5824=ADVANCED_FACE('',(#553),#258,.T.);
#5825=ADVANCED_FACE('',(#554),#259,.T.);
#5826=ADVANCED_FACE('',(#555),#260,.T.);
#5827=ADVANCED_FACE('',(#556),#261,.T.);
#5828=ADVANCED_FACE('',(#557),#262,.T.);
#5829=ADVANCED_FACE('',(#558),#263,.T.);
#5830=ADVANCED_FACE('',(#559),#264,.T.);
#5831=ADVANCED_FACE('',(#560),#265,.T.);
#5832=ADVANCED_FACE('',(#561),#266,.T.);
#5833=ADVANCED_FACE('',(#562),#267,.T.);
#5834=ADVANCED_FACE('',(#563,#83),#268,.F.);
#5835=ADVANCED_FACE('',(#564,#84),#269,.F.);
#5836=ADVANCED_FACE('',(#565,#85),#270,.F.);
#5837=ADVANCED_FACE('',(#566),#271,.T.);
#5838=ADVANCED_FACE('',(#567),#272,.T.);
#5839=ADVANCED_FACE('',(#568),#273,.T.);
#5840=ADVANCED_FACE('',(#569),#274,.T.);
#5841=ADVANCED_FACE('',(#570),#275,.T.);
#5842=ADVANCED_FACE('',(#571),#276,.T.);
#5843=ADVANCED_FACE('',(#572),#277,.T.);
#5844=ADVANCED_FACE('',(#573),#278,.T.);
#5845=ADVANCED_FACE('',(#574),#279,.T.);
#5846=ADVANCED_FACE('',(#575),#280,.T.);
#5847=ADVANCED_FACE('',(#576),#281,.T.);
#5848=ADVANCED_FACE('',(#577),#282,.T.);
#5849=ADVANCED_FACE('',(#578),#283,.T.);
#5850=ADVANCED_FACE('',(#579),#284,.T.);
#5851=ADVANCED_FACE('',(#580),#285,.T.);
#5852=ADVANCED_FACE('',(#581),#286,.T.);
#5853=ADVANCED_FACE('',(#582),#287,.T.);
#5854=ADVANCED_FACE('',(#583),#288,.T.);
#5855=ADVANCED_FACE('',(#584),#289,.T.);
#5856=ADVANCED_FACE('',(#585),#290,.F.);
#5857=ADVANCED_FACE('',(#586),#291,.F.);
#5858=ADVANCED_FACE('',(#587),#292,.F.);
#5859=ADVANCED_FACE('',(#588),#293,.F.);
#5860=ADVANCED_FACE('',(#589),#294,.F.);
#5861=ADVANCED_FACE('',(#590),#295,.F.);
#5862=ADVANCED_FACE('',(#591),#296,.F.);
#5863=ADVANCED_FACE('',(#592),#297,.F.);
#5864=ADVANCED_FACE('',(#593),#298,.F.);
#5865=ADVANCED_FACE('',(#594),#299,.F.);
#5866=ADVANCED_FACE('',(#595),#300,.F.);
#5867=ADVANCED_FACE('',(#596),#301,.F.);
#5868=ADVANCED_FACE('',(#597),#302,.F.);
#5869=ADVANCED_FACE('',(#598),#303,.F.);
#5870=ADVANCED_FACE('',(#599),#304,.F.);
#5871=ADVANCED_FACE('',(#600),#305,.F.);
#5872=ADVANCED_FACE('',(#601),#306,.F.);
#5873=ADVANCED_FACE('',(#602),#307,.F.);
#5874=ADVANCED_FACE('',(#603),#308,.F.);
#5875=ADVANCED_FACE('',(#604),#309,.F.);
#5876=ADVANCED_FACE('',(#605),#310,.F.);
#5877=ADVANCED_FACE('',(#606),#311,.F.);
#5878=ADVANCED_FACE('',(#607),#312,.F.);
#5879=ADVANCED_FACE('',(#608),#313,.F.);
#5880=ADVANCED_FACE('',(#609),#314,.F.);
#5881=ADVANCED_FACE('',(#610),#315,.F.);
#5882=ADVANCED_FACE('',(#611),#316,.F.);
#5883=ADVANCED_FACE('',(#612),#317,.F.);
#5884=ADVANCED_FACE('',(#613),#318,.F.);
#5885=ADVANCED_FACE('',(#614),#319,.F.);
#5886=ADVANCED_FACE('',(#615),#320,.F.);
#5887=ADVANCED_FACE('',(#616),#321,.F.);
#5888=ADVANCED_FACE('',(#617,#86),#322,.F.);
#5889=ADVANCED_FACE('',(#618),#323,.T.);
#5890=ADVANCED_FACE('',(#619,#87,#88,#89,#90,#91),#324,.T.);
#5891=CLOSED_SHELL('',(#5596,#5597,#5598,#5599,#5600,#5601,#5602,#5603,
#5604,#5605,#5606,#5607,#5608,#5609,#5610,#5611,#5612,#5613,#5614,#5615,
#5616,#5617,#5618,#5619,#5620,#5621,#5622,#5623,#5624,#5625,#5626,#5627,
#5628,#5629,#5630,#5631,#5632,#5633,#5634,#5635,#5636,#5637,#5638,#5639,
#5640,#5641,#5642,#5643,#5644,#5645,#5646,#5647,#5648,#5649,#5650,#5651,
#5652,#5653,#5654,#5655,#5656,#5657,#5658,#5659,#5660,#5661,#5662,#5663,
#5664,#5665,#5666,#5667,#5668,#5669,#5670,#5671,#5672,#5673,#5674,#5675,
#5676,#5677,#5678,#5679,#5680,#5681,#5682,#5683,#5684,#5685,#5686,#5687,
#5688,#5689,#5690,#5691,#5692,#5693,#5694,#5695,#5696,#5697,#5698,#5699,
#5700,#5701,#5702,#5703,#5704,#5705,#5706,#5707,#5708,#5709,#5710,#5711,
#5712,#5713,#5714,#5715,#5716,#5717,#5718,#5719,#5720,#5721,#5722,#5723,
#5724,#5725,#5726,#5727,#5728,#5729,#5730,#5731,#5732,#5733,#5734,#5735,
#5736,#5737,#5738,#5739,#5740,#5741,#5742,#5743,#5744,#5745,#5746,#5747,
#5748,#5749,#5750,#5751,#5752,#5753,#5754,#5755,#5756,#5757,#5758,#5759,
#5760,#5761,#5762,#5763,#5764,#5765,#5766,#5767,#5768,#5769,#5770,#5771,
#5772,#5773,#5774,#5775,#5776,#5777,#5778,#5779,#5780,#5781,#5782,#5783,
#5784,#5785,#5786,#5787,#5788,#5789,#5790,#5791,#5792,#5793,#5794,#5795,
#5796,#5797,#5798,#5799,#5800,#5801,#5802,#5803,#5804,#5805,#5806,#5807,
#5808,#5809,#5810,#5811,#5812,#5813,#5814,#5815,#5816,#5817,#5818,#5819,
#5820,#5821,#5822,#5823,#5824,#5825,#5826,#5827,#5828,#5829,#5830,#5831,
#5832,#5833,#5834,#5835,#5836,#5837,#5838,#5839,#5840,#5841,#5842,#5843,
#5844,#5845,#5846,#5847,#5848,#5849,#5850,#5851,#5852,#5853,#5854,#5855,
#5856,#5857,#5858,#5859,#5860,#5861,#5862,#5863,#5864,#5865,#5866,#5867,
#5868,#5869,#5870,#5871,#5872,#5873,#5874,#5875,#5876,#5877,#5878,#5879,
#5880,#5881,#5882,#5883,#5884,#5885,#5886,#5887,#5888,#5889,#5890));
#5892=DERIVED_UNIT_ELEMENT(#5894,1.);
#5893=DERIVED_UNIT_ELEMENT(#9985,-3.);
#5894=(
MASS_UNIT()
NAMED_UNIT(*)
SI_UNIT(.KILO.,.GRAM.)
);
#5895=DERIVED_UNIT((#5892,#5893));
#5896=MEASURE_REPRESENTATION_ITEM('density measure',
POSITIVE_RATIO_MEASURE(1060.),#5895);
#5897=PROPERTY_DEFINITION_REPRESENTATION(#5902,#5899);
#5898=PROPERTY_DEFINITION_REPRESENTATION(#5903,#5900);
#5899=REPRESENTATION('material name',(#5901),#9982);
#5900=REPRESENTATION('density',(#5896),#9982);
#5901=DESCRIPTIVE_REPRESENTATION_ITEM('ABS Plastic','ABS Plastic');
#5902=PROPERTY_DEFINITION('material property','material name',#9992);
#5903=PROPERTY_DEFINITION('material property','density of part',#9992);
#5904=AXIS2_PLACEMENT_3D('',#7454,#6144,#6145);
#5905=AXIS2_PLACEMENT_3D('',#7455,#6146,#6147);
#5906=AXIS2_PLACEMENT_3D('',#7457,#6148,#6149);
#5907=AXIS2_PLACEMENT_3D('',#7460,#6151,#6152);
#5908=AXIS2_PLACEMENT_3D('',#7461,#6153,#6154);
#5909=AXIS2_PLACEMENT_3D('',#7470,#6159,#6160);
#5910=AXIS2_PLACEMENT_3D('',#7476,#6164,#6165);
#5911=AXIS2_PLACEMENT_3D('',#7482,#6169,#6170);
#5912=AXIS2_PLACEMENT_3D('',#7484,#6172,#6173);
#5913=AXIS2_PLACEMENT_3D('',#7501,#6182,#6183);
#5914=AXIS2_PLACEMENT_3D('',#7507,#6187,#6188);
#5915=AXIS2_PLACEMENT_3D('',#7509,#6189,#6190);
#5916=AXIS2_PLACEMENT_3D('',#7512,#6192,#6193);
#5917=AXIS2_PLACEMENT_3D('',#7513,#6194,#6195);
#5918=AXIS2_PLACEMENT_3D('',#7519,#6199,#6200);
#5919=AXIS2_PLACEMENT_3D('',#7522,#6203,#6204);
#5920=AXIS2_PLACEMENT_3D('',#7523,#6205,#6206);
#5921=AXIS2_PLACEMENT_3D('',#7532,#6211,#6212);
#5922=AXIS2_PLACEMENT_3D('',#7541,#6217,#6218);
#5923=AXIS2_PLACEMENT_3D('',#7548,#6223,#6224);
#5924=AXIS2_PLACEMENT_3D('',#7551,#6227,#6228);
#5925=AXIS2_PLACEMENT_3D('',#7554,#6231,#6232);
#5926=AXIS2_PLACEMENT_3D('',#7560,#6236,#6237);
#5927=AXIS2_PLACEMENT_3D('',#7574,#6245,#6246);
#5928=AXIS2_PLACEMENT_3D('',#7580,#6250,#6251);
#5929=AXIS2_PLACEMENT_3D('',#7586,#6255,#6256);
#5930=AXIS2_PLACEMENT_3D('',#7592,#6260,#6261);
#5931=AXIS2_PLACEMENT_3D('',#7601,#6266,#6267);
#5932=AXIS2_PLACEMENT_3D('',#7610,#6273,#6274);
#5933=AXIS2_PLACEMENT_3D('',#7612,#6276,#6277);
#5934=AXIS2_PLACEMENT_3D('',#7621,#6282,#6283);
#5935=AXIS2_PLACEMENT_3D('',#7630,#6289,#6290);
#5936=AXIS2_PLACEMENT_3D('',#7632,#6292,#6293);
#5937=AXIS2_PLACEMENT_3D('',#7638,#6297,#6298);
#5938=AXIS2_PLACEMENT_3D('',#7644,#6302,#6303);
#5939=AXIS2_PLACEMENT_3D('',#7650,#6307,#6308);
#5940=AXIS2_PLACEMENT_3D('',#7653,#6311,#6312);
#5941=AXIS2_PLACEMENT_3D('',#7821,#6398,#6399);
#5942=AXIS2_PLACEMENT_3D('',#7827,#6403,#6404);
#5943=AXIS2_PLACEMENT_3D('',#7831,#6407,#6408);
#5944=AXIS2_PLACEMENT_3D('',#7835,#6411,#6412);
#5945=AXIS2_PLACEMENT_3D('',#7837,#6414,#6415);
#5946=AXIS2_PLACEMENT_3D('',#7838,#6416,#6417);
#5947=AXIS2_PLACEMENT_3D('',#7842,#6420,#6421);
#5948=AXIS2_PLACEMENT_3D('',#7846,#6424,#6425);
#5949=AXIS2_PLACEMENT_3D('',#7850,#6428,#6429);
#5950=AXIS2_PLACEMENT_3D('',#7856,#6433,#6434);
#5951=AXIS2_PLACEMENT_3D('',#7862,#6438,#6439);
#5952=AXIS2_PLACEMENT_3D('',#7866,#6442,#6443);
#5953=AXIS2_PLACEMENT_3D('',#7872,#6447,#6448);
#5954=AXIS2_PLACEMENT_3D('',#7876,#6451,#6452);
#5955=AXIS2_PLACEMENT_3D('',#7880,#6455,#6456);
#5956=AXIS2_PLACEMENT_3D('',#7886,#6460,#6461);
#5957=AXIS2_PLACEMENT_3D('',#7937,#6472,#6473);
#5958=AXIS2_PLACEMENT_3D('',#7964,#6480,#6481);
#5959=AXIS2_PLACEMENT_3D('',#7995,#6490,#6491);
#5960=AXIS2_PLACEMENT_3D('',#8110,#6512,#6513);
#5961=AXIS2_PLACEMENT_3D('',#8139,#6521,#6522);
#5962=AXIS2_PLACEMENT_3D('',#8208,#6535,#6536);
#5963=AXIS2_PLACEMENT_3D('',#8298,#6552,#6553);
#5964=AXIS2_PLACEMENT_3D('',#8322,#6559,#6560);
#5965=AXIS2_PLACEMENT_3D('',#8326,#6563,#6564);
#5966=AXIS2_PLACEMENT_3D('',#8375,#6574,#6575);
#5967=AXIS2_PLACEMENT_3D('',#8446,#6589,#6590);
#5968=AXIS2_PLACEMENT_3D('',#8519,#6605,#6606);
#5969=AXIS2_PLACEMENT_3D('',#8588,#6619,#6620);
#5970=AXIS2_PLACEMENT_3D('',#8682,#6638,#6639);
#5971=AXIS2_PLACEMENT_3D('',#8697,#6648,#6649);
#5972=AXIS2_PLACEMENT_3D('',#8700,#6652,#6653);
#5973=AXIS2_PLACEMENT_3D('',#8703,#6656,#6657);
#5974=AXIS2_PLACEMENT_3D('',#8771,#6669,#6670);
#5975=AXIS2_PLACEMENT_3D('',#8786,#6679,#6680);
#5976=AXIS2_PLACEMENT_3D('',#8788,#6682,#6683);
#5977=AXIS2_PLACEMENT_3D('',#8791,#6686,#6687);
#5978=AXIS2_PLACEMENT_3D('',#8859,#6699,#6700);
#5979=AXIS2_PLACEMENT_3D('',#8874,#6709,#6710);
#5980=AXIS2_PLACEMENT_3D('',#8876,#6712,#6713);
#5981=AXIS2_PLACEMENT_3D('',#8879,#6716,#6717);
#5982=AXIS2_PLACEMENT_3D('',#8947,#6729,#6730);
#5983=AXIS2_PLACEMENT_3D('',#8962,#6739,#6740);
#5984=AXIS2_PLACEMENT_3D('',#8964,#6742,#6743);
#5985=AXIS2_PLACEMENT_3D('',#8967,#6746,#6747);
#5986=AXIS2_PLACEMENT_3D('',#9035,#6759,#6760);
#5987=AXIS2_PLACEMENT_3D('',#9038,#6763,#6764);
#5988=AXIS2_PLACEMENT_3D('',#9040,#6766,#6767);
#5989=AXIS2_PLACEMENT_3D('',#9042,#6769,#6770);
#5990=AXIS2_PLACEMENT_3D('',#9043,#6771,#6772);
#5991=AXIS2_PLACEMENT_3D('',#9055,#6779,#6780);
#5992=AXIS2_PLACEMENT_3D('',#9058,#6783,#6784);
#5993=AXIS2_PLACEMENT_3D('',#9060,#6786,#6787);
#5994=AXIS2_PLACEMENT_3D('',#9062,#6789,#6790);
#5995=AXIS2_PLACEMENT_3D('',#9065,#6793,#6794);
#5996=AXIS2_PLACEMENT_3D('',#9067,#6796,#6797);
#5997=AXIS2_PLACEMENT_3D('',#9069,#6799,#6800);
#5998=AXIS2_PLACEMENT_3D('',#9072,#6803,#6804);
#5999=AXIS2_PLACEMENT_3D('',#9074,#6806,#6807);
#6000=AXIS2_PLACEMENT_3D('',#9076,#6809,#6810);
#6001=AXIS2_PLACEMENT_3D('',#9079,#6813,#6814);
#6002=AXIS2_PLACEMENT_3D('',#9081,#6816,#6817);
#6003=AXIS2_PLACEMENT_3D('',#9083,#6819,#6820);
#6004=AXIS2_PLACEMENT_3D('',#9086,#6823,#6824);
#6005=AXIS2_PLACEMENT_3D('',#9088,#6826,#6827);
#6006=AXIS2_PLACEMENT_3D('',#9159,#6840,#6841);
#6007=AXIS2_PLACEMENT_3D('',#9174,#6850,#6851);
#6008=AXIS2_PLACEMENT_3D('',#9187,#6859,#6860);
#6009=AXIS2_PLACEMENT_3D('',#9189,#6862,#6863);
#6010=AXIS2_PLACEMENT_3D('',#9192,#6866,#6867);
#6011=AXIS2_PLACEMENT_3D('',#9260,#6879,#6880);
#6012=AXIS2_PLACEMENT_3D('',#9275,#6889,#6890);
#6013=AXIS2_PLACEMENT_3D('',#9277,#6892,#6893);
#6014=AXIS2_PLACEMENT_3D('',#9280,#6896,#6897);
#6015=AXIS2_PLACEMENT_3D('',#9348,#6909,#6910);
#6016=AXIS2_PLACEMENT_3D('',#9363,#6919,#6920);
#6017=AXIS2_PLACEMENT_3D('',#9365,#6922,#6923);
#6018=AXIS2_PLACEMENT_3D('',#9368,#6926,#6927);
#6019=AXIS2_PLACEMENT_3D('',#9436,#6939,#6940);
#6020=AXIS2_PLACEMENT_3D('',#9451,#6949,#6950);
#6021=AXIS2_PLACEMENT_3D('',#9453,#6952,#6953);
#6022=AXIS2_PLACEMENT_3D('',#9456,#6956,#6957);
#6023=AXIS2_PLACEMENT_3D('',#9524,#6969,#6970);
#6024=AXIS2_PLACEMENT_3D('',#9527,#6973,#6974);
#6025=AXIS2_PLACEMENT_3D('',#9529,#6976,#6977);
#6026=AXIS2_PLACEMENT_3D('',#9531,#6979,#6980);
#6027=AXIS2_PLACEMENT_3D('',#9532,#6981,#6982);
#6028=AXIS2_PLACEMENT_3D('',#9539,#6987,#6988);
#6029=AXIS2_PLACEMENT_3D('',#9543,#6991,#6992);
#6030=AXIS2_PLACEMENT_3D('',#9547,#6995,#6996);
#6031=AXIS2_PLACEMENT_3D('',#9549,#6998,#6999);
#6032=AXIS2_PLACEMENT_3D('',#9555,#7003,#7004);
#6033=AXIS2_PLACEMENT_3D('',#9560,#7008,#7009);
#6034=AXIS2_PLACEMENT_3D('',#9564,#7012,#7013);
#6035=AXIS2_PLACEMENT_3D('',#9568,#7016,#7017);
#6036=AXIS2_PLACEMENT_3D('',#9570,#7019,#7020);
#6037=AXIS2_PLACEMENT_3D('',#9576,#7024,#7025);
#6038=AXIS2_PLACEMENT_3D('',#9581,#7029,#7030);
#6039=AXIS2_PLACEMENT_3D('',#9585,#7033,#7034);
#6040=AXIS2_PLACEMENT_3D('',#9587,#7036,#7037);
#6041=AXIS2_PLACEMENT_3D('',#9594,#7042,#7043);
#6042=AXIS2_PLACEMENT_3D('',#9598,#7046,#7047);
#6043=AXIS2_PLACEMENT_3D('',#9602,#7050,#7051);
#6044=AXIS2_PLACEMENT_3D('',#9604,#7053,#7054);
#6045=AXIS2_PLACEMENT_3D('',#9611,#7059,#7060);
#6046=AXIS2_PLACEMENT_3D('',#9615,#7063,#7064);
#6047=AXIS2_PLACEMENT_3D('',#9619,#7067,#7068);
#6048=AXIS2_PLACEMENT_3D('',#9621,#7070,#7071);
#6049=AXIS2_PLACEMENT_3D('',#9683,#7108,#7109);
#6050=AXIS2_PLACEMENT_3D('',#9691,#7115,#7116);
#6051=AXIS2_PLACEMENT_3D('',#9693,#7118,#7119);
#6052=AXIS2_PLACEMENT_3D('',#9701,#7125,#7126);
#6053=AXIS2_PLACEMENT_3D('',#9709,#7132,#7133);
#6054=AXIS2_PLACEMENT_3D('',#9717,#7139,#7140);
#6055=AXIS2_PLACEMENT_3D('',#9725,#7146,#7147);
#6056=AXIS2_PLACEMENT_3D('',#9727,#7149,#7150);
#6057=AXIS2_PLACEMENT_3D('',#9729,#7152,#7153);
#6058=AXIS2_PLACEMENT_3D('',#9730,#7154,#7155);
#6059=AXIS2_PLACEMENT_3D('',#9733,#7158,#7159);
#6060=AXIS2_PLACEMENT_3D('',#9734,#7160,#7161);
#6061=AXIS2_PLACEMENT_3D('',#9735,#7162,#7163);
#6062=AXIS2_PLACEMENT_3D('',#9737,#7165,#7166);
#6063=AXIS2_PLACEMENT_3D('',#9739,#7168,#7169);
#6064=AXIS2_PLACEMENT_3D('',#9740,#7170,#7171);
#6065=AXIS2_PLACEMENT_3D('',#9742,#7173,#7174);
#6066=AXIS2_PLACEMENT_3D('',#9744,#7176,#7177);
#6067=AXIS2_PLACEMENT_3D('',#9745,#7178,#7179);
#6068=AXIS2_PLACEMENT_3D('',#9747,#7181,#7182);
#6069=AXIS2_PLACEMENT_3D('',#9749,#7184,#7185);
#6070=AXIS2_PLACEMENT_3D('',#9750,#7186,#7187);
#6071=AXIS2_PLACEMENT_3D('',#9753,#7190,#7191);
#6072=AXIS2_PLACEMENT_3D('',#9758,#7195,#7196);
#6073=AXIS2_PLACEMENT_3D('',#9759,#7197,#7198);
#6074=AXIS2_PLACEMENT_3D('',#9843,#7248,#7249);
#6075=AXIS2_PLACEMENT_3D('',#9845,#7251,#7252);
#6076=AXIS2_PLACEMENT_3D('',#9848,#7255,#7256);
#6077=AXIS2_PLACEMENT_3D('',#9849,#7257,#7258);
#6078=AXIS2_PLACEMENT_3D('',#9851,#7260,#7261);
#6079=AXIS2_PLACEMENT_3D('',#9854,#7264,#7265);
#6080=AXIS2_PLACEMENT_3D('',#9855,#7266,#7267);
#6081=AXIS2_PLACEMENT_3D('',#9857,#7269,#7270);
#6082=AXIS2_PLACEMENT_3D('',#9860,#7273,#7274);
#6083=AXIS2_PLACEMENT_3D('',#9861,#7275,#7276);
#6084=AXIS2_PLACEMENT_3D('',#9866,#7280,#7281);
#6085=AXIS2_PLACEMENT_3D('',#9869,#7284,#7285);
#6086=AXIS2_PLACEMENT_3D('',#9870,#7286,#7287);
#6087=AXIS2_PLACEMENT_3D('',#9871,#7288,#7289);
#6088=AXIS2_PLACEMENT_3D('',#9874,#7292,#7293);
#6089=AXIS2_PLACEMENT_3D('',#9877,#7296,#7297);
#6090=AXIS2_PLACEMENT_3D('',#9880,#7300,#7301);
#6091=AXIS2_PLACEMENT_3D('',#9883,#7304,#7305);
#6092=AXIS2_PLACEMENT_3D('',#9886,#7308,#7309);
#6093=AXIS2_PLACEMENT_3D('',#9887,#7310,#7311);
#6094=AXIS2_PLACEMENT_3D('',#9888,#7312,#7313);
#6095=AXIS2_PLACEMENT_3D('',#9890,#7315,#7316);
#6096=AXIS2_PLACEMENT_3D('',#9892,#7318,#7319);
#6097=AXIS2_PLACEMENT_3D('',#9893,#7320,#7321);
#6098=AXIS2_PLACEMENT_3D('',#9896,#7324,#7325);
#6099=AXIS2_PLACEMENT_3D('',#9899,#7328,#7329);
#6100=AXIS2_PLACEMENT_3D('',#9900,#7330,#7331);
#6101=AXIS2_PLACEMENT_3D('',#9901,#7332,#7333);
#6102=AXIS2_PLACEMENT_3D('',#9904,#7336,#7337);
#6103=AXIS2_PLACEMENT_3D('',#9907,#7340,#7341);
#6104=AXIS2_PLACEMENT_3D('',#9908,#7342,#7343);
#6105=AXIS2_PLACEMENT_3D('',#9909,#7344,#7345);
#6106=AXIS2_PLACEMENT_3D('',#9912,#7348,#7349);
#6107=AXIS2_PLACEMENT_3D('',#9915,#7352,#7353);
#6108=AXIS2_PLACEMENT_3D('',#9916,#7354,#7355);
#6109=AXIS2_PLACEMENT_3D('',#9917,#7356,#7357);
#6110=AXIS2_PLACEMENT_3D('',#9920,#7360,#7361);
#6111=AXIS2_PLACEMENT_3D('',#9922,#7363,#7364);
#6112=AXIS2_PLACEMENT_3D('',#9924,#7366,#7367);
#6113=AXIS2_PLACEMENT_3D('',#9925,#7368,#7369);
#6114=AXIS2_PLACEMENT_3D('',#9928,#7372,#7373);
#6115=AXIS2_PLACEMENT_3D('',#9930,#7375,#7376);
#6116=AXIS2_PLACEMENT_3D('',#9932,#7378,#7379);
#6117=AXIS2_PLACEMENT_3D('',#9933,#7380,#7381);
#6118=AXIS2_PLACEMENT_3D('',#9936,#7384,#7385);
#6119=AXIS2_PLACEMENT_3D('',#9938,#7387,#7388);
#6120=AXIS2_PLACEMENT_3D('',#9940,#7390,#7391);
#6121=AXIS2_PLACEMENT_3D('',#9941,#7392,#7393);
#6122=AXIS2_PLACEMENT_3D('',#9944,#7396,#7397);
#6123=AXIS2_PLACEMENT_3D('',#9946,#7399,#7400);
#6124=AXIS2_PLACEMENT_3D('',#9948,#7402,#7403);
#6125=AXIS2_PLACEMENT_3D('',#9949,#7404,#7405);
#6126=AXIS2_PLACEMENT_3D('',#9952,#7408,#7409);
#6127=AXIS2_PLACEMENT_3D('',#9954,#7411,#7412);
#6128=AXIS2_PLACEMENT_3D('',#9956,#7414,#7415);
#6129=AXIS2_PLACEMENT_3D('',#9957,#7416,#7417);
#6130=AXIS2_PLACEMENT_3D('',#9959,#7419,#7420);
#6131=AXIS2_PLACEMENT_3D('',#9960,#7421,#7422);
#6132=AXIS2_PLACEMENT_3D('',#9961,#7423,#7424);
#6133=AXIS2_PLACEMENT_3D('',#9963,#7426,#7427);
#6134=AXIS2_PLACEMENT_3D('',#9964,#7428,#7429);
#6135=AXIS2_PLACEMENT_3D('',#9965,#7430,#7431);
#6136=AXIS2_PLACEMENT_3D('',#9967,#7433,#7434);
#6137=AXIS2_PLACEMENT_3D('',#9968,#7435,#7436);
#6138=AXIS2_PLACEMENT_3D('',#9970,#7438,#7439);
#6139=AXIS2_PLACEMENT_3D('',#9971,#7440,#7441);
#6140=AXIS2_PLACEMENT_3D('',#9976,#7446,#7447);
#6141=AXIS2_PLACEMENT_3D('',#9977,#7448,#7449);
#6142=AXIS2_PLACEMENT_3D('',#9978,#7450,#7451);
#6143=AXIS2_PLACEMENT_3D('',#9979,#7452,#7453);
#6144=DIRECTION('axis',(0.,0.,1.));
#6145=DIRECTION('refdir',(1.,0.,0.));
#6146=DIRECTION('center_axis',(0.,1.,0.));
#6147=DIRECTION('ref_axis',(-1.,0.,0.));
#6148=DIRECTION('center_axis',(0.,-1.,0.));
#6149=DIRECTION('ref_axis',(-1.,0.,0.));
#6150=DIRECTION('',(0.,-1.,0.));
#6151=DIRECTION('center_axis',(0.,-1.,0.));
#6152=DIRECTION('ref_axis',(-1.,0.,0.));
#6153=DIRECTION('center_axis',(-1.,0.,0.));
#6154=DIRECTION('ref_axis',(0.,0.,1.));
#6155=DIRECTION('',(0.,0.,1.));
#6156=DIRECTION('',(0.,-1.,0.));
#6157=DIRECTION('',(0.,0.,1.));
#6158=DIRECTION('',(0.,1.,0.));
#6159=DIRECTION('center_axis',(0.,0.,-1.));
#6160=DIRECTION('ref_axis',(-1.,0.,0.));
#6161=DIRECTION('',(-1.,0.,0.));
#6162=DIRECTION('',(-1.,0.,0.));
#6163=DIRECTION('',(0.,1.,0.));
#6164=DIRECTION('center_axis',(1.,0.,0.));
#6165=DIRECTION('ref_axis',(0.,0.,-1.));
#6166=DIRECTION('',(0.,0.,-1.));
#6167=DIRECTION('',(0.,0.,-1.));
#6168=DIRECTION('',(0.,1.,0.));
#6169=DIRECTION('center_axis',(0.,1.,0.));
#6170=DIRECTION('ref_axis',(-1.,0.,0.));
#6171=DIRECTION('',(-1.,0.,0.));
#6172=DIRECTION('center_axis',(0.,0.0738716855153118,0.997267754456709));
#6173=DIRECTION('ref_axis',(0.,0.997267754456709,-0.0738716855153118));
#6174=DIRECTION('',(0.,-0.997267754456709,0.0738716855153118));
#6175=DIRECTION('',(-1.,0.,0.));
#6176=DIRECTION('',(0.,0.997267754456709,-0.0738716855153118));
#6177=DIRECTION('',(-1.,0.,0.));
#6178=DIRECTION('',(0.,0.997267754456709,-0.0738716855153118));
#6179=DIRECTION('',(1.,0.,0.));
#6180=DIRECTION('',(0.,0.997267754456709,-0.0738716855153118));
#6181=DIRECTION('',(-1.,0.,0.));
#6182=DIRECTION('center_axis',(-1.,0.,0.));
#6183=DIRECTION('ref_axis',(0.,0.,1.));
#6184=DIRECTION('',(0.,0.,-1.));
#6185=DIRECTION('',(0.,1.,0.));
#6186=DIRECTION('',(0.,0.,1.));
#6187=DIRECTION('center_axis',(0.,1.,0.));
#6188=DIRECTION('ref_axis',(-1.,0.,0.));
#6189=DIRECTION('center_axis',(0.,-1.,0.));
#6190=DIRECTION('ref_axis',(-1.,0.,0.));
#6191=DIRECTION('',(0.,-1.,0.));
#6192=DIRECTION('center_axis',(0.,-1.,0.));
#6193=DIRECTION('ref_axis',(-1.,0.,0.));
#6194=DIRECTION('center_axis',(0.,0.,1.));
#6195=DIRECTION('ref_axis',(1.,0.,0.));
#6196=DIRECTION('',(-1.,0.,0.));
#6197=DIRECTION('',(0.,1.,0.));
#6198=DIRECTION('',(1.,0.,0.));
#6199=DIRECTION('center_axis',(1.,0.,0.));
#6200=DIRECTION('ref_axis',(0.,0.,-1.));
#6201=DIRECTION('',(0.,0.,-1.));
#6202=DIRECTION('',(0.,0.,1.));
#6203=DIRECTION('center_axis',(0.,1.,0.));
#6204=DIRECTION('ref_axis',(-1.,0.,0.));
#6205=DIRECTION('center_axis',(0.,1.,0.));
#6206=DIRECTION('ref_axis',(0.,0.,1.));
#6207=DIRECTION('',(0.,0.,-1.));
#6208=DIRECTION('',(1.,0.,0.));
#6209=DIRECTION('',(0.,0.,-1.));
#6210=DIRECTION('',(1.,0.,0.));
#6211=DIRECTION('center_axis',(0.,1.,0.));
#6212=DIRECTION('ref_axis',(0.,0.,1.));
#6213=DIRECTION('',(0.,0.,-1.));
#6214=DIRECTION('',(1.,0.,0.));
#6215=DIRECTION('',(0.,0.,-1.));
#6216=DIRECTION('',(1.,0.,0.));
#6217=DIRECTION('center_axis',(0.,-0.124034734589208,-0.992277876713668));
#6218=DIRECTION('ref_axis',(0.,0.992277876713668,-0.124034734589208));
#6219=DIRECTION('',(0.,-0.992277876713668,0.124034734589208));
#6220=DIRECTION('',(-1.,0.,0.));
#6221=DIRECTION('',(0.,0.992277876713668,-0.124034734589208));
#6222=DIRECTION('',(1.,0.,0.));
#6223=DIRECTION('center_axis',(-1.,0.,0.));
#6224=DIRECTION('ref_axis',(0.,-1.,0.));
#6225=DIRECTION('',(0.,0.,-1.));
#6226=DIRECTION('',(0.,1.,0.));
#6227=DIRECTION('center_axis',(1.,0.,0.));
#6228=DIRECTION('ref_axis',(0.,0.,-1.));
#6229=DIRECTION('',(0.,-1.,0.));
#6230=DIRECTION('',(0.,0.,-1.));
#6231=DIRECTION('center_axis',(0.,-1.,0.));
#6232=DIRECTION('ref_axis',(-1.,0.,0.));
#6233=DIRECTION('',(0.,0.,-1.));
#6234=DIRECTION('',(1.,0.,0.));
#6235=DIRECTION('',(0.,0.,-1.));
#6236=DIRECTION('center_axis',(0.,0.,1.));
#6237=DIRECTION('ref_axis',(1.,0.,0.));
#6238=DIRECTION('',(0.,-1.,0.));
#6239=DIRECTION('',(1.,0.,0.));
#6240=DIRECTION('',(0.,-1.,0.));
#6241=DIRECTION('',(1.,0.,0.));
#6242=DIRECTION('',(0.,1.,0.));
#6243=DIRECTION('',(1.,0.,0.));
#6244=DIRECTION('',(0.,1.,0.));
#6245=DIRECTION('center_axis',(0.,0.,1.));
#6246=DIRECTION('ref_axis',(1.,0.,0.));
#6247=DIRECTION('',(1.,0.,0.));
#6248=DIRECTION('',(0.,1.,0.));
#6249=DIRECTION('',(-1.,0.,0.));
#6250=DIRECTION('center_axis',(0.,0.,1.));
#6251=DIRECTION('ref_axis',(1.,0.,0.));
#6252=DIRECTION('',(-1.,0.,0.));
#6253=DIRECTION('',(0.,1.,0.));
#6254=DIRECTION('',(1.,0.,0.));
#6255=DIRECTION('center_axis',(0.,0.,1.));
#6256=DIRECTION('ref_axis',(1.,0.,0.));
#6257=DIRECTION('',(0.,1.,0.));
#6258=DIRECTION('',(1.,0.,0.));
#6259=DIRECTION('',(0.,-1.,0.));
#6260=DIRECTION('center_axis',(1.,0.,0.));
#6261=DIRECTION('ref_axis',(0.,0.,-1.));
#6262=DIRECTION('',(0.,0.,-1.));
#6263=DIRECTION('',(0.,1.,0.));
#6264=DIRECTION('',(0.,0.,-1.));
#6265=DIRECTION('',(0.,-1.,0.));
#6266=DIRECTION('center_axis',(-0.0368171270434037,0.,-0.999322019749525));
#6267=DIRECTION('ref_axis',(-0.999322019749525,0.,0.0368171270434037));
#6268=DIRECTION('',(-0.999322019749525,0.,0.0368171270434037));
#6269=DIRECTION('',(0.,-1.,0.));
#6270=DIRECTION('',(-0.999322019749525,0.,0.0368171270434037));
#6271=DIRECTION('',(0.,-1.,0.));
#6272=DIRECTION('',(0.,1.,0.));
#6273=DIRECTION('center_axis',(0.,1.,0.));
#6274=DIRECTION('ref_axis',(0.,0.,1.));
#6275=DIRECTION('',(0.,0.,-1.));
#6276=DIRECTION('center_axis',(-1.,0.,0.));
#6277=DIRECTION('ref_axis',(0.,0.,1.));
#6278=DIRECTION('',(0.,0.,-1.));
#6279=DIRECTION('',(0.,1.,0.));
#6280=DIRECTION('',(0.,0.,1.));
#6281=DIRECTION('',(0.,1.,0.));
#6282=DIRECTION('center_axis',(0.0712470499879094,0.,-0.997458699830735));
#6283=DIRECTION('ref_axis',(-0.997458699830735,0.,-0.0712470499879094));
#6284=DIRECTION('',(-0.997458699830735,0.,-0.0712470499879094));
#6285=DIRECTION('',(0.,-1.,0.));
#6286=DIRECTION('',(0.,1.,0.));
#6287=DIRECTION('',(-0.997458699830735,0.,-0.0712470499879094));
#6288=DIRECTION('',(0.,1.,0.));
#6289=DIRECTION('center_axis',(0.,1.,0.));
#6290=DIRECTION('ref_axis',(0.,0.,1.));
#6291=DIRECTION('',(0.,0.,1.));
#6292=DIRECTION('center_axis',(-1.,0.,0.));
#6293=DIRECTION('ref_axis',(0.,1.,0.));
#6294=DIRECTION('',(0.,0.,-1.));
#6295=DIRECTION('',(0.,-1.,0.));
#6296=DIRECTION('',(0.,0.,-1.));
#6297=DIRECTION('center_axis',(0.,0.,1.));
#6298=DIRECTION('ref_axis',(1.,0.,0.));
#6299=DIRECTION('',(1.,0.,0.));
#6300=DIRECTION('',(0.,1.,0.));
#6301=DIRECTION('',(-1.,0.,0.));
#6302=DIRECTION('center_axis',(0.,0.,1.));
#6303=DIRECTION('ref_axis',(1.,0.,0.));
#6304=DIRECTION('',(-1.,0.,0.));
#6305=DIRECTION('',(0.,1.,0.));
#6306=DIRECTION('',(1.,0.,0.));
#6307=DIRECTION('center_axis',(0.,0.,1.));
#6308=DIRECTION('ref_axis',(1.,0.,0.));
#6309=DIRECTION('',(-1.,0.,0.));
#6310=DIRECTION('',(1.,0.,0.));
#6311=DIRECTION('center_axis',(0.,1.,0.));
#6312=DIRECTION('ref_axis',(-1.,0.,0.));
#6313=DIRECTION('',(-4.62592926927148E-17,0.,1.));
#6314=DIRECTION('',(-0.642787609686538,0.,-0.766044443118979));
#6315=DIRECTION('',(0.766044443118975,0.,-0.642787609686542));
#6316=DIRECTION('',(0.642787609686542,0.,0.766044443118976));
#6317=DIRECTION('',(-4.62592926927148E-17,0.,1.));
#6318=DIRECTION('',(-0.642787609686537,0.,-0.76604444311898));
#6319=DIRECTION('',(0.766044443118977,0.,-0.642787609686541));
#6320=DIRECTION('',(0.642787609686544,0.,0.766044443118974));
#6321=DIRECTION('',(-4.62592926927148E-17,0.,1.));
#6322=DIRECTION('',(-0.642787609686541,0.,-0.766044443118977));
#6323=DIRECTION('',(0.766044443118986,0.,-0.642787609686529));
#6324=DIRECTION('',(0.642787609686547,0.,0.766044443118972));
#6325=DIRECTION('',(-4.62592926927148E-17,0.,1.));
#6326=DIRECTION('',(-0.642787609686543,0.,-0.766044443118975));
#6327=DIRECTION('',(0.766044443118985,0.,-0.642787609686531));
#6328=DIRECTION('',(0.642787609686547,0.,0.766044443118972));
#6329=DIRECTION('',(-4.62592926927148E-17,0.,1.));
#6330=DIRECTION('',(-0.642787609686538,0.,-0.766044443118979));
#6331=DIRECTION('',(0.766044443118968,0.,-0.642787609686551));
#6332=DIRECTION('',(0.642787609686543,0.,0.766044443118975));
#6333=DIRECTION('',(-4.62592926927148E-17,0.,1.));
#6334=DIRECTION('',(-1.,0.,0.));
#6335=DIRECTION('',(-1.,0.,0.));
#6336=DIRECTION('',(0.,0.,-1.));
#6337=DIRECTION('',(-0.642787609686544,0.,0.766044443118974));
#6338=DIRECTION('',(-0.766044443118967,0.,-0.642787609686552));
#6339=DIRECTION('',(0.642787609686539,0.,-0.766044443118978));
#6340=DIRECTION('',(0.,0.,-1.));
#6341=DIRECTION('',(-0.642787609686548,0.,0.766044443118971));
#6342=DIRECTION('',(-0.766044443118984,0.,-0.642787609686532));
#6343=DIRECTION('',(0.642787609686543,0.,-0.766044443118975));
#6344=DIRECTION('',(0.,0.,-1.));
#6345=DIRECTION('',(-0.642787609686548,0.,0.766044443118971));
#6346=DIRECTION('',(-0.766044443118986,0.,-0.64278760968653));
#6347=DIRECTION('',(0.642787609686541,0.,-0.766044443118976));
#6348=DIRECTION('',(0.,0.,-1.));
#6349=DIRECTION('',(-0.642787609686545,0.,0.766044443118973));
#6350=DIRECTION('',(-0.766044443118976,0.,-0.642787609686542));
#6351=DIRECTION('',(0.642787609686538,0.,-0.766044443118979));
#6352=DIRECTION('',(0.,0.,-1.));
#6353=DIRECTION('',(-0.642787609686542,0.,0.766044443118976));
#6354=DIRECTION('',(-0.766044443118975,0.,-0.642787609686543));
#6355=DIRECTION('',(0.642787609686538,0.,-0.766044443118979));
#6356=DIRECTION('',(0.,0.,1.));
#6357=DIRECTION('',(5.55111512312578E-17,0.,-1.));
#6358=DIRECTION('',(0.819152044288991,0.,-0.573576436351047));
#6359=DIRECTION('',(0.573576436351055,0.,0.819152044288985));
#6360=DIRECTION('',(-0.819152044288993,0.,0.573576436351045));
#6361=DIRECTION('',(5.55111512312578E-17,0.,-1.));
#6362=DIRECTION('',(0.819152044288993,0.,-0.573576436351045));
#6363=DIRECTION('',(0.57357643635104,0.,0.819152044288996));
#6364=DIRECTION('',(-0.819152044288993,0.,0.573576436351044));
#6365=DIRECTION('',(5.55111512312578E-17,0.,-1.));
#6366=DIRECTION('',(0.819152044288993,0.,-0.573576436351044));
#6367=DIRECTION('',(0.573576436351035,0.,0.819152044289));
#6368=DIRECTION('',(-0.819152044288992,0.,0.573576436351046));
#6369=DIRECTION('',(5.55111512312578E-17,0.,-1.));
#6370=DIRECTION('',(0.819152044288958,0.,-0.573576436351094));
#6371=DIRECTION('',(0.573576436351028,0.,0.819152044289004));
#6372=DIRECTION('',(-0.81915204428899,0.,0.573576436351048));
#6373=DIRECTION('',(5.55111512312578E-17,0.,-1.));
#6374=DIRECTION('',(0.819152044288992,0.,-0.573576436351046));
#6375=DIRECTION('',(0.573576436351036,0.,0.819152044288999));
#6376=DIRECTION('',(-0.819152044288991,0.,0.573576436351047));
#6377=DIRECTION('',(-1.,0.,-2.53765262771464E-16));
#6378=DIRECTION('',(0.819152044288991,0.,0.573576436351047));
#6379=DIRECTION('',(-0.573576436351037,0.,0.819152044288998));
#6380=DIRECTION('',(-0.819152044288992,0.,-0.573576436351047));
#6381=DIRECTION('',(-4.44089209850062E-16,0.,1.));
#6382=DIRECTION('',(0.81915204428899,0.,0.573576436351049));
#6383=DIRECTION('',(-0.573576436351029,0.,0.819152044289004));
#6384=DIRECTION('',(-0.819152044288958,0.,-0.573576436351094));
#6385=DIRECTION('',(-4.44089209850062E-16,0.,1.));
#6386=DIRECTION('',(0.819152044288992,0.,0.573576436351046));
#6387=DIRECTION('',(-0.573576436351036,0.,0.819152044288999));
#6388=DIRECTION('',(-0.819152044288993,0.,-0.573576436351044));
#6389=DIRECTION('',(-4.44089209850062E-16,0.,1.));
#6390=DIRECTION('',(0.819152044288992,0.,0.573576436351045));
#6391=DIRECTION('',(-0.573576436351041,0.,0.819152044288995));
#6392=DIRECTION('',(-0.819152044288992,0.,-0.573576436351046));
#6393=DIRECTION('',(-4.44089209850062E-16,0.,1.));
#6394=DIRECTION('',(0.819152044288992,0.,0.573576436351046));
#6395=DIRECTION('',(-0.573576436351056,0.,0.819152044288985));
#6396=DIRECTION('',(-0.81915204428899,0.,-0.573576436351048));
#6397=DIRECTION('',(-4.44089209850062E-16,0.,1.));
#6398=DIRECTION('center_axis',(-1.,0.,0.));
#6399=DIRECTION('ref_axis',(0.,-1.,0.));
#6400=DIRECTION('',(0.,0.,1.));
#6401=DIRECTION('',(0.,-1.,0.));
#6402=DIRECTION('',(0.,0.,1.));
#6403=DIRECTION('center_axis',(0.,1.,0.));
#6404=DIRECTION('ref_axis',(-1.,0.,0.));
#6405=DIRECTION('',(-1.,0.,0.));
#6406=DIRECTION('',(0.,0.,1.));
#6407=DIRECTION('center_axis',(1.,0.,0.));
#6408=DIRECTION('ref_axis',(0.,1.,0.));
#6409=DIRECTION('',(0.,1.,0.));
#6410=DIRECTION('',(0.,0.,1.));
#6411=DIRECTION('center_axis',(0.,-1.,0.));
#6412=DIRECTION('ref_axis',(1.,0.,0.));
#6413=DIRECTION('',(1.,0.,0.));
#6414=DIRECTION('center_axis',(0.,0.,1.));
#6415=DIRECTION('ref_axis',(1.,0.,0.));
#6416=DIRECTION('center_axis',(0.,-1.,0.));
#6417=DIRECTION('ref_axis',(-1.,0.,0.));
#6418=DIRECTION('',(0.,0.,-1.));
#6419=DIRECTION('',(1.,0.,0.));
#6420=DIRECTION('center_axis',(0.,1.,0.));
#6421=DIRECTION('ref_axis',(1.,0.,0.));
#6422=DIRECTION('',(-1.,0.,0.));
#6423=DIRECTION('',(0.,0.,-1.));
#6424=DIRECTION('center_axis',(1.,0.,0.));
#6425=DIRECTION('ref_axis',(0.,-1.,0.));
#6426=DIRECTION('',(0.,0.,-1.));
#6427=DIRECTION('',(0.,1.,0.));
#6428=DIRECTION('center_axis',(-1.,0.,0.));
#6429=DIRECTION('ref_axis',(0.,1.,0.));
#6430=DIRECTION('',(0.,1.,0.));
#6431=DIRECTION('',(0.,-1.,0.));
#6432=DIRECTION('',(0.,0.,-1.));
#6433=DIRECTION('center_axis',(-1.,0.,0.));
#6434=DIRECTION('ref_axis',(0.,1.,0.));
#6435=DIRECTION('',(0.,0.,-1.));
#6436=DIRECTION('',(0.,-1.,0.));
#6437=DIRECTION('',(0.,0.,-1.));
#6438=DIRECTION('center_axis',(0.,-1.,0.));
#6439=DIRECTION('ref_axis',(-1.,0.,0.));
#6440=DIRECTION('',(0.,0.,-1.));
#6441=DIRECTION('',(1.,0.,0.));
#6442=DIRECTION('center_axis',(0.,-1.,0.));
#6443=DIRECTION('ref_axis',(-1.,0.,0.));
#6444=DIRECTION('',(0.,0.,-1.));
#6445=DIRECTION('',(1.,0.,0.));
#6446=DIRECTION('',(0.,0.,-1.));
#6447=DIRECTION('center_axis',(1.,0.,0.));
#6448=DIRECTION('ref_axis',(0.,-1.,0.));
#6449=DIRECTION('',(0.,0.,-1.));
#6450=DIRECTION('',(0.,1.,0.));
#6451=DIRECTION('center_axis',(0.,1.,0.));
#6452=DIRECTION('ref_axis',(1.,0.,0.));
#6453=DIRECTION('',(0.,0.,-1.));
#6454=DIRECTION('',(-1.,0.,0.));
#6455=DIRECTION('center_axis',(0.,-1.,0.));
#6456=DIRECTION('ref_axis',(-1.,0.,0.));
#6457=DIRECTION('',(0.,0.,-1.));
#6458=DIRECTION('',(1.,0.,0.));
#6459=DIRECTION('',(0.,0.,-1.));
#6460=DIRECTION('center_axis',(1.,0.,0.));
#6461=DIRECTION('ref_axis',(0.,-1.,0.));
#6462=DIRECTION('',(0.,-1.,0.));
#6463=DIRECTION('',(0.,0.,-1.));
#6464=DIRECTION('',(0.,1.,0.));
#6465=DIRECTION('',(0.573576436351037,0.,-0.819152044288998));
#6466=DIRECTION('',(-0.702001329820334,0.70199172298091,0.120007307264082));
#6467=DIRECTION('',(0.,-0.573576436351054,0.819152044288986));
#6468=DIRECTION('',(-0.706886301776837,0.706884298321366,0.025026888479755));
#6469=DIRECTION('',(0.819152044288992,0.,0.573576436351047));
#6470=DIRECTION('',(0.,-0.81915204428899,-0.573576436351049));
#6471=DIRECTION('',(-0.707099534114333,0.707099534114336,0.00452743973806211));
#6472=DIRECTION('center_axis',(-0.707106781186549,-0.707106781186546,0.));
#6473=DIRECTION('ref_axis',(0.,0.,1.));
#6474=DIRECTION('',(-4.44089209850062E-16,0.,1.));
#6475=DIRECTION('',(0.,0.,-1.));
#6476=DIRECTION('',(-0.707106781186546,0.707106781186549,-1.79439138135288E-16));
#6477=DIRECTION('',(-0.819152044288991,0.,-0.573576436351047));
#6478=DIRECTION('',(0.71062524623879,-0.703570720971289,5.13877479488035E-15));
#6479=DIRECTION('',(0.,0.819152044288987,0.573576436351053));
#6480=DIRECTION('center_axis',(2.53765262771464E-16,0.,-1.));
#6481=DIRECTION('ref_axis',(-1.,0.,-2.53765262771464E-16));
#6482=DIRECTION('',(0.,-1.,0.));
#6483=DIRECTION('',(0.,1.,0.));
#6484=DIRECTION('',(0.710625246238792,0.703570720971287,-1.71292493162678E-15));
#6485=DIRECTION('',(1.,3.62414354207449E-16,2.53765262771464E-16));
#6486=DIRECTION('',(0.819152044288958,0.,0.573576436351094));
#6487=DIRECTION('',(-0.706886301776905,0.706884298321291,0.0250268884799346));
#6488=DIRECTION('',(0.,-0.81915204428899,-0.573576436351049));
#6489=DIRECTION('',(-0.707099534114335,0.707099534114334,0.00452743973806054));
#6490=DIRECTION('center_axis',(-0.707106781186547,-0.707106781186548,0.));
#6491=DIRECTION('ref_axis',(0.,0.,1.));
#6492=DIRECTION('',(-4.44089209850062E-16,0.,1.));
#6493=DIRECTION('',(0.,0.,-1.));
#6494=DIRECTION('',(-0.707099715333554,0.707099352902497,0.00452743857784335));
#6495=DIRECTION('',(-0.81915204428899,0.,-0.573576436351049));
#6496=DIRECTION('',(0.,0.819152044288989,0.57357643635105));
#6497=DIRECTION('',(-0.702001329820585,0.701991722980516,0.120007307264916));
#6498=DIRECTION('',(0.573576436351029,0.,-0.819152044289004));
#6499=DIRECTION('',(0.,-0.573576436351038,0.819152044288997));
#6500=DIRECTION('',(-0.819152044288992,0.,-0.573576436351046));
#6501=DIRECTION('',(-0.706166675292574,0.706166675292573,0.0515485539318546));
#6502=DIRECTION('',(0.,0.819152044288995,0.573576436351041));
#6503=DIRECTION('',(0.,0.819152044288995,0.573576436351041));
#6504=DIRECTION('',(-0.415281562169394,0.415275879069984,0.809374553828325));
#6505=DIRECTION('',(0.573576436351036,0.,-0.819152044288999));
#6506=DIRECTION('',(0.,-0.573576436351063,0.81915204428898));
#6507=DIRECTION('',(-0.679954411922837,0.679952484797634,0.274456947669744));
#6508=DIRECTION('',(0.573576436351036,0.,-0.819152044288999));
#6509=DIRECTION('',(0.819152044288993,0.,0.573576436351044));
#6510=DIRECTION('',(0.,-0.819152044288998,-0.573576436351038));
#6511=DIRECTION('',(-0.706166675292574,0.706166675292573,0.0515485539318562));
#6512=DIRECTION('center_axis',(-0.707106781186547,-0.707106781186548,0.));
#6513=DIRECTION('ref_axis',(0.,0.,1.));
#6514=DIRECTION('',(-4.44089209850062E-16,0.,1.));
#6515=DIRECTION('',(0.,0.,-1.));
#6516=DIRECTION('',(-4.44089209850062E-16,0.,1.));
#6517=DIRECTION('',(0.819152044288992,0.,0.573576436351046));
#6518=DIRECTION('',(-0.706886301776842,0.706884298321358,0.0250268884797814));
#6519=DIRECTION('',(0.,-0.819152044288993,-0.573576436351044));
#6520=DIRECTION('',(-0.707099534114336,0.707099534114333,0.00452743973806054));
#6521=DIRECTION('center_axis',(-0.707106781186546,-0.707106781186549,0.));
#6522=DIRECTION('ref_axis',(0.,0.,1.));
#6523=DIRECTION('',(-4.44089209850062E-16,0.,1.));
#6524=DIRECTION('',(0.,0.,-1.));
#6525=DIRECTION('',(-0.707099715333555,0.707099352902497,0.00452743857779311));
#6526=DIRECTION('',(-0.819152044288992,0.,-0.573576436351045));
#6527=DIRECTION('',(0.,0.819152044288992,0.573576436351045));
#6528=DIRECTION('',(-0.702001329820195,0.701991722981001,0.12000730726436));
#6529=DIRECTION('',(0.573576436351041,0.,-0.819152044288995));
#6530=DIRECTION('',(0.,-0.573576436351002,0.819152044289023));
#6531=DIRECTION('',(0.81915204428899,0.,0.573576436351048));
#6532=DIRECTION('',(-0.706886301776864,0.706884298321336,0.0250268884798069));
#6533=DIRECTION('',(0.,-0.819152044288998,-0.573576436351038));
#6534=DIRECTION('',(-0.707099534114336,0.707099534114333,0.00452743973806054));
#6535=DIRECTION('center_axis',(-0.707106781186546,-0.707106781186549,-4.58350630512752E-16));
#6536=DIRECTION('ref_axis',(-6.48205677993394E-16,0.,1.));
#6537=DIRECTION('',(-4.44089209850062E-16,0.,1.));
#6538=DIRECTION('',(3.69778549322347E-31,0.,-1.));
#6539=DIRECTION('',(-0.707099715333556,0.707099352902496,0.00452743857779781));
#6540=DIRECTION('',(-0.819152044288992,0.,-0.573576436351046));
#6541=DIRECTION('',(0.,0.819152044288997,0.573576436351039));
#6542=DIRECTION('',(-0.702001329820477,0.701991722980721,0.120007307264349));
#6543=DIRECTION('',(0.573576436351056,0.,-0.819152044288985));
#6544=DIRECTION('',(0.,-0.573576436351086,0.819152044288964));
#6545=DIRECTION('',(0.,-0.573576436351054,0.819152044288986));
#6546=DIRECTION('',(-0.702001329820341,-0.701991722980897,-0.120007307264121));
#6547=DIRECTION('',(-0.573576436351036,0.,-0.819152044288999));
#6548=DIRECTION('',(-0.706886301776839,-0.706884298321363,-0.0250268884797636));
#6549=DIRECTION('',(0.,-0.81915204428899,-0.573576436351049));
#6550=DIRECTION('',(-0.819152044288992,0.,0.573576436351046));
#6551=DIRECTION('',(-0.707099534114335,-0.707099534114334,-0.00452743973806368));
#6552=DIRECTION('center_axis',(0.707106781186547,-0.707106781186548,2.7349522286275E-15));
#6553=DIRECTION('ref_axis',(3.86780653416754E-15,0.,-1.));
#6554=DIRECTION('',(0.,0.,1.));
#6555=DIRECTION('',(5.55111512312578E-17,0.,-1.));
#6556=DIRECTION('',(-0.707106781186548,-0.707106781186547,-1.79439138135289E-16));
#6557=DIRECTION('',(0.,0.819152044288987,0.573576436351053));
#6558=DIRECTION('',(0.819152044288991,0.,-0.573576436351047));
#6559=DIRECTION('center_axis',(2.53765262771464E-16,0.,-1.));
#6560=DIRECTION('ref_axis',(-1.,0.,-2.53765262771464E-16));
#6561=DIRECTION('',(0.,1.,0.));
#6562=DIRECTION('',(-1.,0.,-2.53765262771464E-16));
#6563=DIRECTION('center_axis',(2.53765262771464E-16,0.,-1.));
#6564=DIRECTION('ref_axis',(-1.,0.,-2.53765262771464E-16));
#6565=DIRECTION('',(-1.,0.,0.));
#6566=DIRECTION('',(0.,1.,0.));
#6567=DIRECTION('',(0.,-0.573576436351038,0.819152044288997));
#6568=DIRECTION('',(-0.702001329820584,-0.70199172298051,-0.120007307264957));
#6569=DIRECTION('',(-0.573576436351028,0.,-0.819152044289004));
#6570=DIRECTION('',(-0.706886301776904,-0.706884298321292,-0.0250268884799433));
#6571=DIRECTION('',(0.,-0.81915204428899,-0.573576436351049));
#6572=DIRECTION('',(-0.819152044288958,0.,0.573576436351094));
#6573=DIRECTION('',(-0.707099534114335,-0.707099534114334,-0.00452743973806368));
#6574=DIRECTION('center_axis',(0.707106781186547,-0.707106781186548,0.));
#6575=DIRECTION('ref_axis',(0.,0.,-1.));
#6576=DIRECTION('',(0.,0.,1.));
#6577=DIRECTION('',(5.55111512312578E-17,0.,-1.));
#6578=DIRECTION('',(-0.707099715333554,-0.707099352902497,-0.00452743857784492));
#6579=DIRECTION('',(0.,0.819152044288989,0.57357643635105));
#6580=DIRECTION('',(0.81915204428899,0.,-0.573576436351048));
#6581=DIRECTION('',(0.,-0.573576436351063,0.81915204428898));
#6582=DIRECTION('',(-0.415281562169386,-0.415275879069976,-0.809374553828333));
#6583=DIRECTION('',(-0.573576436351035,0.,-0.819152044289));
#6584=DIRECTION('',(-0.573576436351035,0.,-0.819152044289));
#6585=DIRECTION('',(-0.679954411922835,-0.679952484797633,-0.274456947669751));
#6586=DIRECTION('',(0.,-0.819152044288998,-0.573576436351038));
#6587=DIRECTION('',(-0.819152044288993,0.,0.573576436351044));
#6588=DIRECTION('',(-0.706166856749907,-0.706166494796995,-0.0515485407560945));
#6589=DIRECTION('center_axis',(0.707106781186547,-0.707106781186548,0.));
#6590=DIRECTION('ref_axis',(0.,0.,-1.));
#6591=DIRECTION('',(0.,0.,1.));
#6592=DIRECTION('',(0.,0.,1.));
#6593=DIRECTION('',(5.55111512312578E-17,0.,-1.));
#6594=DIRECTION('',(-0.706166856749907,-0.706166494796995,-0.0515485407560929));
#6595=DIRECTION('',(0.,0.819152044288995,0.573576436351041));
#6596=DIRECTION('',(0.,0.819152044288995,0.573576436351041));
#6597=DIRECTION('',(0.819152044288992,0.,-0.573576436351046));
#6598=DIRECTION('',(0.,-0.573576436351002,0.819152044289023));
#6599=DIRECTION('',(-0.702001329820171,-0.701991722981018,-0.120007307264405));
#6600=DIRECTION('',(-0.57357643635104,0.,-0.819152044288996));
#6601=DIRECTION('',(-0.706886301776837,-0.706884298321364,-0.0250268884797902));
#6602=DIRECTION('',(0.,-0.819152044288993,-0.573576436351044));
#6603=DIRECTION('',(-0.819152044288993,0.,0.573576436351045));
#6604=DIRECTION('',(-0.707099534114335,-0.707099534114334,-0.00452743973806368));
#6605=DIRECTION('center_axis',(0.707106781186547,-0.707106781186548,0.));
#6606=DIRECTION('ref_axis',(0.,0.,-1.));
#6607=DIRECTION('',(0.,0.,1.));
#6608=DIRECTION('',(5.55111512312578E-17,0.,-1.));
#6609=DIRECTION('',(-0.707099715333554,-0.707099352902497,-0.00452743857779625));
#6610=DIRECTION('',(0.,0.819152044288992,0.573576436351045));
#6611=DIRECTION('',(0.819152044288993,0.,-0.573576436351044));
#6612=DIRECTION('',(0.,-0.573576436351086,0.819152044288964));
#6613=DIRECTION('',(-0.702001329820508,-0.701991722980684,-0.120007307264392));
#6614=DIRECTION('',(-0.573576436351055,0.,-0.819152044288985));
#6615=DIRECTION('',(-0.706886301776868,-0.706884298321332,-0.0250268884798158));
#6616=DIRECTION('',(0.,-0.819152044288998,-0.573576436351038));
#6617=DIRECTION('',(-0.819152044288991,0.,0.573576436351047));
#6618=DIRECTION('',(-0.707099534114335,-0.707099534114334,-0.00452743973806368));
#6619=DIRECTION('center_axis',(0.707106781186547,-0.707106781186548,0.));
#6620=DIRECTION('ref_axis',(0.,0.,-1.));
#6621=DIRECTION('',(0.,0.,1.));
#6622=DIRECTION('',(5.55111512312578E-17,0.,-1.));
#6623=DIRECTION('',(-0.707099715333556,-0.707099352902496,-0.00452743857780095));
#6624=DIRECTION('',(0.,0.819152044288997,0.573576436351039));
#6625=DIRECTION('',(0.819152044288993,0.,-0.573576436351045));
#6626=DIRECTION('',(-0.642787609686539,0.,0.766044443118978));
#6627=DIRECTION('',(-0.744938198439074,0.664728116602646,-0.0566004549826763));
#6628=DIRECTION('',(7.27553168190723E-16,0.573576436351046,-0.819152044288992));
#6629=DIRECTION('',(-1.733956118455E-13,0.,1.));
#6630=DIRECTION('',(-0.642787609686539,0.,0.766044443118978));
#6631=DIRECTION('',(0.642787609686544,0.,-0.766044443118974));
#6632=DIRECTION('',(5.47880721063879E-14,0.,1.));
#6633=DIRECTION('',(-7.2755316819072E-16,-0.573576436351051,0.819152044288988));
#6634=DIRECTION('',(-7.2755316819072E-16,-0.573576436351051,0.819152044288988));
#6635=DIRECTION('',(-0.761360107450218,0.645980441178808,-0.0551367064470165));
#6636=DIRECTION('',(0.766044443118967,0.,0.642787609686552));
#6637=DIRECTION('',(5.09438212815498E-16,-0.819152044288994,-0.573576436351042));
#6638=DIRECTION('center_axis',(1.,0.,0.));
#6639=DIRECTION('ref_axis',(0.,0.,-1.));
#6640=DIRECTION('',(0.,0.,-1.));
#6641=DIRECTION('',(5.47880721063458E-14,0.,1.));
#6642=DIRECTION('',(0.,-1.,0.));
#6643=DIRECTION('',(0.,1.,0.));
#6644=DIRECTION('',(0.,0.,1.));
#6645=DIRECTION('',(0.,1.,0.));
#6646=DIRECTION('',(0.,0.,-1.));
#6647=DIRECTION('',(0.,1.,0.));
#6648=DIRECTION('center_axis',(0.766044443118974,0.,0.642787609686544));
#6649=DIRECTION('ref_axis',(0.642787609686544,0.,-0.766044443118974));
#6650=DIRECTION('',(0.,-1.,0.));
#6651=DIRECTION('',(0.,1.,0.));
#6652=DIRECTION('center_axis',(-0.766044443118978,0.,-0.642787609686539));
#6653=DIRECTION('ref_axis',(-0.642787609686539,0.,0.766044443118978));
#6654=DIRECTION('',(0.,1.,0.));
#6655=DIRECTION('',(0.,-1.,0.));
#6656=DIRECTION('center_axis',(-0.642787609686552,0.,0.766044443118967));
#6657=DIRECTION('ref_axis',(0.766044443118967,0.,0.642787609686552));
#6658=DIRECTION('',(-0.642787609686543,0.,0.766044443118975));
#6659=DIRECTION('',(-0.744938198439074,0.664728116602646,-0.0566004549826813));
#6660=DIRECTION('',(7.27553168190722E-16,0.573576436351048,-0.819152044288991));
#6661=DIRECTION('',(0.,0.,1.));
#6662=DIRECTION('',(-0.642787609686543,0.,0.766044443118975));
#6663=DIRECTION('',(0.642787609686548,0.,-0.766044443118971));
#6664=DIRECTION('',(-7.27553168190712E-16,-0.573576436351063,0.81915204428898));
#6665=DIRECTION('',(-7.27553168190712E-16,-0.573576436351063,0.81915204428898));
#6666=DIRECTION('',(-0.761360107450219,0.645980441178807,-0.0551367064470273));
#6667=DIRECTION('',(0.766044443118984,0.,0.642787609686532));
#6668=DIRECTION('',(5.09438212815489E-16,-0.819152044289001,-0.573576436351032));
#6669=DIRECTION('center_axis',(1.,0.,0.));
#6670=DIRECTION('ref_axis',(0.,0.,-1.));
#6671=DIRECTION('',(0.,0.,-1.));
#6672=DIRECTION('',(2.73940360531819E-14,0.,1.));
#6673=DIRECTION('',(0.,-1.,0.));
#6674=DIRECTION('',(0.,1.,0.));
#6675=DIRECTION('',(0.,0.,1.));
#6676=DIRECTION('',(0.,1.,0.));
#6677=DIRECTION('',(0.,0.,-1.));
#6678=DIRECTION('',(0.,1.,0.));
#6679=DIRECTION('center_axis',(0.766044443118971,0.,0.642787609686548));
#6680=DIRECTION('ref_axis',(0.642787609686548,0.,-0.766044443118971));
#6681=DIRECTION('',(0.,1.,0.));
#6682=DIRECTION('center_axis',(-0.766044443118975,0.,-0.642787609686543));
#6683=DIRECTION('ref_axis',(-0.642787609686543,0.,0.766044443118975));
#6684=DIRECTION('',(0.,1.,0.));
#6685=DIRECTION('',(0.,-1.,0.));
#6686=DIRECTION('center_axis',(-0.642787609686532,0.,0.766044443118984));
#6687=DIRECTION('ref_axis',(0.766044443118984,0.,0.642787609686532));
#6688=DIRECTION('',(-0.642787609686541,0.,0.766044443118976));
#6689=DIRECTION('',(-0.744938198439074,0.664728116602646,-0.0566004549826833));
#6690=DIRECTION('',(7.27553168190723E-16,0.573576436351046,-0.819152044288992));
#6691=DIRECTION('',(-3.4679122369088E-13,0.,1.));
#6692=DIRECTION('',(-0.642787609686541,0.,0.766044443118976));
#6693=DIRECTION('',(0.642787609686548,0.,-0.766044443118971));
#6694=DIRECTION('',(-7.27553168190716E-16,-0.573576436351058,0.819152044288984));
#6695=DIRECTION('',(-7.27553168190716E-16,-0.573576436351058,0.819152044288984));
#6696=DIRECTION('',(-0.761360107450216,0.64598044117881,-0.0551367064470341));
#6697=DIRECTION('',(0.766044443118986,0.,0.64278760968653));
#6698=DIRECTION('',(5.09438212815507E-16,-0.819152044288987,-0.573576436351052));
#6699=DIRECTION('center_axis',(1.,0.,0.));
#6700=DIRECTION('ref_axis',(0.,0.,-1.));
#6701=DIRECTION('',(0.,0.,-1.));
#6702=DIRECTION('',(-2.73940360531879E-14,0.,1.));
#6703=DIRECTION('',(0.,-1.,0.));
#6704=DIRECTION('',(0.,1.,0.));
#6705=DIRECTION('',(0.,0.,1.));
#6706=DIRECTION('',(0.,1.,0.));
#6707=DIRECTION('',(0.,0.,-1.));
#6708=DIRECTION('',(0.,1.,0.));
#6709=DIRECTION('center_axis',(0.766044443118971,0.,0.642787609686548));
#6710=DIRECTION('ref_axis',(0.642787609686548,0.,-0.766044443118971));
#6711=DIRECTION('',(0.,1.,0.));
#6712=DIRECTION('center_axis',(-0.766044443118976,0.,-0.642787609686541));
#6713=DIRECTION('ref_axis',(-0.642787609686541,0.,0.766044443118976));
#6714=DIRECTION('',(0.,1.,0.));
#6715=DIRECTION('',(0.,-1.,0.));
#6716=DIRECTION('center_axis',(-0.64278760968653,0.,0.766044443118986));
#6717=DIRECTION('ref_axis',(0.766044443118986,0.,0.64278760968653));
#6718=DIRECTION('',(-0.642787609686538,0.,0.766044443118979));
#6719=DIRECTION('',(-0.744938198439069,0.664728116602651,-0.05660045498268));
#6720=DIRECTION('',(7.27553168190722E-16,0.573576436351048,-0.81915204428899));
#6721=DIRECTION('',(1.7339561184556E-13,-3.46791223691121E-13,1.));
#6722=DIRECTION('',(-0.642787609686538,0.,0.766044443118979));
#6723=DIRECTION('',(0.642787609686545,0.,-0.766044443118973));
#6724=DIRECTION('',(-7.27553168190715E-16,-0.573576436351059,0.819152044288983));
#6725=DIRECTION('',(-7.27553168190715E-16,-0.573576436351059,0.819152044288983));
#6726=DIRECTION('',(-0.76136010745021,0.645980441178817,-0.0551367064470278));
#6727=DIRECTION('',(0.766044443118976,0.,0.642787609686542));
#6728=DIRECTION('',(5.09438212815512E-16,-0.819152044288983,-0.573576436351058));
#6729=DIRECTION('center_axis',(1.,0.,0.));
#6730=DIRECTION('ref_axis',(0.,0.,-1.));
#6731=DIRECTION('',(0.,0.,-1.));
#6732=DIRECTION('',(-2.73940360531789E-14,0.,1.));
#6733=DIRECTION('',(0.,-1.,0.));
#6734=DIRECTION('',(0.,1.,0.));
#6735=DIRECTION('',(0.,0.,1.));
#6736=DIRECTION('',(0.,1.,0.));
#6737=DIRECTION('',(0.,0.,-1.));
#6738=DIRECTION('',(0.,1.,0.));
#6739=DIRECTION('center_axis',(0.766044443118973,0.,0.642787609686545));
#6740=DIRECTION('ref_axis',(0.642787609686545,0.,-0.766044443118973));
#6741=DIRECTION('',(0.,1.,0.));
#6742=DIRECTION('center_axis',(-0.766044443118979,0.,-0.642787609686538));
#6743=DIRECTION('ref_axis',(-0.642787609686538,0.,0.766044443118979));
#6744=DIRECTION('',(0.,1.,0.));
#6745=DIRECTION('',(0.,-1.,0.));
#6746=DIRECTION('center_axis',(-0.642787609686542,0.,0.766044443118976));
#6747=DIRECTION('ref_axis',(0.766044443118976,0.,0.642787609686542));
#6748=DIRECTION('',(-7.27553168190715E-16,-0.573576436351059,0.819152044288983));
#6749=DIRECTION('',(0.761360107450211,-0.645980441178815,0.0551367064470318));
#6750=DIRECTION('',(0.642787609686542,0.,-0.766044443118976));
#6751=DIRECTION('',(-7.27553168190715E-16,-0.573576436351059,0.819152044288983));
#6752=DIRECTION('',(5.09438212815507E-16,-0.819152044288987,-0.573576436351052));
#6753=DIRECTION('',(0.744938198439069,-0.66472811660265,0.056600454982685));
#6754=DIRECTION('',(0.766044443118975,0.,0.642787609686543));
#6755=DIRECTION('',(7.27553168190722E-16,0.573576436351048,-0.819152044288991));
#6756=DIRECTION('',(0.,0.,1.));
#6757=DIRECTION('',(-0.642787609686538,0.,0.766044443118979));
#6758=DIRECTION('',(-0.642787609686538,0.,0.766044443118979));
#6759=DIRECTION('center_axis',(1.,0.,0.));
#6760=DIRECTION('ref_axis',(0.,0.,-1.));
#6761=DIRECTION('',(0.,0.,-1.));
#6762=DIRECTION('',(0.,1.,0.));
#6763=DIRECTION('center_axis',(-0.766044443118979,0.,-0.642787609686539));
#6764=DIRECTION('ref_axis',(-0.642787609686538,0.,0.766044443118979));
#6765=DIRECTION('',(0.,1.,0.));
#6766=DIRECTION('center_axis',(-0.642787609686543,0.,0.766044443118975));
#6767=DIRECTION('ref_axis',(0.766044443118975,0.,0.642787609686543));
#6768=DIRECTION('',(0.,1.,0.));
#6769=DIRECTION('center_axis',(0.766044443118976,0.,0.642787609686542));
#6770=DIRECTION('ref_axis',(0.642787609686542,0.,-0.766044443118976));
#6771=DIRECTION('center_axis',(1.,0.,0.));
#6772=DIRECTION('ref_axis',(0.,0.,-1.));
#6773=DIRECTION('',(0.,1.,0.));
#6774=DIRECTION('',(0.,0.,-1.));
#6775=DIRECTION('',(0.,0.,1.));
#6776=DIRECTION('',(0.,1.,0.));
#6777=DIRECTION('',(0.,0.,-1.));
#6778=DIRECTION('',(0.,-1.,0.));
#6779=DIRECTION('center_axis',(0.,0.573576436351038,-0.819152044288998));
#6780=DIRECTION('ref_axis',(0.,-0.819152044288998,-0.573576436351038));
#6781=DIRECTION('',(-1.,0.,0.));
#6782=DIRECTION('',(-1.,0.,0.));
#6783=DIRECTION('center_axis',(0.,-0.81915204428898,-0.573576436351063));
#6784=DIRECTION('ref_axis',(0.,-0.573576436351063,0.81915204428898));
#6785=DIRECTION('',(-1.,0.,0.));
#6786=DIRECTION('center_axis',(0.,-0.573576436351041,0.819152044288995));
#6787=DIRECTION('ref_axis',(0.,0.819152044288995,0.573576436351041));
#6788=DIRECTION('',(1.,0.,0.));
#6789=DIRECTION('center_axis',(0.,0.573576436351044,-0.819152044288993));
#6790=DIRECTION('ref_axis',(0.,-0.819152044288993,-0.573576436351044));
#6791=DIRECTION('',(-1.,0.,0.));
#6792=DIRECTION('',(-1.,0.,0.));
#6793=DIRECTION('center_axis',(0.,-0.819152044289023,-0.573576436351002));
#6794=DIRECTION('ref_axis',(0.,-0.573576436351002,0.819152044289023));
#6795=DIRECTION('',(-1.,0.,0.));
#6796=DIRECTION('center_axis',(0.,-0.573576436351045,0.819152044288992));
#6797=DIRECTION('ref_axis',(0.,0.819152044288992,0.573576436351045));
#6798=DIRECTION('',(1.,0.,0.));
#6799=DIRECTION('center_axis',(0.,0.573576436351049,-0.81915204428899));
#6800=DIRECTION('ref_axis',(0.,-0.81915204428899,-0.573576436351049));
#6801=DIRECTION('',(-1.,0.,0.));
#6802=DIRECTION('',(-1.,0.,0.));
#6803=DIRECTION('center_axis',(0.,-0.819152044288997,-0.573576436351038));
#6804=DIRECTION('ref_axis',(0.,-0.573576436351038,0.819152044288997));
#6805=DIRECTION('',(-1.,0.,0.));
#6806=DIRECTION('center_axis',(0.,-0.57357643635105,0.819152044288989));
#6807=DIRECTION('ref_axis',(0.,0.819152044288989,0.57357643635105));
#6808=DIRECTION('',(1.,0.,0.));
#6809=DIRECTION('center_axis',(0.,0.573576436351038,-0.819152044288998));
#6810=DIRECTION('ref_axis',(0.,-0.819152044288998,-0.573576436351038));
#6811=DIRECTION('',(-1.,0.,0.));
#6812=DIRECTION('',(-1.,0.,0.));
#6813=DIRECTION('center_axis',(0.,-0.819152044288964,-0.573576436351086));
#6814=DIRECTION('ref_axis',(0.,-0.573576436351086,0.819152044288964));
#6815=DIRECTION('',(-1.,0.,0.));
#6816=DIRECTION('center_axis',(0.,-0.573576436351039,0.819152044288997));
#6817=DIRECTION('ref_axis',(0.,0.819152044288997,0.573576436351039));
#6818=DIRECTION('',(1.,0.,0.));
#6819=DIRECTION('center_axis',(0.,0.573576436351049,-0.81915204428899));
#6820=DIRECTION('ref_axis',(0.,-0.81915204428899,-0.573576436351049));
#6821=DIRECTION('',(-1.,0.,0.));
#6822=DIRECTION('',(-1.,0.,0.));
#6823=DIRECTION('center_axis',(0.,-0.819152044288986,-0.573576436351054));
#6824=DIRECTION('ref_axis',(0.,-0.573576436351054,0.819152044288986));
#6825=DIRECTION('',(-1.,0.,0.));
#6826=DIRECTION('center_axis',(0.,-0.573576436351053,0.819152044288987));
#6827=DIRECTION('ref_axis',(0.,0.819152044288987,0.573576436351053));
#6828=DIRECTION('',(-0.642787609686543,0.,-0.766044443118975));
#6829=DIRECTION('',(0.761360107450217,0.645980441178809,-0.0551367064470166));
#6830=DIRECTION('',(0.,-0.573576436351051,0.819152044288988));
#6831=DIRECTION('',(0.,-0.573576436351051,0.819152044288988));
#6832=DIRECTION('',(2.05455270398955E-14,0.,-1.));
#6833=DIRECTION('',(0.642787609686538,0.,0.766044443118979));
#6834=DIRECTION('',(0.642787609686538,0.,0.766044443118979));
#6835=DIRECTION('',(-2.43837579157735E-14,0.,-1.));
#6836=DIRECTION('',(0.,0.573576436351046,-0.819152044288992));
#6837=DIRECTION('',(0.744938198439073,0.664728116602647,-0.0566004549826764));
#6838=DIRECTION('',(-0.766044443118968,0.,0.642787609686551));
#6839=DIRECTION('',(0.,-0.819152044288994,-0.573576436351042));
#6840=DIRECTION('center_axis',(-1.,0.,-4.62592926927148E-17));
#6841=DIRECTION('ref_axis',(-4.62592926927148E-17,0.,1.));
#6842=DIRECTION('',(0.,-1.,0.));
#6843=DIRECTION('',(-4.62592926927148E-17,0.,1.));
#6844=DIRECTION('',(0.,-1.,0.));
#6845=DIRECTION('',(4.62592926927148E-17,0.,-1.));
#6846=DIRECTION('',(0.,-1.,0.));
#6847=DIRECTION('',(0.,1.,0.));
#6848=DIRECTION('',(3.42425450664662E-14,0.,-1.));
#6849=DIRECTION('',(-6.93889390390722E-17,0.,1.));
#6850=DIRECTION('center_axis',(-1.,0.,-4.62592926927148E-17));
#6851=DIRECTION('ref_axis',(-4.62592926927148E-17,0.,1.));
#6852=DIRECTION('',(-6.93889390390722E-17,0.,1.));
#6853=DIRECTION('',(0.,1.,0.));
#6854=DIRECTION('',(0.,1.,0.));
#6855=DIRECTION('',(4.62592926927148E-17,0.,-1.));
#6856=DIRECTION('',(0.,1.,0.));
#6857=DIRECTION('',(-4.62592926927148E-17,0.,1.));
#6858=DIRECTION('',(0.,-1.,0.));
#6859=DIRECTION('center_axis',(0.766044443118975,0.,-0.642787609686543));
#6860=DIRECTION('ref_axis',(-0.642787609686543,0.,-0.766044443118975));
#6861=DIRECTION('',(0.,1.,0.));
#6862=DIRECTION('center_axis',(-0.766044443118979,0.,0.642787609686538));
#6863=DIRECTION('ref_axis',(0.642787609686538,0.,0.766044443118979));
#6864=DIRECTION('',(0.,1.,0.));
#6865=DIRECTION('',(0.,1.,0.));
#6866=DIRECTION('center_axis',(-0.642787609686551,0.,-0.766044443118968));
#6867=DIRECTION('ref_axis',(-0.766044443118968,0.,0.642787609686551));
#6868=DIRECTION('',(-0.642787609686547,0.,-0.766044443118972));
#6869=DIRECTION('',(0.761360107450217,0.645980441178809,-0.0551367064470273));
#6870=DIRECTION('',(0.,-0.573576436351063,0.81915204428898));
#6871=DIRECTION('',(0.,-0.573576436351063,0.81915204428898));
#6872=DIRECTION('',(0.642787609686543,0.,0.766044443118975));
#6873=DIRECTION('',(0.642787609686543,0.,0.766044443118975));
#6874=DIRECTION('',(1.46302547494641E-13,0.,-1.));
#6875=DIRECTION('',(0.,0.573576436351048,-0.819152044288991));
#6876=DIRECTION('',(0.744938198439073,0.664728116602647,-0.0566004549826813));
#6877=DIRECTION('',(-0.766044443118985,0.,0.642787609686531));
#6878=DIRECTION('',(0.,-0.819152044289001,-0.573576436351032));
#6879=DIRECTION('center_axis',(-1.,0.,-4.62592926927148E-17));
#6880=DIRECTION('ref_axis',(-4.62592926927148E-17,0.,1.));
#6881=DIRECTION('',(0.,-1.,0.));
#6882=DIRECTION('',(-4.62592926927148E-17,0.,1.));
#6883=DIRECTION('',(0.,-1.,0.));
#6884=DIRECTION('',(4.62592926927148E-17,0.,-1.));
#6885=DIRECTION('',(0.,-1.,0.));
#6886=DIRECTION('',(0.,1.,0.));
#6887=DIRECTION('',(3.08182905598297E-14,0.,-1.));
#6888=DIRECTION('',(-6.93889390390722E-17,0.,1.));
#6889=DIRECTION('center_axis',(0.766044443118972,0.,-0.642787609686547));
#6890=DIRECTION('ref_axis',(-0.642787609686547,0.,-0.766044443118972));
#6891=DIRECTION('',(0.,1.,0.));
#6892=DIRECTION('center_axis',(-0.766044443118975,0.,0.642787609686543));
#6893=DIRECTION('ref_axis',(0.642787609686543,0.,0.766044443118975));
#6894=DIRECTION('',(0.,1.,0.));
#6895=DIRECTION('',(0.,1.,0.));
#6896=DIRECTION('center_axis',(-0.642787609686531,0.,-0.766044443118985));
#6897=DIRECTION('ref_axis',(-0.766044443118985,0.,0.642787609686531));
#6898=DIRECTION('',(-0.642787609686547,0.,-0.766044443118972));
#6899=DIRECTION('',(0.761360107450214,0.645980441178812,-0.0551367064470341));
#6900=DIRECTION('',(0.,-0.573576436351058,0.819152044288984));
#6901=DIRECTION('',(0.,-0.573576436351058,0.819152044288984));
#6902=DIRECTION('',(0.642787609686541,0.,0.766044443118977));
#6903=DIRECTION('',(0.642787609686541,0.,0.766044443118977));
#6904=DIRECTION('',(-4.14523884568005E-13,0.,-1.));
#6905=DIRECTION('',(0.,0.573576436351046,-0.819152044288992));
#6906=DIRECTION('',(0.744938198439072,0.664728116602647,-0.0566004549826833));
#6907=DIRECTION('',(-0.766044443118986,0.,0.642787609686529));
#6908=DIRECTION('',(0.,-0.819152044288987,-0.573576436351052));
#6909=DIRECTION('center_axis',(-1.,0.,-4.62592926927148E-17));
#6910=DIRECTION('ref_axis',(-4.62592926927148E-17,0.,1.));
#6911=DIRECTION('',(0.,-1.,0.));
#6912=DIRECTION('',(-4.62592926927148E-17,0.,1.));
#6913=DIRECTION('',(0.,-1.,0.));
#6914=DIRECTION('',(4.62592926927148E-17,0.,-1.));
#6915=DIRECTION('',(0.,-1.,0.));
#6916=DIRECTION('',(0.,1.,0.));
#6917=DIRECTION('',(2.05455270398909E-14,0.,-1.));
#6918=DIRECTION('',(-6.93889390390722E-17,0.,1.));
#6919=DIRECTION('center_axis',(0.766044443118972,0.,-0.642787609686547));
#6920=DIRECTION('ref_axis',(-0.642787609686547,0.,-0.766044443118972));
#6921=DIRECTION('',(0.,1.,0.));
#6922=DIRECTION('center_axis',(-0.766044443118977,0.,0.642787609686541));
#6923=DIRECTION('ref_axis',(0.642787609686541,0.,0.766044443118977));
#6924=DIRECTION('',(0.,1.,0.));
#6925=DIRECTION('',(0.,1.,0.));
#6926=DIRECTION('center_axis',(-0.642787609686529,0.,-0.766044443118986));
#6927=DIRECTION('ref_axis',(-0.766044443118986,0.,0.642787609686529));
#6928=DIRECTION('',(-0.642787609686544,0.,-0.766044443118974));
#6929=DIRECTION('',(0.76136010745021,0.645980441178817,-0.0551367064470278));
#6930=DIRECTION('',(0.,-0.573576436351059,0.819152044288983));
#6931=DIRECTION('',(0.,-0.573576436351059,0.819152044288983));
#6932=DIRECTION('',(0.642787609686537,0.,0.76604444311898));
#6933=DIRECTION('',(0.642787609686537,0.,0.76604444311898));
#6934=DIRECTION('',(-1.02953644533301E-13,0.,-1.));
#6935=DIRECTION('',(0.,0.573576436351048,-0.81915204428899));
#6936=DIRECTION('',(0.744938198439069,0.664728116602651,-0.05660045498268));
#6937=DIRECTION('',(-0.766044443118977,0.,0.642787609686541));
#6938=DIRECTION('',(0.,-0.819152044288983,-0.573576436351058));
#6939=DIRECTION('center_axis',(-1.,0.,-4.62592926927148E-17));
#6940=DIRECTION('ref_axis',(-4.62592926927148E-17,0.,1.));
#6941=DIRECTION('',(0.,-1.,0.));
#6942=DIRECTION('',(-4.62592926927148E-17,0.,1.));
#6943=DIRECTION('',(0.,-1.,0.));
#6944=DIRECTION('',(4.62592926927148E-17,0.,-1.));
#6945=DIRECTION('',(0.,-1.,0.));
#6946=DIRECTION('',(0.,1.,0.));
#6947=DIRECTION('',(5.3932008479696E-14,0.,-1.));
#6948=DIRECTION('',(-6.93889390390722E-17,0.,1.));
#6949=DIRECTION('center_axis',(0.766044443118974,0.,-0.642787609686544));
#6950=DIRECTION('ref_axis',(-0.642787609686544,0.,-0.766044443118974));
#6951=DIRECTION('',(0.,1.,0.));
#6952=DIRECTION('center_axis',(-0.76604444311898,0.,0.642787609686537));
#6953=DIRECTION('ref_axis',(0.642787609686537,0.,0.76604444311898));
#6954=DIRECTION('',(0.,1.,0.));
#6955=DIRECTION('',(0.,1.,0.));
#6956=DIRECTION('center_axis',(-0.642787609686541,0.,-0.766044443118977));
#6957=DIRECTION('ref_axis',(-0.766044443118977,0.,0.642787609686541));
#6958=DIRECTION('',(0.,-0.573576436351059,0.819152044288983));
#6959=DIRECTION('',(0.,-0.573576436351059,0.819152044288983));
#6960=DIRECTION('',(-0.642787609686542,0.,-0.766044443118976));
#6961=DIRECTION('',(-0.761360107450211,-0.645980441178815,0.0551367064470318));
#6962=DIRECTION('',(0.,0.573576436351048,-0.819152044288991));
#6963=DIRECTION('',(-0.74493819843907,-0.66472811660265,0.0566004549826849));
#6964=DIRECTION('',(0.642787609686538,0.,0.766044443118979));
#6965=DIRECTION('',(0.642787609686538,0.,0.766044443118979));
#6966=DIRECTION('',(-3.84721513782604E-13,0.,-1.));
#6967=DIRECTION('',(0.,-0.819152044288987,-0.573576436351052));
#6968=DIRECTION('',(-0.766044443118975,0.,0.642787609686542));
#6969=DIRECTION('center_axis',(-1.,0.,-4.62592926927148E-17));
#6970=DIRECTION('ref_axis',(-4.62592926927148E-17,0.,1.));
#6971=DIRECTION('',(0.,-1.,0.));
#6972=DIRECTION('',(-6.93889390390722E-17,0.,1.));
#6973=DIRECTION('center_axis',(-0.766044443118979,0.,0.642787609686538));
#6974=DIRECTION('ref_axis',(0.642787609686538,0.,0.766044443118979));
#6975=DIRECTION('',(0.,1.,0.));
#6976=DIRECTION('center_axis',(-0.642787609686542,0.,-0.766044443118975));
#6977=DIRECTION('ref_axis',(-0.766044443118975,0.,0.642787609686542));
#6978=DIRECTION('',(0.,1.,0.));
#6979=DIRECTION('center_axis',(0.766044443118976,0.,-0.642787609686542));
#6980=DIRECTION('ref_axis',(-0.642787609686542,0.,-0.766044443118976));
#6981=DIRECTION('center_axis',(8.88178419700124E-16,0.,-1.));
#6982=DIRECTION('ref_axis',(0.,-1.,0.));
#6983=DIRECTION('',(-1.,0.,-8.88178419700124E-16));
#6984=DIRECTION('',(0.,1.,0.));
#6985=DIRECTION('',(0.,-1.,0.));
#6986=DIRECTION('',(-1.,0.,-8.88178419700124E-16));
#6987=DIRECTION('center_axis',(0.,-1.,0.));
#6988=DIRECTION('ref_axis',(-8.88178419700124E-16,0.,1.));
#6989=DIRECTION('',(-4.44089209850062E-16,0.,1.));
#6990=DIRECTION('',(-1.,0.,-8.88178419700124E-16));
#6991=DIRECTION('center_axis',(-8.88178419700124E-16,0.,1.));
#6992=DIRECTION('ref_axis',(0.,1.,0.));
#6993=DIRECTION('',(0.,1.,0.));
#6994=DIRECTION('',(-1.,0.,-8.88178419700124E-16));
#6995=DIRECTION('center_axis',(0.,1.,0.));
#6996=DIRECTION('ref_axis',(8.88178419700124E-16,0.,-1.));
#6997=DIRECTION('',(4.44089209850062E-16,0.,-1.));
#6998=DIRECTION('center_axis',(1.,0.,8.88178419700124E-16));
#6999=DIRECTION('ref_axis',(8.88178419700124E-16,0.,-1.));
#7000=DIRECTION('',(0.,-1.,0.));
#7001=DIRECTION('',(8.88178419700124E-16,0.,-1.));
#7002=DIRECTION('',(0.,1.,0.));
#7003=DIRECTION('center_axis',(8.88178419700124E-16,0.,-1.));
#7004=DIRECTION('ref_axis',(0.,-1.,0.));
#7005=DIRECTION('',(-1.,0.,-8.88178419700124E-16));
#7006=DIRECTION('',(0.,-1.,0.));
#7007=DIRECTION('',(-1.,0.,-8.88178419700124E-16));
#7008=DIRECTION('center_axis',(0.,-1.,0.));
#7009=DIRECTION('ref_axis',(-8.88178419700124E-16,0.,1.));
#7010=DIRECTION('',(-4.44089209850062E-16,0.,1.));
#7011=DIRECTION('',(-1.,0.,-8.88178419700124E-16));
#7012=DIRECTION('center_axis',(-8.88178419700124E-16,0.,1.));
#7013=DIRECTION('ref_axis',(0.,1.,0.));
#7014=DIRECTION('',(0.,1.,0.));
#7015=DIRECTION('',(-1.,0.,-8.88178419700124E-16));
#7016=DIRECTION('center_axis',(0.,1.,0.));
#7017=DIRECTION('ref_axis',(8.88178419700124E-16,0.,-1.));
#7018=DIRECTION('',(4.44089209850062E-16,0.,-1.));
#7019=DIRECTION('center_axis',(0.,1.,0.));
#7020=DIRECTION('ref_axis',(-3.1015184838111E-14,0.,-1.));
#7021=DIRECTION('',(-1.,0.,-8.88178419700124E-16));
#7022=DIRECTION('',(4.44089209850062E-16,0.,-1.));
#7023=DIRECTION('',(-1.,0.,-8.88178419700124E-16));
#7024=DIRECTION('center_axis',(8.88178419700124E-16,0.,-1.));
#7025=DIRECTION('ref_axis',(0.,-1.,0.));
#7026=DIRECTION('',(0.,1.,0.));
#7027=DIRECTION('',(0.,-1.,0.));
#7028=DIRECTION('',(-1.,0.,-8.88178419700124E-16));
#7029=DIRECTION('center_axis',(0.,-1.,0.));
#7030=DIRECTION('ref_axis',(-8.88178419700124E-16,0.,1.));
#7031=DIRECTION('',(-4.44089209850062E-16,0.,1.));
#7032=DIRECTION('',(-1.,0.,-8.88178419700124E-16));
#7033=DIRECTION('center_axis',(-8.88178419700124E-16,0.,1.));
#7034=DIRECTION('ref_axis',(3.19033632578113E-15,1.,2.83358787614419E-30));
#7035=DIRECTION('',(3.19033632578113E-15,1.,2.83358787614419E-30));
#7036=DIRECTION('center_axis',(8.88178419700124E-16,0.,-1.));
#7037=DIRECTION('ref_axis',(0.,-1.,0.));
#7038=DIRECTION('',(-1.,0.,-8.88178419700124E-16));
#7039=DIRECTION('',(0.,1.,0.));
#7040=DIRECTION('',(0.,-1.,0.));
#7041=DIRECTION('',(-1.,0.,-8.88178419700124E-16));
#7042=DIRECTION('center_axis',(0.,-1.,0.));
#7043=DIRECTION('ref_axis',(3.88286502839926E-14,0.,1.));
#7044=DIRECTION('',(-4.44089209850062E-16,0.,1.));
#7045=DIRECTION('',(-1.,0.,-8.88178419700124E-16));
#7046=DIRECTION('center_axis',(-8.88178419700124E-16,0.,1.));
#7047=DIRECTION('ref_axis',(-3.97168287036926E-15,1.,-3.52756301535462E-30));
#7048=DIRECTION('',(-3.97168287036926E-15,1.,-3.52756301535462E-30));
#7049=DIRECTION('',(-1.,0.,-8.88178419700124E-16));
#7050=DIRECTION('center_axis',(0.,1.,0.));
#7051=DIRECTION('ref_axis',(8.88178419700124E-16,0.,-1.));
#7052=DIRECTION('',(4.44089209850062E-16,0.,-1.));
#7053=DIRECTION('center_axis',(8.88178419700124E-16,0.,-1.));
#7054=DIRECTION('ref_axis',(0.,-1.,0.));
#7055=DIRECTION('',(-1.,0.,-8.88178419700124E-16));
#7056=DIRECTION('',(0.,1.,0.));
#7057=DIRECTION('',(0.,-1.,0.));
#7058=DIRECTION('',(-1.,0.,-8.88178419700124E-16));
#7059=DIRECTION('center_axis',(0.,-1.,0.));
#7060=DIRECTION('ref_axis',(-8.88178419700124E-16,0.,1.));
#7061=DIRECTION('',(-4.44089209850062E-16,0.,1.));
#7062=DIRECTION('',(-1.,0.,-8.88178419700124E-16));
#7063=DIRECTION('center_axis',(-8.88178419700124E-16,0.,1.));
#7064=DIRECTION('ref_axis',(0.,1.,0.));
#7065=DIRECTION('',(0.,1.,0.));
#7066=DIRECTION('',(-1.,0.,-8.88178419700124E-16));
#7067=DIRECTION('center_axis',(0.,1.,0.));
#7068=DIRECTION('ref_axis',(8.88178419700124E-16,0.,-1.));
#7069=DIRECTION('',(4.44089209850062E-16,0.,-1.));
#7070=DIRECTION('center_axis',(-1.,0.,-4.44089209850062E-16));
#7071=DIRECTION('ref_axis',(-4.44089209850062E-16,0.,1.));
#7072=DIRECTION('',(0.,-1.,0.));
#7073=DIRECTION('',(0.,1.,0.));
#7074=DIRECTION('',(0.,-1.,0.));
#7075=DIRECTION('',(0.,1.,0.));
#7076=DIRECTION('',(0.,-1.,0.));
#7077=DIRECTION('',(0.,1.,0.));
#7078=DIRECTION('',(0.,-1.,0.));
#7079=DIRECTION('',(0.,1.,0.));
#7080=DIRECTION('',(-4.44089209850062E-16,0.,1.));
#7081=DIRECTION('',(0.,-1.,0.));
#7082=DIRECTION('',(0.,0.,1.));
#7083=DIRECTION('',(0.,0.,1.));
#7084=DIRECTION('',(0.,-1.,0.));
#7085=DIRECTION('',(-4.44089209850062E-16,0.,1.));
#7086=DIRECTION('',(0.,-1.,0.));
#7087=DIRECTION('',(-2.22044604925031E-15,0.,1.));
#7088=DIRECTION('',(-2.22044604925031E-15,0.,1.));
#7089=DIRECTION('',(0.,-1.,0.));
#7090=DIRECTION('',(-4.44089209850062E-16,0.,1.));
#7091=DIRECTION('',(0.,-1.,0.));
#7092=DIRECTION('',(2.22044604925031E-15,0.,1.));
#7093=DIRECTION('',(2.22044604925031E-15,0.,1.));
#7094=DIRECTION('',(0.,-1.,0.));
#7095=DIRECTION('',(-4.44089209850062E-16,0.,1.));
#7096=DIRECTION('',(0.,-1.,0.));
#7097=DIRECTION('',(-4.44089209850064E-15,0.,1.));
#7098=DIRECTION('',(-4.44089209850064E-15,0.,1.));
#7099=DIRECTION('',(0.,-1.,0.));
#7100=DIRECTION('',(-4.44089209850062E-16,0.,1.));
#7101=DIRECTION('',(0.,-1.,0.));
#7102=DIRECTION('',(0.,0.,1.));
#7103=DIRECTION('',(0.,-1.,0.));
#7104=DIRECTION('',(0.,0.,-1.));
#7105=DIRECTION('',(0.,1.,0.));
#7106=DIRECTION('',(0.,1.,0.));
#7107=DIRECTION('',(0.,1.,0.));
#7108=DIRECTION('center_axis',(0.,1.,0.));
#7109=DIRECTION('ref_axis',(0.,0.,1.));
#7110=DIRECTION('',(1.,0.,0.));
#7111=DIRECTION('',(-1.,0.,-8.88178419700124E-16));
#7112=DIRECTION('',(-1.,0.,0.));
#7113=DIRECTION('',(0.,0.,-1.));
#7114=DIRECTION('',(-1.,0.,0.));
#7115=DIRECTION('center_axis',(0.,1.,0.));
#7116=DIRECTION('ref_axis',(0.,0.,1.));
#7117=DIRECTION('',(-1.,0.,0.));
#7118=DIRECTION('center_axis',(0.,1.,0.));
#7119=DIRECTION('ref_axis',(0.,0.,1.));
#7120=DIRECTION('',(1.,0.,0.));
#7121=DIRECTION('',(-1.,0.,-8.88178419700124E-16));
#7122=DIRECTION('',(-1.,0.,0.));
#7123=DIRECTION('',(-1.11022302462516E-15,0.,-1.));
#7124=DIRECTION('',(-1.,0.,0.));
#7125=DIRECTION('center_axis',(0.,1.,0.));
#7126=DIRECTION('ref_axis',(0.,0.,1.));
#7127=DIRECTION('',(-1.,0.,-8.88178419700124E-16));
#7128=DIRECTION('',(-1.,0.,0.));
#7129=DIRECTION('',(5.55111512312578E-16,0.,-1.));
#7130=DIRECTION('',(-1.,0.,0.));
#7131=DIRECTION('',(1.,0.,0.));
#7132=DIRECTION('center_axis',(0.,1.,0.));
#7133=DIRECTION('ref_axis',(0.,0.,1.));
#7134=DIRECTION('',(1.,0.,0.));
#7135=DIRECTION('',(-1.,0.,0.));
#7136=DIRECTION('',(-1.,0.,0.));
#7137=DIRECTION('',(-2.22044604925031E-16,0.,-1.));
#7138=DIRECTION('',(1.,0.,0.));
#7139=DIRECTION('center_axis',(0.,1.,0.));
#7140=DIRECTION('ref_axis',(0.,0.,1.));
#7141=DIRECTION('',(-1.,0.,-8.88178419700124E-16));
#7142=DIRECTION('',(-1.,0.,2.53765262771464E-16));
#7143=DIRECTION('',(-1.11022302462515E-15,0.,-1.));
#7144=DIRECTION('',(-1.,0.,0.));
#7145=DIRECTION('',(1.,0.,0.));
#7146=DIRECTION('center_axis',(0.573576436351046,0.,-0.819152044288992));
#7147=DIRECTION('ref_axis',(-0.819152044288992,0.,-0.573576436351046));
#7148=DIRECTION('',(0.,1.,0.));
#7149=DIRECTION('center_axis',(-0.573576436351048,0.,0.81915204428899));
#7150=DIRECTION('ref_axis',(0.81915204428899,0.,0.573576436351048));
#7151=DIRECTION('',(0.,1.,0.));
#7152=DIRECTION('center_axis',(0.819152044288985,0.,0.573576436351056));
#7153=DIRECTION('ref_axis',(0.573576436351056,0.,-0.819152044288985));
#7154=DIRECTION('center_axis',(0.819152044288999,0.,0.573576436351036));
#7155=DIRECTION('ref_axis',(0.573576436351036,0.,-0.819152044288999));
#7156=DIRECTION('',(0.,1.,0.));
#7157=DIRECTION('',(0.,1.,0.));
#7158=DIRECTION('center_axis',(0.573576436351046,0.,-0.819152044288992));
#7159=DIRECTION('ref_axis',(-0.819152044288992,0.,-0.573576436351046));
#7160=DIRECTION('center_axis',(-0.573576436351044,0.,0.819152044288993));
#7161=DIRECTION('ref_axis',(0.819152044288993,0.,0.573576436351044));
#7162=DIRECTION('center_axis',(0.573576436351047,0.,-0.819152044288991));
#7163=DIRECTION('ref_axis',(-0.819152044288991,0.,-0.573576436351047));
#7164=DIRECTION('',(0.,1.,0.));
#7165=DIRECTION('center_axis',(-0.573576436351046,0.,0.819152044288991));
#7166=DIRECTION('ref_axis',(0.819152044288992,0.,0.573576436351047));
#7167=DIRECTION('',(0.,1.,0.));
#7168=DIRECTION('center_axis',(0.819152044288998,0.,0.573576436351037));
#7169=DIRECTION('ref_axis',(0.573576436351037,0.,-0.819152044288998));
#7170=DIRECTION('center_axis',(0.573576436351049,0.,-0.81915204428899));
#7171=DIRECTION('ref_axis',(-0.81915204428899,0.,-0.573576436351049));
#7172=DIRECTION('',(0.,1.,0.));
#7173=DIRECTION('center_axis',(-0.573576436351094,0.,0.819152044288958));
#7174=DIRECTION('ref_axis',(0.819152044288958,0.,0.573576436351094));
#7175=DIRECTION('',(0.,1.,0.));
#7176=DIRECTION('center_axis',(0.819152044289004,0.,0.573576436351029));
#7177=DIRECTION('ref_axis',(0.573576436351029,0.,-0.819152044289004));
#7178=DIRECTION('center_axis',(0.573576436351045,0.,-0.819152044288992));
#7179=DIRECTION('ref_axis',(-0.819152044288992,0.,-0.573576436351045));
#7180=DIRECTION('',(0.,1.,0.));
#7181=DIRECTION('center_axis',(-0.573576436351046,0.,0.819152044288992));
#7182=DIRECTION('ref_axis',(0.819152044288992,0.,0.573576436351046));
#7183=DIRECTION('',(0.,1.,0.));
#7184=DIRECTION('center_axis',(0.819152044288995,0.,0.573576436351041));
#7185=DIRECTION('ref_axis',(0.573576436351041,0.,-0.819152044288995));
#7186=DIRECTION('center_axis',(0.573576436351045,0.,0.819152044288993));
#7187=DIRECTION('ref_axis',(0.819152044288993,0.,-0.573576436351045));
#7188=DIRECTION('',(0.,1.,0.));
#7189=DIRECTION('',(0.,1.,0.));
#7190=DIRECTION('center_axis',(-0.573576436351047,0.,-0.819152044288991));
#7191=DIRECTION('ref_axis',(-0.819152044288991,0.,0.573576436351047));
#7192=DIRECTION('',(0.,-1.,0.));
#7193=DIRECTION('',(0.,1.,0.));
#7194=DIRECTION('',(0.,1.,0.));
#7195=DIRECTION('center_axis',(0.819152044288985,0.,-0.573576436351055));
#7196=DIRECTION('ref_axis',(-0.573576436351055,0.,-0.819152044288985));
#7197=DIRECTION('center_axis',(1.,0.,5.55111512312578E-17));
#7198=DIRECTION('ref_axis',(5.55111512312578E-17,0.,-1.));
#7199=DIRECTION('',(0.,1.,0.));
#7200=DIRECTION('',(5.55111512312578E-17,0.,-1.));
#7201=DIRECTION('',(0.,-1.,0.));
#7202=DIRECTION('',(-5.55111512312578E-17,0.,1.));
#7203=DIRECTION('',(0.,-1.,0.));
#7204=DIRECTION('',(0.,-1.,0.));
#7205=DIRECTION('',(5.55111512312578E-17,0.,-1.));
#7206=DIRECTION('',(0.,-1.,0.));
#7207=DIRECTION('',(0.,-1.,0.));
#7208=DIRECTION('',(5.55111512312578E-17,0.,-1.));
#7209=DIRECTION('',(0.,-1.,0.));
#7210=DIRECTION('',(-1.11022302462515E-15,0.,-1.));
#7211=DIRECTION('',(0.,-1.,0.));
#7212=DIRECTION('',(5.55111512312578E-17,0.,-1.));
#7213=DIRECTION('',(0.,-1.,0.));
#7214=DIRECTION('',(-1.11022302462516E-15,0.,-1.));
#7215=DIRECTION('',(0.,-1.,0.));
#7216=DIRECTION('',(5.55111512312578E-17,0.,-1.));
#7217=DIRECTION('',(0.,-1.,0.));
#7218=DIRECTION('',(5.55111512312578E-16,0.,-1.));
#7219=DIRECTION('',(0.,-1.,0.));
#7220=DIRECTION('',(5.55111512312578E-17,0.,-1.));
#7221=DIRECTION('',(0.,-1.,0.));
#7222=DIRECTION('',(0.,0.,-1.));
#7223=DIRECTION('',(0.,-1.,0.));
#7224=DIRECTION('',(5.55111512312578E-17,0.,-1.));
#7225=DIRECTION('',(0.,1.,0.));
#7226=DIRECTION('',(5.55111512312578E-17,0.,-1.));
#7227=DIRECTION('',(0.,-1.,0.));
#7228=DIRECTION('',(-5.55111512312578E-17,0.,1.));
#7229=DIRECTION('',(0.,-1.,0.));
#7230=DIRECTION('',(0.,1.,0.));
#7231=DIRECTION('',(0.,1.,0.));
#7232=DIRECTION('',(5.55111512312578E-17,0.,-1.));
#7233=DIRECTION('',(0.,-1.,0.));
#7234=DIRECTION('',(-5.55111512312578E-17,0.,1.));
#7235=DIRECTION('',(0.,-1.,0.));
#7236=DIRECTION('',(0.,1.,0.));
#7237=DIRECTION('',(0.,1.,0.));
#7238=DIRECTION('',(5.55111512312578E-17,0.,-1.));
#7239=DIRECTION('',(0.,-1.,0.));
#7240=DIRECTION('',(-5.55111512312578E-17,0.,1.));
#7241=DIRECTION('',(0.,-1.,0.));
#7242=DIRECTION('',(0.,1.,0.));
#7243=DIRECTION('',(0.,1.,0.));
#7244=DIRECTION('',(5.55111512312578E-17,0.,-1.));
#7245=DIRECTION('',(0.,-1.,0.));
#7246=DIRECTION('',(-5.55111512312578E-17,0.,1.));
#7247=DIRECTION('',(0.,-1.,0.));
#7248=DIRECTION('center_axis',(0.573576436351047,0.,0.819152044288991));
#7249=DIRECTION('ref_axis',(0.819152044288991,0.,-0.573576436351047));
#7250=DIRECTION('',(0.,1.,0.));
#7251=DIRECTION('center_axis',(-0.573576436351046,0.,-0.819152044288992));
#7252=DIRECTION('ref_axis',(-0.819152044288992,0.,0.573576436351046));
#7253=DIRECTION('',(0.,1.,0.));
#7254=DIRECTION('',(0.,1.,0.));
#7255=DIRECTION('center_axis',(0.819152044288999,0.,-0.573576436351036));
#7256=DIRECTION('ref_axis',(-0.573576436351036,0.,-0.819152044288999));
#7257=DIRECTION('center_axis',(0.573576436351044,0.,0.819152044288993));
#7258=DIRECTION('ref_axis',(0.819152044288993,0.,-0.573576436351044));
#7259=DIRECTION('',(0.,1.,0.));
#7260=DIRECTION('center_axis',(-0.573576436351045,0.,-0.819152044288993));
#7261=DIRECTION('ref_axis',(-0.819152044288993,0.,0.573576436351045));
#7262=DIRECTION('',(0.,1.,0.));
#7263=DIRECTION('',(0.,1.,0.));
#7264=DIRECTION('center_axis',(0.819152044288996,0.,-0.57357643635104));
#7265=DIRECTION('ref_axis',(-0.57357643635104,0.,-0.819152044288996));
#7266=DIRECTION('center_axis',(0.573576436351048,0.,0.81915204428899));
#7267=DIRECTION('ref_axis',(0.81915204428899,0.,-0.573576436351048));
#7268=DIRECTION('',(0.,1.,0.));
#7269=DIRECTION('center_axis',(-0.573576436351094,0.,-0.819152044288959));
#7270=DIRECTION('ref_axis',(-0.819152044288958,0.,0.573576436351094));
#7271=DIRECTION('',(0.,1.,0.));
#7272=DIRECTION('',(0.,1.,0.));
#7273=DIRECTION('center_axis',(0.819152044289004,0.,-0.573576436351028));
#7274=DIRECTION('ref_axis',(-0.573576436351028,0.,-0.819152044289004));
#7275=DIRECTION('center_axis',(-1.,0.,0.));
#7276=DIRECTION('ref_axis',(0.,0.,1.));
#7277=DIRECTION('',(-5.55111512312578E-17,0.,1.));
#7278=DIRECTION('',(0.,1.,0.));
#7279=DIRECTION('',(0.,1.,0.));
#7280=DIRECTION('center_axis',(0.819152044289,0.,-0.573576436351035));
#7281=DIRECTION('ref_axis',(-0.573576436351035,0.,-0.819152044289));
#7282=DIRECTION('',(0.,1.,0.));
#7283=DIRECTION('',(0.,1.,0.));
#7284=DIRECTION('center_axis',(0.573576436351046,0.,0.819152044288992));
#7285=DIRECTION('ref_axis',(0.819152044288992,0.,-0.573576436351046));
#7286=DIRECTION('center_axis',(-0.573576436351044,0.,-0.819152044288993));
#7287=DIRECTION('ref_axis',(-0.819152044288993,0.,0.573576436351044));
#7288=DIRECTION('center_axis',(0.,1.,0.));
#7289=DIRECTION('ref_axis',(-1.,0.,0.));
#7290=DIRECTION('',(-1.,0.,-2.53765262771464E-16));
#7291=DIRECTION('',(1.,0.,0.));
#7292=DIRECTION('center_axis',(0.,1.,0.));
#7293=DIRECTION('ref_axis',(-1.,0.,0.));
#7294=DIRECTION('',(-1.,0.,0.));
#7295=DIRECTION('',(1.,0.,-2.53765262771464E-16));
#7296=DIRECTION('center_axis',(0.,1.,0.));
#7297=DIRECTION('ref_axis',(-1.,0.,0.));
#7298=DIRECTION('',(-1.,0.,2.53765262771464E-16));
#7299=DIRECTION('',(1.,0.,0.));
#7300=DIRECTION('center_axis',(0.,-1.,0.));
#7301=DIRECTION('ref_axis',(0.,0.,-1.));
#7302=DIRECTION('',(1.,0.,2.53765262771464E-16));
#7303=DIRECTION('',(1.,0.,0.));
#7304=DIRECTION('center_axis',(0.,0.573576436351042,-0.819152044288994));
#7305=DIRECTION('ref_axis',(0.,0.819152044288994,0.573576436351042));
#7306=DIRECTION('',(1.,0.,0.));
#7307=DIRECTION('',(1.,0.,0.));
#7308=DIRECTION('center_axis',(0.,-0.819152044288988,-0.573576436351051));
#7309=DIRECTION('ref_axis',(0.,0.573576436351051,-0.819152044288988));
#7310=DIRECTION('center_axis',(0.,0.819152044288992,0.573576436351046));
#7311=DIRECTION('ref_axis',(0.,-0.573576436351046,0.819152044288992));
#7312=DIRECTION('center_axis',(0.,0.819152044288991,0.573576436351048));
#7313=DIRECTION('ref_axis',(0.,-0.573576436351047,0.819152044288991));
#7314=DIRECTION('',(1.,0.,0.));
#7315=DIRECTION('center_axis',(0.,0.573576436351052,-0.819152044288987));
#7316=DIRECTION('ref_axis',(0.,0.819152044288987,0.573576436351052));
#7317=DIRECTION('',(1.,0.,0.));
#7318=DIRECTION('center_axis',(0.,-0.819152044288983,-0.573576436351059));
#7319=DIRECTION('ref_axis',(0.,0.573576436351059,-0.819152044288983));
#7320=DIRECTION('center_axis',(0.,-1.,0.));
#7321=DIRECTION('ref_axis',(0.,0.,-1.));
#7322=DIRECTION('',(1.,0.,0.));
#7323=DIRECTION('',(1.,0.,0.));
#7324=DIRECTION('center_axis',(0.,0.573576436351032,-0.819152044289002));
#7325=DIRECTION('ref_axis',(0.,0.819152044289002,0.573576436351032));
#7326=DIRECTION('',(1.,0.,0.));
#7327=DIRECTION('',(1.,0.,0.));
#7328=DIRECTION('center_axis',(0.,-0.81915204428898,-0.573576436351063));
#7329=DIRECTION('ref_axis',(0.,0.573576436351063,-0.81915204428898));
#7330=DIRECTION('center_axis',(0.,0.819152044288991,0.573576436351048));
#7331=DIRECTION('ref_axis',(0.,-0.573576436351047,0.819152044288991));
#7332=DIRECTION('center_axis',(0.,-1.,0.));
#7333=DIRECTION('ref_axis',(0.,0.,-1.));
#7334=DIRECTION('',(1.,0.,-2.53765262771464E-16));
#7335=DIRECTION('',(1.,0.,0.));
#7336=DIRECTION('center_axis',(0.,0.573576436351058,-0.819152044288983));
#7337=DIRECTION('ref_axis',(0.,0.819152044288983,0.573576436351058));
#7338=DIRECTION('',(1.,0.,0.));
#7339=DIRECTION('',(1.,0.,0.));
#7340=DIRECTION('center_axis',(0.,-0.819152044288983,-0.573576436351059));
#7341=DIRECTION('ref_axis',(0.,0.573576436351059,-0.819152044288983));
#7342=DIRECTION('center_axis',(0.,0.81915204428899,0.573576436351048));
#7343=DIRECTION('ref_axis',(0.,-0.573576436351048,0.81915204428899));
#7344=DIRECTION('center_axis',(0.,-1.,0.));
#7345=DIRECTION('ref_axis',(0.,0.,-1.));
#7346=DIRECTION('',(1.,0.,0.));
#7347=DIRECTION('',(1.,0.,0.));
#7348=DIRECTION('center_axis',(0.,0.573576436351052,-0.819152044288987));
#7349=DIRECTION('ref_axis',(0.,0.819152044288987,0.573576436351052));
#7350=DIRECTION('',(1.,0.,0.));
#7351=DIRECTION('',(1.,0.,0.));
#7352=DIRECTION('center_axis',(0.,-0.819152044288984,-0.573576436351058));
#7353=DIRECTION('ref_axis',(0.,0.573576436351058,-0.819152044288984));
#7354=DIRECTION('center_axis',(0.,0.819152044288992,0.573576436351046));
#7355=DIRECTION('ref_axis',(0.,-0.573576436351046,0.819152044288992));
#7356=DIRECTION('center_axis',(0.,0.,1.));
#7357=DIRECTION('ref_axis',(0.,-1.,0.));
#7358=DIRECTION('',(1.,0.,0.));
#7359=DIRECTION('',(1.,0.,0.));
#7360=DIRECTION('center_axis',(0.,1.,0.));
#7361=DIRECTION('ref_axis',(0.,0.,1.));
#7362=DIRECTION('',(1.,0.,0.));
#7363=DIRECTION('center_axis',(0.,0.,-1.));
#7364=DIRECTION('ref_axis',(0.,1.,0.));
#7365=DIRECTION('',(1.,0.,0.));
#7366=DIRECTION('center_axis',(0.,-1.,0.));
#7367=DIRECTION('ref_axis',(0.,0.,-1.));
#7368=DIRECTION('center_axis',(0.,0.,1.));
#7369=DIRECTION('ref_axis',(0.,-1.,0.));
#7370=DIRECTION('',(1.,0.,0.));
#7371=DIRECTION('',(1.,0.,0.));
#7372=DIRECTION('center_axis',(0.,1.,0.));
#7373=DIRECTION('ref_axis',(-3.97168287036927E-14,0.,1.));
#7374=DIRECTION('',(1.,0.,0.));
#7375=DIRECTION('center_axis',(0.,0.,-1.));
#7376=DIRECTION('ref_axis',(3.97168287036926E-15,1.,0.));
#7377=DIRECTION('',(1.,0.,0.));
#7378=DIRECTION('center_axis',(0.,-1.,0.));
#7379=DIRECTION('ref_axis',(0.,0.,-1.));
#7380=DIRECTION('center_axis',(0.,0.,1.));
#7381=DIRECTION('ref_axis',(0.,-1.,0.));
#7382=DIRECTION('',(1.,0.,0.));
#7383=DIRECTION('',(1.,0.,0.));
#7384=DIRECTION('center_axis',(0.,1.,0.));
#7385=DIRECTION('ref_axis',(0.,0.,1.));
#7386=DIRECTION('',(1.,0.,0.));
#7387=DIRECTION('center_axis',(0.,0.,-1.));
#7388=DIRECTION('ref_axis',(0.,1.,0.));
#7389=DIRECTION('',(1.,0.,0.));
#7390=DIRECTION('center_axis',(0.,-1.,0.));
#7391=DIRECTION('ref_axis',(0.,0.,-1.));
#7392=DIRECTION('center_axis',(0.,-1.,0.));
#7393=DIRECTION('ref_axis',(3.19033632578112E-14,0.,-1.));
#7394=DIRECTION('',(1.,0.,0.));
#7395=DIRECTION('',(1.,0.,0.));
#7396=DIRECTION('center_axis',(0.,0.,1.));
#7397=DIRECTION('ref_axis',(0.,-1.,0.));
#7398=DIRECTION('',(1.,0.,0.));
#7399=DIRECTION('center_axis',(0.,1.,0.));
#7400=DIRECTION('ref_axis',(0.,0.,1.));
#7401=DIRECTION('',(1.,0.,0.));
#7402=DIRECTION('center_axis',(0.,0.,-1.));
#7403=DIRECTION('ref_axis',(-3.19033632578113E-15,1.,0.));
#7404=DIRECTION('center_axis',(0.,0.,1.));
#7405=DIRECTION('ref_axis',(0.,-1.,0.));
#7406=DIRECTION('',(1.,0.,0.));
#7407=DIRECTION('',(1.,0.,0.));
#7408=DIRECTION('center_axis',(0.,1.,0.));
#7409=DIRECTION('ref_axis',(0.,0.,1.));
#7410=DIRECTION('',(1.,0.,0.));
#7411=DIRECTION('center_axis',(0.,0.,-1.));
#7412=DIRECTION('ref_axis',(0.,1.,0.));
#7413=DIRECTION('',(1.,0.,0.));
#7414=DIRECTION('center_axis',(0.,-1.,0.));
#7415=DIRECTION('ref_axis',(0.,0.,-1.));
#7416=DIRECTION('center_axis',(0.,0.,1.));
#7417=DIRECTION('ref_axis',(-1.,0.,0.));
#7418=DIRECTION('',(1.,0.,0.));
#7419=DIRECTION('center_axis',(0.,0.,-1.));
#7420=DIRECTION('ref_axis',(1.,0.,0.));
#7421=DIRECTION('center_axis',(0.,0.,1.));
#7422=DIRECTION('ref_axis',(-1.,0.,0.));
#7423=DIRECTION('center_axis',(0.,0.,-1.));
#7424=DIRECTION('ref_axis',(1.,0.,0.));
#7425=DIRECTION('',(-1.,0.,0.));
#7426=DIRECTION('center_axis',(2.53765262771464E-16,0.,1.));
#7427=DIRECTION('ref_axis',(-1.,0.,2.53765262771464E-16));
#7428=DIRECTION('center_axis',(2.53765262771464E-16,0.,-1.));
#7429=DIRECTION('ref_axis',(1.,0.,2.53765262771464E-16));
#7430=DIRECTION('center_axis',(0.,0.,1.));
#7431=DIRECTION('ref_axis',(-1.,0.,0.));
#7432=DIRECTION('',(1.,0.,0.));
#7433=DIRECTION('center_axis',(-2.53765262771464E-16,0.,-1.));
#7434=DIRECTION('ref_axis',(1.,0.,-2.53765262771464E-16));
#7435=DIRECTION('center_axis',(0.,0.,-1.));
#7436=DIRECTION('ref_axis',(1.,0.,0.));
#7437=DIRECTION('',(-1.,0.,0.));
#7438=DIRECTION('center_axis',(0.,0.,1.));
#7439=DIRECTION('ref_axis',(-1.,0.,0.));
#7440=DIRECTION('center_axis',(0.,1.,0.));
#7441=DIRECTION('ref_axis',(-1.,0.,0.));
#7442=DIRECTION('',(-1.,0.,0.));
#7443=DIRECTION('',(1.,0.,0.));
#7444=DIRECTION('',(-1.,0.,0.));
#7445=DIRECTION('',(-1.,0.,0.));
#7446=DIRECTION('center_axis',(0.,1.,0.));
#7447=DIRECTION('ref_axis',(-1.,0.,0.));
#7448=DIRECTION('center_axis',(0.,1.,0.));
#7449=DIRECTION('ref_axis',(-1.,0.,0.));
#7450=DIRECTION('center_axis',(0.,0.,1.));
#7451=DIRECTION('ref_axis',(1.,0.,0.));
#7452=DIRECTION('center_axis',(0.,0.,-1.));
#7453=DIRECTION('ref_axis',(-1.,0.,0.));
#7454=CARTESIAN_POINT('',(0.,0.,0.));
#7455=CARTESIAN_POINT('Origin',(20.,35.,-70.5));
#7456=CARTESIAN_POINT('',(22.55,38.,-70.5));
#7457=CARTESIAN_POINT('Origin',(20.,38.,-70.5));
#7458=CARTESIAN_POINT('',(22.55,35.,-70.5));
#7459=CARTESIAN_POINT('',(22.55,35.,-70.5));
#7460=CARTESIAN_POINT('Origin',(20.,35.,-70.5));
#7461=CARTESIAN_POINT('Origin',(12.5,35.,-78.));
#7462=CARTESIAN_POINT('',(12.5,35.,-78.));
#7463=CARTESIAN_POINT('',(12.5,35.,-63.));
#7464=CARTESIAN_POINT('',(12.5,35.,-78.));
#7465=CARTESIAN_POINT('',(12.5,38.,-63.));
#7466=CARTESIAN_POINT('',(12.5,35.,-63.));
#7467=CARTESIAN_POINT('',(12.5,38.,-78.));
#7468=CARTESIAN_POINT('',(12.5,38.,-78.));
#7469=CARTESIAN_POINT('',(12.5,35.,-78.));
#7470=CARTESIAN_POINT('Origin',(27.5,35.,-78.));
#7471=CARTESIAN_POINT('',(27.5,35.,-78.));
#7472=CARTESIAN_POINT('',(27.5,35.,-78.));
#7473=CARTESIAN_POINT('',(27.5,38.,-78.));
#7474=CARTESIAN_POINT('',(27.5,38.,-78.));
#7475=CARTESIAN_POINT('',(27.5,35.,-78.));
#7476=CARTESIAN_POINT('Origin',(27.5,35.,-63.));
#7477=CARTESIAN_POINT('',(27.5,35.,-63.));
#7478=CARTESIAN_POINT('',(27.5,35.,-63.));
#7479=CARTESIAN_POINT('',(27.5,38.,-63.));
#7480=CARTESIAN_POINT('',(27.5,38.,-63.));
#7481=CARTESIAN_POINT('',(27.5,35.,-63.));
#7482=CARTESIAN_POINT('Origin',(20.,38.,-70.5));
#7483=CARTESIAN_POINT('',(29.75,38.,-63.));
#7484=CARTESIAN_POINT('Origin',(39.5,35.,-37.));
#7485=CARTESIAN_POINT('',(12.5,38.,-37.2222222222222));
#7486=CARTESIAN_POINT('',(12.5,35.,-37.));
#7487=CARTESIAN_POINT('',(12.5,35.0736698499318,-37.0054570259209));
#7488=CARTESIAN_POINT('',(27.5,38.,-37.2222222222222));
#7489=CARTESIAN_POINT('',(29.75,38.,-37.2222222222222));
#7490=CARTESIAN_POINT('',(27.5,35.,-37.));
#7491=CARTESIAN_POINT('',(27.5,34.5211459754434,-36.9645293315143));
#7492=CARTESIAN_POINT('',(39.5,35.,-37.));
#7493=CARTESIAN_POINT('',(39.5,35.,-37.));
#7494=CARTESIAN_POINT('',(39.5,62.,-39.));
#7495=CARTESIAN_POINT('',(39.5,35.,-37.));
#7496=CARTESIAN_POINT('',(0.500000000000019,62.,-39.));
#7497=CARTESIAN_POINT('',(0.500000000000019,62.,-39.));
#7498=CARTESIAN_POINT('',(0.500000000000012,35.,-37.));
#7499=CARTESIAN_POINT('',(0.500000000000012,35.,-37.));
#7500=CARTESIAN_POINT('',(39.5,35.,-37.));
#7501=CARTESIAN_POINT('Origin',(12.5,35.,-39.));
#7502=CARTESIAN_POINT('',(12.5,35.,-24.));
#7503=CARTESIAN_POINT('',(12.5,35.,-24.));
#7504=CARTESIAN_POINT('',(12.5,38.,-24.));
#7505=CARTESIAN_POINT('',(12.5,35.,-24.));
#7506=CARTESIAN_POINT('',(12.5,38.,-24.));
#7507=CARTESIAN_POINT('Origin',(20.,35.,-31.5));
#7508=CARTESIAN_POINT('',(22.55,38.,-31.5));
#7509=CARTESIAN_POINT('Origin',(20.,38.,-31.5));
#7510=CARTESIAN_POINT('',(22.55,35.,-31.5));
#7511=CARTESIAN_POINT('',(22.55,35.,-31.5));
#7512=CARTESIAN_POINT('Origin',(20.,35.,-31.5));
#7513=CARTESIAN_POINT('Origin',(12.5,35.,-24.));
#7514=CARTESIAN_POINT('',(27.5,35.,-24.));
#7515=CARTESIAN_POINT('',(27.5,35.,-24.));
#7516=CARTESIAN_POINT('',(27.5,38.,-24.));
#7517=CARTESIAN_POINT('',(27.5,35.,-24.));
#7518=CARTESIAN_POINT('',(27.5,38.,-24.));
#7519=CARTESIAN_POINT('Origin',(27.5,35.,-24.));
#7520=CARTESIAN_POINT('',(27.5,38.,-39.));
#7521=CARTESIAN_POINT('',(27.5,35.,-39.));
#7522=CARTESIAN_POINT('Origin',(20.,38.,-31.5));
#7523=CARTESIAN_POINT('Origin',(5.50000000000002,57.,-61.5));
#7524=CARTESIAN_POINT('',(30.5,57.,-61.));
#7525=CARTESIAN_POINT('',(30.5,57.,-61.5));
#7526=CARTESIAN_POINT('',(30.5,57.,-61.));
#7527=CARTESIAN_POINT('',(34.5,57.,-61.5));
#7528=CARTESIAN_POINT('',(5.50000000000002,57.,-61.5));
#7529=CARTESIAN_POINT('',(34.5,57.,-61.));
#7530=CARTESIAN_POINT('',(34.5,57.,-61.));
#7531=CARTESIAN_POINT('',(4.00000000000002,57.,-61.));
#7532=CARTESIAN_POINT('Origin',(5.50000000000002,57.,-61.5));
#7533=CARTESIAN_POINT('',(9.50000000000002,57.,-61.));
#7534=CARTESIAN_POINT('',(9.50000000000002,57.,-61.5));
#7535=CARTESIAN_POINT('',(9.50000000000002,57.,-61.));
#7536=CARTESIAN_POINT('',(5.50000000000002,57.,-61.));
#7537=CARTESIAN_POINT('',(4.00000000000002,57.,-61.));
#7538=CARTESIAN_POINT('',(5.50000000000002,57.,-61.5));
#7539=CARTESIAN_POINT('',(5.50000000000002,57.,-61.));
#7540=CARTESIAN_POINT('',(5.50000000000002,57.,-61.5));
#7541=CARTESIAN_POINT('Origin',(5.50000000000002,53.,-61.));
#7542=CARTESIAN_POINT('',(5.50000000000002,53.,-61.));
#7543=CARTESIAN_POINT('',(5.50000000000002,57.,-61.5));
#7544=CARTESIAN_POINT('',(34.5,53.,-61.));
#7545=CARTESIAN_POINT('',(4.00000000000002,53.,-61.));
#7546=CARTESIAN_POINT('',(34.5,57.,-61.5));
#7547=CARTESIAN_POINT('',(18.,57.,-61.5));
#7548=CARTESIAN_POINT('Origin',(5.50000000000002,55.,-61.25));
#7549=CARTESIAN_POINT('',(5.50000000000002,57.,-61.));
#7550=CARTESIAN_POINT('',(5.50000000000002,45.,-61.));
#7551=CARTESIAN_POINT('Origin',(34.5,55.,-61.25));
#7552=CARTESIAN_POINT('',(34.5,45.,-61.));
#7553=CARTESIAN_POINT('',(34.5,57.,-61.));
#7554=CARTESIAN_POINT('Origin',(30.5,57.,-61.));
#7555=CARTESIAN_POINT('',(30.5,57.,-63.));
#7556=CARTESIAN_POINT('',(30.5,57.,-61.));
#7557=CARTESIAN_POINT('',(9.50000000000002,57.,-63.));
#7558=CARTESIAN_POINT('',(35.,57.,-63.));
#7559=CARTESIAN_POINT('',(9.50000000000002,57.,-61.));
#7560=CARTESIAN_POINT('Origin',(2.50000000000002,35.,-61.));
#7561=CARTESIAN_POINT('',(5.50000000000002,52.,-61.));
#7562=CARTESIAN_POINT('',(5.50000000000002,44.,-61.));
#7563=CARTESIAN_POINT('',(12.5,52.,-61.));
#7564=CARTESIAN_POINT('',(5.75000000000002,52.,-61.));
#7565=CARTESIAN_POINT('',(12.5,51.,-61.));
#7566=CARTESIAN_POINT('',(12.5,35.,-61.));
#7567=CARTESIAN_POINT('',(15.5,51.,-61.));
#7568=CARTESIAN_POINT('',(9.00000000000002,51.,-61.));
#7569=CARTESIAN_POINT('',(15.5,52.,-61.));
#7570=CARTESIAN_POINT('',(15.5000000000001,35.,-61.));
#7571=CARTESIAN_POINT('',(34.5,52.,-61.));
#7572=CARTESIAN_POINT('',(13.75,52.,-61.));
#7573=CARTESIAN_POINT('',(34.5,37.,-61.));
#7574=CARTESIAN_POINT('Origin',(2.50000000000002,35.,-61.));
#7575=CARTESIAN_POINT('',(37.5,53.,-61.));
#7576=CARTESIAN_POINT('',(18.5,53.,-61.));
#7577=CARTESIAN_POINT('',(37.5,57.,-61.));
#7578=CARTESIAN_POINT('',(37.5,35.,-61.));
#7579=CARTESIAN_POINT('',(20.,57.,-61.));
#7580=CARTESIAN_POINT('Origin',(2.50000000000002,35.,-61.));
#7581=CARTESIAN_POINT('',(2.50000000000002,57.,-61.));
#7582=CARTESIAN_POINT('',(4.00000000000002,57.,-61.));
#7583=CARTESIAN_POINT('',(2.50000000000002,53.,-61.));
#7584=CARTESIAN_POINT('',(2.50000000000002,35.,-61.));
#7585=CARTESIAN_POINT('',(2.50000000000002,53.,-61.));
#7586=CARTESIAN_POINT('Origin',(2.50000000000002,35.,-61.));
#7587=CARTESIAN_POINT('',(34.5,60.,-61.));
#7588=CARTESIAN_POINT('',(34.5,46.,-61.));
#7589=CARTESIAN_POINT('',(30.5,60.,-61.));
#7590=CARTESIAN_POINT('',(37.5,60.,-61.));
#7591=CARTESIAN_POINT('',(30.5,47.5,-61.));
#7592=CARTESIAN_POINT('Origin',(34.5,35.,-61.));
#7593=CARTESIAN_POINT('',(34.5,39.,-61.));
#7594=CARTESIAN_POINT('',(34.5,39.,-61.7));
#7595=CARTESIAN_POINT('',(34.5,39.,-61.));
#7596=CARTESIAN_POINT('',(34.5,35.,-61.7));
#7597=CARTESIAN_POINT('',(34.5,35.,-61.7));
#7598=CARTESIAN_POINT('',(34.5,35.,-61.));
#7599=CARTESIAN_POINT('',(34.5,35.,-56.));
#7600=CARTESIAN_POINT('',(34.5,35.,-61.));
#7601=CARTESIAN_POINT('Origin',(34.5,35.,-61.7));
#7602=CARTESIAN_POINT('',(15.5,35.,-61.));
#7603=CARTESIAN_POINT('',(27.0629892943097,35.,-61.4260048687377));
#7604=CARTESIAN_POINT('',(34.5,52.,-61.7));
#7605=CARTESIAN_POINT('',(34.5,37.,-61.7));
#7606=CARTESIAN_POINT('',(34.5,52.,-61.7));
#7607=CARTESIAN_POINT('',(15.5,36.,-61.));
#7608=CARTESIAN_POINT('',(15.5,35.5,-61.));
#7609=CARTESIAN_POINT('',(15.5000000000001,35.,-61.));
#7610=CARTESIAN_POINT('Origin',(25.,52.,-61.35));
#7611=CARTESIAN_POINT('',(34.5,52.,-61.175));
#7612=CARTESIAN_POINT('Origin',(5.50000000000002,35.,-61.5));
#7613=CARTESIAN_POINT('',(5.50000000000002,39.,-61.));
#7614=CARTESIAN_POINT('',(5.50000000000002,39.,-61.5));
#7615=CARTESIAN_POINT('',(5.50000000000002,39.,-61.));
#7616=CARTESIAN_POINT('',(5.50000000000002,35.,-61.));
#7617=CARTESIAN_POINT('',(5.50000000000002,35.,-61.));
#7618=CARTESIAN_POINT('',(5.50000000000002,35.,-61.5));
#7619=CARTESIAN_POINT('',(5.50000000000002,35.,-56.25));
#7620=CARTESIAN_POINT('',(5.50000000000002,35.,-61.5));
#7621=CARTESIAN_POINT('Origin',(12.5,35.,-61.));
#7622=CARTESIAN_POINT('',(12.5,35.,-61.));
#7623=CARTESIAN_POINT('',(16.5862944162437,35.,-60.7081218274112));
#7624=CARTESIAN_POINT('',(12.5,36.,-61.));
#7625=CARTESIAN_POINT('',(12.5,35.,-61.));
#7626=CARTESIAN_POINT('',(12.5,43.,-61.));
#7627=CARTESIAN_POINT('',(5.50000000000002,52.,-61.5));
#7628=CARTESIAN_POINT('',(5.50000000000002,52.,-61.5));
#7629=CARTESIAN_POINT('',(5.50000000000002,44.,-61.5));
#7630=CARTESIAN_POINT('Origin',(9.00000000000002,52.,-61.25));
#7631=CARTESIAN_POINT('',(5.50000000000002,52.,-61.125));
#7632=CARTESIAN_POINT('Origin',(34.5,39.,-61.));
#7633=CARTESIAN_POINT('',(34.5,39.,-63.));
#7634=CARTESIAN_POINT('',(34.5,39.,-61.));
#7635=CARTESIAN_POINT('',(34.5,53.,-63.));
#7636=CARTESIAN_POINT('',(34.5,37.,-63.));
#7637=CARTESIAN_POINT('',(34.5,53.,-61.));
#7638=CARTESIAN_POINT('Origin',(2.50000000000002,35.,-61.));
#7639=CARTESIAN_POINT('',(37.5,35.,-61.));
#7640=CARTESIAN_POINT('',(37.5,35.,-61.));
#7641=CARTESIAN_POINT('',(37.5,39.,-61.));
#7642=CARTESIAN_POINT('',(37.5,35.,-61.));
#7643=CARTESIAN_POINT('',(20.,39.,-61.));
#7644=CARTESIAN_POINT('Origin',(2.50000000000002,35.,-61.));
#7645=CARTESIAN_POINT('',(2.50000000000002,39.,-61.));
#7646=CARTESIAN_POINT('',(4.00000000000002,39.,-61.));
#7647=CARTESIAN_POINT('',(2.50000000000002,35.,-61.));
#7648=CARTESIAN_POINT('',(2.50000000000002,35.,-61.));
#7649=CARTESIAN_POINT('',(37.5,35.,-61.));
#7650=CARTESIAN_POINT('Origin',(2.50000000000002,35.,-61.));
#7651=CARTESIAN_POINT('',(7.50000000000002,36.,-61.));
#7652=CARTESIAN_POINT('',(37.5,35.,-61.));
#7653=CARTESIAN_POINT('Origin',(20.,35.,-51.));
#7654=CARTESIAN_POINT('',(0.500000000000011,35.,-40.));
#7655=CARTESIAN_POINT('',(0.50000000000002,35.,-63.));
#7656=CARTESIAN_POINT('',(-3.35672565811921,35.,-44.5962666587139));
#7657=CARTESIAN_POINT('',(0.500000000000011,35.,-40.));
#7658=CARTESIAN_POINT('',(-2.59068121500024,35.,-45.2390542684004));
#7659=CARTESIAN_POINT('',(-3.35672565811921,35.,-44.5962666587139));
#7660=CARTESIAN_POINT('',(0.500000000000015,35.,-41.5557238268604));
#7661=CARTESIAN_POINT('',(-2.59068121500024,35.,-45.2390542684004));
#7662=CARTESIAN_POINT('',(0.500000000000022,35.,-44.));
#7663=CARTESIAN_POINT('',(0.50000000000002,35.,-63.));
#7664=CARTESIAN_POINT('',(-3.35672565811919,35.,-48.5962666587139));
#7665=CARTESIAN_POINT('',(0.500000000000022,35.,-44.));
#7666=CARTESIAN_POINT('',(-2.59068121500021,35.,-49.2390542684004));
#7667=CARTESIAN_POINT('',(-3.35672565811919,35.,-48.5962666587139));
#7668=CARTESIAN_POINT('',(0.500000000000021,35.,-45.5557238268605));
#7669=CARTESIAN_POINT('',(-2.59068121500021,35.,-49.2390542684004));
#7670=CARTESIAN_POINT('',(0.500000000000014,35.,-48.));
#7671=CARTESIAN_POINT('',(0.50000000000002,35.,-63.));
#7672=CARTESIAN_POINT('',(-3.35672565811922,35.,-52.5962666587139));
#7673=CARTESIAN_POINT('',(0.500000000000014,35.,-48.));
#7674=CARTESIAN_POINT('',(-2.59068121500024,35.,-53.2390542684004));
#7675=CARTESIAN_POINT('',(-3.35672565811922,35.,-52.5962666587139));
#7676=CARTESIAN_POINT('',(0.500000000000021,35.,-49.5557238268605));
#7677=CARTESIAN_POINT('',(-2.59068121500024,35.,-53.2390542684004));
#7678=CARTESIAN_POINT('',(0.500000000000029,35.,-52.));
#7679=CARTESIAN_POINT('',(0.50000000000002,35.,-63.));
#7680=CARTESIAN_POINT('',(-3.35672565811924,35.,-56.5962666587139));
#7681=CARTESIAN_POINT('',(0.500000000000029,35.,-52.));
#7682=CARTESIAN_POINT('',(-2.59068121500026,35.,-57.2390542684004));
#7683=CARTESIAN_POINT('',(-3.35672565811924,35.,-56.5962666587139));
#7684=CARTESIAN_POINT('',(0.50000000000002,35.,-53.5557238268605));
#7685=CARTESIAN_POINT('',(-2.59068121500026,35.,-57.2390542684004));
#7686=CARTESIAN_POINT('',(0.500000000000024,35.,-56.));
#7687=CARTESIAN_POINT('',(0.50000000000002,35.,-63.));
#7688=CARTESIAN_POINT('',(-3.35672565811922,35.,-60.5962666587139));
#7689=CARTESIAN_POINT('',(0.500000000000024,35.,-56.));
#7690=CARTESIAN_POINT('',(-2.59068121500025,35.,-61.2390542684005));
#7691=CARTESIAN_POINT('',(-3.35672565811922,35.,-60.5962666587139));
#7692=CARTESIAN_POINT('',(0.50000000000002,35.,-57.5557238268605));
#7693=CARTESIAN_POINT('',(-2.59068121500025,35.,-61.2390542684005));
#7694=CARTESIAN_POINT('',(0.50000000000002,35.,-63.));
#7695=CARTESIAN_POINT('',(0.50000000000002,35.,-63.));
#7696=CARTESIAN_POINT('',(39.5,35.,-63.));
#7697=CARTESIAN_POINT('',(39.5,35.,-63.));
#7698=CARTESIAN_POINT('',(39.5,35.,-63.));
#7699=CARTESIAN_POINT('',(39.5,35.,-57.5557238268605));
#7700=CARTESIAN_POINT('',(39.5,35.,-39.));
#7701=CARTESIAN_POINT('',(42.5906812150003,35.,-61.2390542684004));
#7702=CARTESIAN_POINT('',(42.5906812150003,35.,-61.2390542684004));
#7703=CARTESIAN_POINT('',(43.3567256581193,35.,-60.5962666587139));
#7704=CARTESIAN_POINT('',(43.3567256581193,35.,-60.5962666587139));
#7705=CARTESIAN_POINT('',(39.5,35.,-56.));
#7706=CARTESIAN_POINT('',(39.5,35.,-56.));
#7707=CARTESIAN_POINT('',(39.5,35.,-53.5557238268604));
#7708=CARTESIAN_POINT('',(39.5,35.,-39.));
#7709=CARTESIAN_POINT('',(42.5906812150003,35.,-57.2390542684004));
#7710=CARTESIAN_POINT('',(42.5906812150003,35.,-57.2390542684004));
#7711=CARTESIAN_POINT('',(43.3567256581193,35.,-56.5962666587139));
#7712=CARTESIAN_POINT('',(43.3567256581193,35.,-56.5962666587139));
#7713=CARTESIAN_POINT('',(39.5,35.,-52.));
#7714=CARTESIAN_POINT('',(39.5,35.,-52.));
#7715=CARTESIAN_POINT('',(39.5,35.,-49.5557238268604));
#7716=CARTESIAN_POINT('',(39.5,35.,-39.));
#7717=CARTESIAN_POINT('',(42.5906812150003,35.,-53.2390542684004));
#7718=CARTESIAN_POINT('',(42.5906812150003,35.,-53.2390542684004));
#7719=CARTESIAN_POINT('',(43.3567256581193,35.,-52.5962666587138));
#7720=CARTESIAN_POINT('',(43.3567256581193,35.,-52.5962666587138));
#7721=CARTESIAN_POINT('',(39.5,35.,-48.));
#7722=CARTESIAN_POINT('',(39.5,35.,-48.));
#7723=CARTESIAN_POINT('',(39.5,35.,-45.5557238268605));
#7724=CARTESIAN_POINT('',(39.5,35.,-39.));
#7725=CARTESIAN_POINT('',(42.5906812150002,35.,-49.2390542684004));
#7726=CARTESIAN_POINT('',(42.5906812150002,35.,-49.2390542684004));
#7727=CARTESIAN_POINT('',(43.3567256581192,35.,-48.5962666587139));
#7728=CARTESIAN_POINT('',(43.3567256581192,35.,-48.5962666587139));
#7729=CARTESIAN_POINT('',(39.5,35.,-44.));
#7730=CARTESIAN_POINT('',(39.5,35.,-44.));
#7731=CARTESIAN_POINT('',(39.5,35.,-41.5557238268604));
#7732=CARTESIAN_POINT('',(39.5,35.,-39.));
#7733=CARTESIAN_POINT('',(42.5906812150003,35.,-45.2390542684004));
#7734=CARTESIAN_POINT('',(42.5906812150003,35.,-45.2390542684004));
#7735=CARTESIAN_POINT('',(43.3567256581192,35.,-44.5962666587138));
#7736=CARTESIAN_POINT('',(43.3567256581192,35.,-44.5962666587138));
#7737=CARTESIAN_POINT('',(39.5,35.,-40.));
#7738=CARTESIAN_POINT('',(39.5,35.,-40.));
#7739=CARTESIAN_POINT('',(39.5,35.,-39.));
#7740=CARTESIAN_POINT('',(2.4999979497588,35.,-58.));
#7741=CARTESIAN_POINT('',(2.50000000000002,35.,-61.));
#7742=CARTESIAN_POINT('',(5.77660612691476,35.,-60.2943057454042));
#7743=CARTESIAN_POINT('',(2.4999979497588,35.,-58.));
#7744=CARTESIAN_POINT('',(6.35018256326582,35.,-59.4751537011152));
#7745=CARTESIAN_POINT('',(5.77660612691476,35.,-60.2943057454042));
#7746=CARTESIAN_POINT('',(2.49999794975881,35.,-56.7792254112386));
#7747=CARTESIAN_POINT('',(6.35018256326582,35.,-59.4751537011152));
#7748=CARTESIAN_POINT('',(2.49999794975882,35.,-54.));
#7749=CARTESIAN_POINT('',(2.50000000000002,35.,-61.));
#7750=CARTESIAN_POINT('',(5.7766061269148,35.,-56.2943057454042));
#7751=CARTESIAN_POINT('',(2.49999794975882,35.,-54.));
#7752=CARTESIAN_POINT('',(6.35018256326584,35.,-55.4751537011152));
#7753=CARTESIAN_POINT('',(5.7766061269148,35.,-56.2943057454042));
#7754=CARTESIAN_POINT('',(2.49999794975882,35.,-52.7792254112386));
#7755=CARTESIAN_POINT('',(6.35018256326584,35.,-55.4751537011152));
#7756=CARTESIAN_POINT('',(2.49999794975882,35.,-50.2663795320724));
#7757=CARTESIAN_POINT('',(2.50000000000002,35.,-61.));
#7758=CARTESIAN_POINT('',(5.7766061269148,35.,-52.5606852774766));
#7759=CARTESIAN_POINT('',(2.49999794975882,35.,-50.2663795320724));
#7760=CARTESIAN_POINT('',(6.35018256326583,35.,-51.7415332331876));
#7761=CARTESIAN_POINT('',(5.7766061269148,35.,-52.5606852774766));
#7762=CARTESIAN_POINT('',(2.49999794975882,35.,-49.045604943311));
#7763=CARTESIAN_POINT('',(6.35018256326583,35.,-51.7415332331876));
#7764=CARTESIAN_POINT('',(2.49999794975883,35.,-46.));
#7765=CARTESIAN_POINT('',(2.50000000000002,35.,-61.));
#7766=CARTESIAN_POINT('',(5.77660612691464,35.,-48.2943057454044));
#7767=CARTESIAN_POINT('',(2.49999794975883,35.,-46.));
#7768=CARTESIAN_POINT('',(6.35018256326567,35.,-47.4751537011154));
#7769=CARTESIAN_POINT('',(5.77660612691464,35.,-48.2943057454044));
#7770=CARTESIAN_POINT('',(2.49999794975882,35.,-44.7792254112388));
#7771=CARTESIAN_POINT('',(6.35018256326567,35.,-47.4751537011154));
#7772=CARTESIAN_POINT('',(2.49999794975882,35.,-42.));
#7773=CARTESIAN_POINT('',(2.50000000000002,35.,-61.));
#7774=CARTESIAN_POINT('',(5.77660612691479,35.,-44.2943057454042));
#7775=CARTESIAN_POINT('',(2.49999794975882,35.,-42.));
#7776=CARTESIAN_POINT('',(6.35018256326582,35.,-43.4751537011152));
#7777=CARTESIAN_POINT('',(5.77660612691479,35.,-44.2943057454042));
#7778=CARTESIAN_POINT('',(2.81529673863782,35.,-41.));
#7779=CARTESIAN_POINT('',(6.35018256326582,35.,-43.4751537011152));
#7780=CARTESIAN_POINT('',(37.1847032613622,35.,-41.));
#7781=CARTESIAN_POINT('',(2.50000000000002,35.,-41.));
#7782=CARTESIAN_POINT('',(33.6498174367342,35.,-43.4751537011152));
#7783=CARTESIAN_POINT('',(33.6498174367342,35.,-43.4751537011152));
#7784=CARTESIAN_POINT('',(34.2233938730852,35.,-44.2943057454042));
#7785=CARTESIAN_POINT('',(34.2233938730852,35.,-44.2943057454042));
#7786=CARTESIAN_POINT('',(37.5000020502412,35.,-42.));
#7787=CARTESIAN_POINT('',(37.5000020502412,35.,-42.));
#7788=CARTESIAN_POINT('',(37.5000020502412,35.,-44.7792254112388));
#7789=CARTESIAN_POINT('',(37.5,35.,-41.));
#7790=CARTESIAN_POINT('',(33.6498174367344,35.,-47.4751537011154));
#7791=CARTESIAN_POINT('',(33.6498174367344,35.,-47.4751537011154));
#7792=CARTESIAN_POINT('',(34.2233938730854,35.,-48.2943057454044));
#7793=CARTESIAN_POINT('',(34.2233938730854,35.,-48.2943057454044));
#7794=CARTESIAN_POINT('',(37.5000020502412,35.,-46.));
#7795=CARTESIAN_POINT('',(37.5000020502412,35.,-46.));
#7796=CARTESIAN_POINT('',(37.5000020502412,35.,-49.0456049433109));
#7797=CARTESIAN_POINT('',(37.5,35.,-41.));
#7798=CARTESIAN_POINT('',(33.6498174367342,35.,-51.7415332331876));
#7799=CARTESIAN_POINT('',(33.6498174367342,35.,-51.7415332331876));
#7800=CARTESIAN_POINT('',(34.2233938730852,35.,-52.5606852774766));
#7801=CARTESIAN_POINT('',(34.2233938730852,35.,-52.5606852774766));
#7802=CARTESIAN_POINT('',(37.5000020502412,35.,-50.2663795320724));
#7803=CARTESIAN_POINT('',(37.5000020502412,35.,-50.2663795320724));
#7804=CARTESIAN_POINT('',(37.5000020502412,35.,-52.7792254112385));
#7805=CARTESIAN_POINT('',(37.5,35.,-41.));
#7806=CARTESIAN_POINT('',(33.6498174367342,35.,-55.4751537011152));
#7807=CARTESIAN_POINT('',(33.6498174367342,35.,-55.4751537011152));
#7808=CARTESIAN_POINT('',(34.2233938730852,35.,-56.2943057454042));
#7809=CARTESIAN_POINT('',(34.2233938730852,35.,-56.2943057454042));
#7810=CARTESIAN_POINT('',(37.5000020502412,35.,-54.));
#7811=CARTESIAN_POINT('',(37.5000020502412,35.,-54.));
#7812=CARTESIAN_POINT('',(37.5000020502412,35.,-56.7792254112386));
#7813=CARTESIAN_POINT('',(37.5,35.,-41.));
#7814=CARTESIAN_POINT('',(33.6498174367342,35.,-59.4751537011152));
#7815=CARTESIAN_POINT('',(33.6498174367342,35.,-59.4751537011152));
#7816=CARTESIAN_POINT('',(34.2233938730853,35.,-60.2943057454042));
#7817=CARTESIAN_POINT('',(34.2233938730853,35.,-60.2943057454042));
#7818=CARTESIAN_POINT('',(37.5000020502412,35.,-58.));
#7819=CARTESIAN_POINT('',(37.5000020502412,35.,-58.));
#7820=CARTESIAN_POINT('',(37.5,35.,-41.));
#7821=CARTESIAN_POINT('Origin',(12.5,51.,-61.));
#7822=CARTESIAN_POINT('',(12.5,36.,-45.));
#7823=CARTESIAN_POINT('',(12.5,36.,-61.));
#7824=CARTESIAN_POINT('',(12.5,51.,-45.));
#7825=CARTESIAN_POINT('',(12.5,36.,-45.));
#7826=CARTESIAN_POINT('',(12.5,51.,-61.));
#7827=CARTESIAN_POINT('Origin',(15.5,51.,-61.));
#7828=CARTESIAN_POINT('',(15.5,51.,-45.));
#7829=CARTESIAN_POINT('',(12.5,51.,-45.));
#7830=CARTESIAN_POINT('',(15.5,51.,-61.));
#7831=CARTESIAN_POINT('Origin',(15.5,36.,-61.));
#7832=CARTESIAN_POINT('',(15.5,36.,-45.));
#7833=CARTESIAN_POINT('',(15.5,51.,-45.));
#7834=CARTESIAN_POINT('',(15.5,36.,-61.));
#7835=CARTESIAN_POINT('Origin',(12.5,36.,-61.));
#7836=CARTESIAN_POINT('',(15.5,36.,-45.));
#7837=CARTESIAN_POINT('Origin',(14.,43.5,-45.));
#7838=CARTESIAN_POINT('Origin',(37.5,39.,-61.));
#7839=CARTESIAN_POINT('',(37.5,39.,-63.));
#7840=CARTESIAN_POINT('',(37.5,39.,-61.));
#7841=CARTESIAN_POINT('',(38.5,39.,-63.));
#7842=CARTESIAN_POINT('Origin',(34.5,53.,-61.));
#7843=CARTESIAN_POINT('',(37.5,53.,-63.));
#7844=CARTESIAN_POINT('',(37.,53.,-63.));
#7845=CARTESIAN_POINT('',(37.5,53.,-61.));
#7846=CARTESIAN_POINT('Origin',(30.5,60.,-61.));
#7847=CARTESIAN_POINT('',(30.5,60.,-63.));
#7848=CARTESIAN_POINT('',(30.5,60.,-61.));
#7849=CARTESIAN_POINT('',(30.5,47.5,-63.));
#7850=CARTESIAN_POINT('Origin',(9.50000000000002,57.,-61.));
#7851=CARTESIAN_POINT('',(9.50000000000002,60.,-61.));
#7852=CARTESIAN_POINT('',(9.50000000000002,46.,-61.));
#7853=CARTESIAN_POINT('',(9.50000000000002,60.,-63.));
#7854=CARTESIAN_POINT('',(9.50000000000002,46.,-63.));
#7855=CARTESIAN_POINT('',(9.50000000000002,60.,-61.));
#7856=CARTESIAN_POINT('Origin',(34.5,57.,-61.));
#7857=CARTESIAN_POINT('',(34.5,57.,-63.));
#7858=CARTESIAN_POINT('',(34.5,57.,-61.));
#7859=CARTESIAN_POINT('',(34.5,60.,-63.));
#7860=CARTESIAN_POINT('',(34.5,46.,-63.));
#7861=CARTESIAN_POINT('',(34.5,60.,-61.));
#7862=CARTESIAN_POINT('Origin',(37.5,57.,-61.));
#7863=CARTESIAN_POINT('',(37.5,57.,-63.));
#7864=CARTESIAN_POINT('',(37.5,57.,-61.));
#7865=CARTESIAN_POINT('',(38.5,57.,-63.));
#7866=CARTESIAN_POINT('Origin',(5.50000000000002,39.,-61.));
#7867=CARTESIAN_POINT('',(5.50000000000002,39.,-63.));
#7868=CARTESIAN_POINT('',(5.50000000000002,39.,-61.));
#7869=CARTESIAN_POINT('',(2.50000000000002,39.,-63.));
#7870=CARTESIAN_POINT('',(22.5,39.,-63.));
#7871=CARTESIAN_POINT('',(2.50000000000002,39.,-61.));
#7872=CARTESIAN_POINT('Origin',(5.50000000000002,53.,-61.));
#7873=CARTESIAN_POINT('',(5.50000000000002,53.,-63.));
#7874=CARTESIAN_POINT('',(5.50000000000002,53.,-61.));
#7875=CARTESIAN_POINT('',(5.50000000000002,44.,-63.));
#7876=CARTESIAN_POINT('Origin',(2.50000000000002,53.,-61.));
#7877=CARTESIAN_POINT('',(2.50000000000002,53.,-63.));
#7878=CARTESIAN_POINT('',(2.50000000000002,53.,-61.));
#7879=CARTESIAN_POINT('',(21.,53.,-63.));
#7880=CARTESIAN_POINT('Origin',(5.50000000000002,57.,-61.));
#7881=CARTESIAN_POINT('',(5.50000000000002,57.,-63.));
#7882=CARTESIAN_POINT('',(5.50000000000002,57.,-61.));
#7883=CARTESIAN_POINT('',(2.50000000000002,57.,-63.));
#7884=CARTESIAN_POINT('',(22.5,57.,-63.));
#7885=CARTESIAN_POINT('',(2.50000000000002,57.,-61.));
#7886=CARTESIAN_POINT('Origin',(5.50000000000002,60.,-61.));
#7887=CARTESIAN_POINT('',(5.50000000000002,60.,-61.));
#7888=CARTESIAN_POINT('',(5.50000000000002,47.5,-61.));
#7889=CARTESIAN_POINT('',(5.50000000000002,60.,-63.));
#7890=CARTESIAN_POINT('',(5.50000000000002,60.,-61.));
#7891=CARTESIAN_POINT('',(5.50000000000002,47.5,-63.));
#7892=CARTESIAN_POINT('Ctrl Pts',(33.6498174367342,56.,-43.4751537011152));
#7893=CARTESIAN_POINT('Ctrl Pts',(33.5998782911561,56.0499384621643,-43.4666165913786));
#7894=CARTESIAN_POINT('Ctrl Pts',(33.5499391455781,56.0998769243287,-43.458079481642));
#7895=CARTESIAN_POINT('Ctrl Pts',(33.5,56.149815386493,-43.4495423719055));
#7896=CARTESIAN_POINT('Ctrl Pts',(33.8410095821846,56.,-43.7482043825448));
#7897=CARTESIAN_POINT('Ctrl Pts',(33.7273397214564,56.1136691773144,-43.7396672728083));
#7898=CARTESIAN_POINT('Ctrl Pts',(33.6136698607282,56.2273383546289,-43.7311301630717));
#7899=CARTESIAN_POINT('Ctrl Pts',(33.5,56.3410075319433,-43.7225930533351));
#7900=CARTESIAN_POINT('Ctrl Pts',(34.0322017276349,56.,-44.0212550639745));
#7901=CARTESIAN_POINT('Ctrl Pts',(33.8548011517566,56.1773998924646,-44.0127179542379));
#7902=CARTESIAN_POINT('Ctrl Pts',(33.6774005758783,56.3547997849291,-44.0041808445014));
#7903=CARTESIAN_POINT('Ctrl Pts',(33.5,56.5321996773937,-43.9956437347648));
#7904=CARTESIAN_POINT('Ctrl Pts',(34.2233938730852,56.,-44.2943057454042));
#7905=CARTESIAN_POINT('Ctrl Pts',(33.9822625820568,56.2411306076147,-44.2857686356676));
#7906=CARTESIAN_POINT('Ctrl Pts',(33.7411312910284,56.4822612152294,-44.277231525931));
#7907=CARTESIAN_POINT('Ctrl Pts',(33.5,56.723391822844,-44.2686944161945));
#7908=CARTESIAN_POINT('',(33.6498174367342,56.,-43.4751537011152));
#7909=CARTESIAN_POINT('',(34.2233938730852,56.,-44.2943057454042));
#7910=CARTESIAN_POINT('',(34.2233938730852,56.,-44.2943057454042));
#7911=CARTESIAN_POINT('',(33.5,56.149815386493,-43.4495423719055));
#7912=CARTESIAN_POINT('',(33.6498174367342,56.,-43.4751537011152));
#7913=CARTESIAN_POINT('',(33.5,56.723391822844,-44.2686944161945));
#7914=CARTESIAN_POINT('',(33.5,56.5617633747064,-44.0378650701539));
#7915=CARTESIAN_POINT('',(34.2233938730852,56.,-44.2943057454042));
#7916=CARTESIAN_POINT('Ctrl Pts',(34.2233938730852,56.,-44.2943057454042));
#7917=CARTESIAN_POINT('Ctrl Pts',(33.9822625820568,56.2411306076147,-44.2857686356676));
#7918=CARTESIAN_POINT('Ctrl Pts',(33.7411312910284,56.4822612152294,-44.277231525931));
#7919=CARTESIAN_POINT('Ctrl Pts',(33.5,56.723391822844,-44.2686944161945));
#7920=CARTESIAN_POINT('Ctrl Pts',(35.3155965988039,56.,-43.5295371636028));
#7921=CARTESIAN_POINT('Ctrl Pts',(34.7103977325359,56.6051981828542,-43.5210000538662));
#7922=CARTESIAN_POINT('Ctrl Pts',(34.105198866268,57.2103963657085,-43.5124629441296));
#7923=CARTESIAN_POINT('Ctrl Pts',(33.5,57.8155945485627,-43.5039258343931));
#7924=CARTESIAN_POINT('Ctrl Pts',(36.4077993245225,56.,-42.7647685818014));
#7925=CARTESIAN_POINT('Ctrl Pts',(35.438532883015,56.9692657580938,-42.7562314720648));
#7926=CARTESIAN_POINT('Ctrl Pts',(34.4692664415075,57.9385315161876,-42.7476943623282));
#7927=CARTESIAN_POINT('Ctrl Pts',(33.5,58.9077972742813,-42.7391572525917));
#7928=CARTESIAN_POINT('Ctrl Pts',(37.5000020502412,56.,-42.));
#7929=CARTESIAN_POINT('Ctrl Pts',(36.1666680334941,57.3333333333333,-41.9914628902634));
#7930=CARTESIAN_POINT('Ctrl Pts',(34.8333340167471,58.6666666666667,-41.9829257805268));
#7931=CARTESIAN_POINT('Ctrl Pts',(33.5,60.,-41.9743886707903));
#7932=CARTESIAN_POINT('',(37.5000020502412,56.,-42.));
#7933=CARTESIAN_POINT('',(37.5000020502412,56.,-42.));
#7934=CARTESIAN_POINT('',(33.5,60.,-41.9743886707903));
#7935=CARTESIAN_POINT('',(33.5,59.1990822947609,-42.5351972854843));
#7936=CARTESIAN_POINT('',(37.5,56.,-42.));
#7937=CARTESIAN_POINT('Origin',(37.5,56.,-42.));
#7938=CARTESIAN_POINT('',(37.5000020502412,56.,-41.));
#7939=CARTESIAN_POINT('',(37.5,56.,-51.7683827891607));
#7940=CARTESIAN_POINT('',(33.5,60.,-41.));
#7941=CARTESIAN_POINT('',(33.5,60.,-38.9743886707903));
#7942=CARTESIAN_POINT('',(42.75,50.75,-41.));
#7943=CARTESIAN_POINT('Ctrl Pts',(37.1847032613622,56.,-41.));
#7944=CARTESIAN_POINT('Ctrl Pts',(35.9564688409081,57.2160414807867,-41.));
#7945=CARTESIAN_POINT('Ctrl Pts',(34.7282344204541,58.4320829615734,-41.));
#7946=CARTESIAN_POINT('Ctrl Pts',(33.5,59.64812444236,-41.));
#7947=CARTESIAN_POINT('Ctrl Pts',(36.0064079864862,56.,-41.8250512337051));
#7948=CARTESIAN_POINT('Ctrl Pts',(35.1709386576575,56.8273404745792,-41.8222055304595));
#7949=CARTESIAN_POINT('Ctrl Pts',(34.3354693288287,57.6546809491585,-41.819359827214));
#7950=CARTESIAN_POINT('Ctrl Pts',(33.5,58.4820214237377,-41.8165141239685));
#7951=CARTESIAN_POINT('Ctrl Pts',(34.8281127116102,56.,-42.6501024674101));
#7952=CARTESIAN_POINT('Ctrl Pts',(34.3854084744068,56.4386394683718,-42.6444110609191));
#7953=CARTESIAN_POINT('Ctrl Pts',(33.9427042372034,56.8772789367436,-42.638719654428));
#7954=CARTESIAN_POINT('Ctrl Pts',(33.5,57.3159184051153,-42.633028247937));
#7955=CARTESIAN_POINT('Ctrl Pts',(33.6498174367342,56.,-43.4751537011152));
#7956=CARTESIAN_POINT('Ctrl Pts',(33.5998782911561,56.0499384621643,-43.4666165913786));
#7957=CARTESIAN_POINT('Ctrl Pts',(33.5499391455781,56.0998769243287,-43.458079481642));
#7958=CARTESIAN_POINT('Ctrl Pts',(33.5,56.149815386493,-43.4495423719055));
#7959=CARTESIAN_POINT('',(37.1847032613622,56.,-41.));
#7960=CARTESIAN_POINT('',(33.6498174367342,56.,-43.4751537011152));
#7961=CARTESIAN_POINT('',(33.5,59.64812444236,-41.));
#7962=CARTESIAN_POINT('',(37.1847032613622,56.,-41.));
#7963=CARTESIAN_POINT('',(33.5,56.9872017698318,-42.8631981138974));
#7964=CARTESIAN_POINT('Origin',(37.5,35.,-41.));
#7965=CARTESIAN_POINT('',(37.1847032613622,35.,-41.));
#7966=CARTESIAN_POINT('',(2.81529673863782,56.,-41.));
#7967=CARTESIAN_POINT('',(2.81529673863782,35.,-41.));
#7968=CARTESIAN_POINT('',(6.50000000000002,59.64812444236,-41.));
#7969=CARTESIAN_POINT('',(6.50000000000002,59.64812444236,-41.));
#7970=CARTESIAN_POINT('',(37.5,59.6481244423601,-41.));
#7971=CARTESIAN_POINT('Ctrl Pts',(34.2233938730854,56.,-48.2943057454044));
#7972=CARTESIAN_POINT('Ctrl Pts',(33.9822625820569,56.2411306076147,-48.2857686356677));
#7973=CARTESIAN_POINT('Ctrl Pts',(33.7411312910285,56.4822612152294,-48.2772315259311));
#7974=CARTESIAN_POINT('Ctrl Pts',(33.5,56.723391822844,-48.2686944161945));
#7975=CARTESIAN_POINT('Ctrl Pts',(35.315596598804,56.,-47.5295371636029));
#7976=CARTESIAN_POINT('Ctrl Pts',(34.710397732536,56.6051981828542,-47.5210000538663));
#7977=CARTESIAN_POINT('Ctrl Pts',(34.105198866268,57.2103963657085,-47.5124629441297));
#7978=CARTESIAN_POINT('Ctrl Pts',(33.5,57.8155945485627,-47.5039258343931));
#7979=CARTESIAN_POINT('Ctrl Pts',(36.4077993245226,56.,-46.7647685818014));
#7980=CARTESIAN_POINT('Ctrl Pts',(35.4385328830151,56.9692657580938,-46.7562314720649));
#7981=CARTESIAN_POINT('Ctrl Pts',(34.4692664415075,57.9385315161876,-46.7476943623283));
#7982=CARTESIAN_POINT('Ctrl Pts',(33.5,58.9077972742813,-46.7391572525917));
#7983=CARTESIAN_POINT('Ctrl Pts',(37.5000020502412,56.,-46.));
#7984=CARTESIAN_POINT('Ctrl Pts',(36.1666680334941,57.3333333333333,-45.9914628902634));
#7985=CARTESIAN_POINT('Ctrl Pts',(34.8333340167471,58.6666666666667,-45.9829257805268));
#7986=CARTESIAN_POINT('Ctrl Pts',(33.5,60.,-45.9743886707903));
#7987=CARTESIAN_POINT('',(34.2233938730854,56.,-48.2943057454044));
#7988=CARTESIAN_POINT('',(37.5000020502412,56.,-46.));
#7989=CARTESIAN_POINT('',(37.5000020502412,56.,-46.));
#7990=CARTESIAN_POINT('',(33.5,56.723391822844,-48.2686944161945));
#7991=CARTESIAN_POINT('',(34.2233938730854,56.,-48.2943057454044));
#7992=CARTESIAN_POINT('',(33.5,60.,-45.9743886707903));
#7993=CARTESIAN_POINT('',(33.5,59.2280231733838,-46.5149326641102));
#7994=CARTESIAN_POINT('',(37.5,56.,-46.));
#7995=CARTESIAN_POINT('Origin',(37.5,56.,-46.));
#7996=CARTESIAN_POINT('',(37.5000020502412,56.,-44.7792254112388));
#7997=CARTESIAN_POINT('',(37.5,56.,-53.7683827891608));
#7998=CARTESIAN_POINT('',(33.5,60.,-44.7536140820288));
#7999=CARTESIAN_POINT('',(33.5,60.,-43.9743886707903));
#8000=CARTESIAN_POINT('',(37.5000020502412,56.,-44.7792254112388));
#8001=CARTESIAN_POINT('Ctrl Pts',(37.5000020502412,56.,-44.7792254112388));
#8002=CARTESIAN_POINT('Ctrl Pts',(36.1666680334941,57.3333333333333,-44.7706883015021));
#8003=CARTESIAN_POINT('Ctrl Pts',(34.8333340167471,58.6666666666667,-44.7621511917655));
#8004=CARTESIAN_POINT('Ctrl Pts',(33.5,60.,-44.7536140820288));
#8005=CARTESIAN_POINT('Ctrl Pts',(36.2166071790723,56.,-45.677868174531));
#8006=CARTESIAN_POINT('Ctrl Pts',(35.3110714527148,56.9055350429437,-45.6693310647943));
#8007=CARTESIAN_POINT('Ctrl Pts',(34.4055357263574,57.8110700858873,-45.6607939550577));
#8008=CARTESIAN_POINT('Ctrl Pts',(33.5,58.716605128831,-45.652256845321));
#8009=CARTESIAN_POINT('Ctrl Pts',(34.9332123079033,56.,-46.5765109378232));
#8010=CARTESIAN_POINT('Ctrl Pts',(34.4554748719355,56.477736752554,-46.5679738280865));
#8011=CARTESIAN_POINT('Ctrl Pts',(33.9777374359678,56.955473505108,-46.5594367183499));
#8012=CARTESIAN_POINT('Ctrl Pts',(33.5,57.433210257662,-46.5508996086132));
#8013=CARTESIAN_POINT('Ctrl Pts',(33.6498174367344,56.,-47.4751537011154));
#8014=CARTESIAN_POINT('Ctrl Pts',(33.5998782911563,56.0499384621643,-47.4666165913787));
#8015=CARTESIAN_POINT('Ctrl Pts',(33.5499391455781,56.0998769243287,-47.4580794816421));
#8016=CARTESIAN_POINT('Ctrl Pts',(33.5,56.149815386493,-47.4495423719055));
#8017=CARTESIAN_POINT('',(33.6498174367344,56.,-47.4751537011154));
#8018=CARTESIAN_POINT('',(33.6498174367344,56.,-47.4751537011154));
#8019=CARTESIAN_POINT('',(33.5,56.149815386493,-47.4495423719055));
#8020=CARTESIAN_POINT('',(33.5,57.0161426484547,-46.8429334925233));
#8021=CARTESIAN_POINT('',(33.6498174367344,56.,-47.4751537011154));
#8022=CARTESIAN_POINT('Ctrl Pts',(33.6498174367344,56.,-47.4751537011154));
#8023=CARTESIAN_POINT('Ctrl Pts',(33.5998782911563,56.0499384621643,-47.4666165913787));
#8024=CARTESIAN_POINT('Ctrl Pts',(33.5499391455781,56.0998769243287,-47.4580794816421));
#8025=CARTESIAN_POINT('Ctrl Pts',(33.5,56.149815386493,-47.4495423719055));
#8026=CARTESIAN_POINT('Ctrl Pts',(33.8410095821847,56.,-47.748204382545));
#8027=CARTESIAN_POINT('Ctrl Pts',(33.7273397214565,56.1136691773144,-47.7396672728084));
#8028=CARTESIAN_POINT('Ctrl Pts',(33.6136698607282,56.2273383546289,-47.7311301630718));
#8029=CARTESIAN_POINT('Ctrl Pts',(33.5,56.3410075319433,-47.7225930533351));
#8030=CARTESIAN_POINT('Ctrl Pts',(34.032201727635,56.,-48.0212550639747));
#8031=CARTESIAN_POINT('Ctrl Pts',(33.8548011517567,56.1773998924646,-48.0127179542381));
#8032=CARTESIAN_POINT('Ctrl Pts',(33.6774005758784,56.3547997849291,-48.0041808445014));
#8033=CARTESIAN_POINT('Ctrl Pts',(33.5,56.5321996773937,-47.9956437347648));
#8034=CARTESIAN_POINT('Ctrl Pts',(34.2233938730854,56.,-48.2943057454044));
#8035=CARTESIAN_POINT('Ctrl Pts',(33.9822625820569,56.2411306076147,-48.2857686356677));
#8036=CARTESIAN_POINT('Ctrl Pts',(33.7411312910285,56.4822612152294,-48.2772315259311));
#8037=CARTESIAN_POINT('Ctrl Pts',(33.5,56.723391822844,-48.2686944161945));
#8038=CARTESIAN_POINT('',(34.2233938730854,56.,-48.2943057454044));
#8039=CARTESIAN_POINT('',(33.5,56.5328224960835,-47.9965332120352));
#8040=CARTESIAN_POINT('Ctrl Pts',(37.5000020502412,56.,-49.0456049433109));
#8041=CARTESIAN_POINT('Ctrl Pts',(36.1666680334942,57.3333333333333,-48.9482746562169));
#8042=CARTESIAN_POINT('Ctrl Pts',(34.8333340167471,58.6666666666667,-48.8509443691229));
#8043=CARTESIAN_POINT('Ctrl Pts',(33.5,60.,-48.7536140820288));
#8044=CARTESIAN_POINT('Ctrl Pts',(36.2166071790722,56.,-49.9442477066032));
#8045=CARTESIAN_POINT('Ctrl Pts',(35.3110714527148,56.9055350429437,-49.8469174195091));
#8046=CARTESIAN_POINT('Ctrl Pts',(34.4055357263574,57.8110700858873,-49.7495871324151));
#8047=CARTESIAN_POINT('Ctrl Pts',(33.5,58.716605128831,-49.652256845321));
#8048=CARTESIAN_POINT('Ctrl Pts',(34.9332123079032,56.,-50.8428904698954));
#8049=CARTESIAN_POINT('Ctrl Pts',(34.4554748719355,56.477736752554,-50.7455601828013));
#8050=CARTESIAN_POINT('Ctrl Pts',(33.9777374359677,56.955473505108,-50.6482298957073));
#8051=CARTESIAN_POINT('Ctrl Pts',(33.5,57.433210257662,-50.5508996086132));
#8052=CARTESIAN_POINT('Ctrl Pts',(33.6498174367342,56.,-51.7415332331876));
#8053=CARTESIAN_POINT('Ctrl Pts',(33.5998782911561,56.0499384621643,-51.6442029460935));
#8054=CARTESIAN_POINT('Ctrl Pts',(33.5499391455781,56.0998769243286,-51.5468726589995));
#8055=CARTESIAN_POINT('Ctrl Pts',(33.5,56.1498153864929,-51.4495423719055));
#8056=CARTESIAN_POINT('',(37.5000020502412,56.,-49.0456049433109));
#8057=CARTESIAN_POINT('',(33.6498174367342,56.,-51.7415332331876));
#8058=CARTESIAN_POINT('',(33.6498174367342,56.,-51.7415332331876));
#8059=CARTESIAN_POINT('',(33.5,60.,-48.7536140820288));
#8060=CARTESIAN_POINT('',(37.5,56.,-49.0456049433109));
#8061=CARTESIAN_POINT('',(33.5,56.417006166527,-51.2624533735855));
#8062=CARTESIAN_POINT('',(33.5,57.0161426484547,-50.8429334925233));
#8063=CARTESIAN_POINT('',(33.5,56.1498153864929,-51.4495423719055));
#8064=CARTESIAN_POINT('',(33.5,57.0161426484547,-50.8429334925233));
#8065=CARTESIAN_POINT('',(33.6498174367342,56.,-51.7415332331876));
#8066=CARTESIAN_POINT('Ctrl Pts',(33.6498174367342,56.,-51.7415332331876));
#8067=CARTESIAN_POINT('Ctrl Pts',(33.5998782911561,56.0499384621643,-51.6442029460935));
#8068=CARTESIAN_POINT('Ctrl Pts',(33.5499391455781,56.0998769243286,-51.5468726589995));
#8069=CARTESIAN_POINT('Ctrl Pts',(33.5,56.1498153864929,-51.4495423719055));
#8070=CARTESIAN_POINT('Ctrl Pts',(33.8410095821845,56.,-52.0145839146173));
#8071=CARTESIAN_POINT('Ctrl Pts',(33.7273397214564,56.1136691773144,-51.9172536275232));
#8072=CARTESIAN_POINT('Ctrl Pts',(33.6136698607282,56.2273383546289,-51.8199233404292));
#8073=CARTESIAN_POINT('Ctrl Pts',(33.5,56.3410075319433,-51.7225930533351));
#8074=CARTESIAN_POINT('Ctrl Pts',(34.0322017276349,56.,-52.2876345960469));
#8075=CARTESIAN_POINT('Ctrl Pts',(33.8548011517566,56.1773998924645,-52.1903043089529));
#8076=CARTESIAN_POINT('Ctrl Pts',(33.6774005758783,56.3547997849291,-52.0929740218588));
#8077=CARTESIAN_POINT('Ctrl Pts',(33.5,56.5321996773936,-51.9956437347648));
#8078=CARTESIAN_POINT('Ctrl Pts',(34.2233938730852,56.,-52.5606852774766));
#8079=CARTESIAN_POINT('Ctrl Pts',(33.9822625820568,56.2411306076147,-52.4633549903825));
#8080=CARTESIAN_POINT('Ctrl Pts',(33.7411312910284,56.4822612152293,-52.3660247032885));
#8081=CARTESIAN_POINT('Ctrl Pts',(33.5,56.723391822844,-52.2686944161944));
#8082=CARTESIAN_POINT('',(33.7044542021581,56.,-51.8195626208226));
#8083=CARTESIAN_POINT('',(34.2233938730852,56.,-52.5606852774766));
#8084=CARTESIAN_POINT('',(33.5,56.723391822844,-52.2686944161944));
#8085=CARTESIAN_POINT('',(33.5,56.5328224960835,-51.9965332120352));
#8086=CARTESIAN_POINT('',(34.2233938730852,56.,-52.5606852774766));
#8087=CARTESIAN_POINT('',(34.2233938730852,56.,-52.5606852774766));
#8088=CARTESIAN_POINT('',(34.2233938730852,56.,-52.5606852774766));
#8089=CARTESIAN_POINT('Ctrl Pts',(34.2233938730852,56.,-52.5606852774766));
#8090=CARTESIAN_POINT('Ctrl Pts',(33.9822625820568,56.2411306076147,-52.4633549903825));
#8091=CARTESIAN_POINT('Ctrl Pts',(33.7411312910284,56.4822612152293,-52.3660247032885));
#8092=CARTESIAN_POINT('Ctrl Pts',(33.5,56.723391822844,-52.2686944161944));
#8093=CARTESIAN_POINT('Ctrl Pts',(35.3155965988039,56.,-51.7959166956752));
#8094=CARTESIAN_POINT('Ctrl Pts',(34.7103977325359,56.6051981828542,-51.6985864085811));
#8095=CARTESIAN_POINT('Ctrl Pts',(34.105198866268,57.2103963657084,-51.6012561214871));
#8096=CARTESIAN_POINT('Ctrl Pts',(33.5,57.8155945485627,-51.503925834393));
#8097=CARTESIAN_POINT('Ctrl Pts',(36.4077993245226,56.,-51.0311481138738));
#8098=CARTESIAN_POINT('Ctrl Pts',(35.438532883015,56.9692657580938,-50.9338178267798));
#8099=CARTESIAN_POINT('Ctrl Pts',(34.4692664415075,57.9385315161876,-50.8364875396857));
#8100=CARTESIAN_POINT('Ctrl Pts',(33.5,58.9077972742813,-50.7391572525917));
#8101=CARTESIAN_POINT('Ctrl Pts',(37.5000020502412,56.,-50.2663795320724));
#8102=CARTESIAN_POINT('Ctrl Pts',(36.1666680334941,57.3333333333333,-50.1690492449784));
#8103=CARTESIAN_POINT('Ctrl Pts',(34.8333340167471,58.6666666666667,-50.0717189578843));
#8104=CARTESIAN_POINT('Ctrl Pts',(33.5,60.,-49.9743886707903));
#8105=CARTESIAN_POINT('',(37.5000020502412,56.,-50.2663795320724));
#8106=CARTESIAN_POINT('',(37.5000020502412,56.,-50.2663795320724));
#8107=CARTESIAN_POINT('',(33.5,60.,-49.9743886707903));
#8108=CARTESIAN_POINT('',(33.5,59.2280231733837,-50.5149326641102));
#8109=CARTESIAN_POINT('',(37.5,56.,-50.2663795320724));
#8110=CARTESIAN_POINT('Origin',(37.5,56.,-50.2663795320724));
#8111=CARTESIAN_POINT('',(37.5,56.,-50.));
#8112=CARTESIAN_POINT('',(37.5,56.,-55.9015725551969));
#8113=CARTESIAN_POINT('',(33.5,60.,-47.9743886707903));
#8114=CARTESIAN_POINT('',(37.5,56.,-55.9015725551969));
#8115=CARTESIAN_POINT('Ctrl Pts',(34.2233938730852,56.,-56.2943057454042));
#8116=CARTESIAN_POINT('Ctrl Pts',(33.9822625820568,56.2411306076147,-56.2857686356676));
#8117=CARTESIAN_POINT('Ctrl Pts',(33.7411312910284,56.4822612152293,-56.277231525931));
#8118=CARTESIAN_POINT('Ctrl Pts',(33.5,56.723391822844,-56.2686944161944));
#8119=CARTESIAN_POINT('Ctrl Pts',(35.3155965988039,56.,-55.5295371636028));
#8120=CARTESIAN_POINT('Ctrl Pts',(34.7103977325359,56.6051981828542,-55.5210000538662));
#8121=CARTESIAN_POINT('Ctrl Pts',(34.105198866268,57.2103963657084,-55.5124629441296));
#8122=CARTESIAN_POINT('Ctrl Pts',(33.5,57.8155945485627,-55.5039258343931));
#8123=CARTESIAN_POINT('Ctrl Pts',(36.4077993245226,56.,-54.7647685818014));
#8124=CARTESIAN_POINT('Ctrl Pts',(35.438532883015,56.9692657580938,-54.7562314720648));
#8125=CARTESIAN_POINT('Ctrl Pts',(34.4692664415075,57.9385315161876,-54.7476943623282));
#8126=CARTESIAN_POINT('Ctrl Pts',(33.5,58.9077972742813,-54.7391572525917));
#8127=CARTESIAN_POINT('Ctrl Pts',(37.5000020502412,56.,-54.));
#8128=CARTESIAN_POINT('Ctrl Pts',(36.1666680334941,57.3333333333333,-53.9914628902634));
#8129=CARTESIAN_POINT('Ctrl Pts',(34.8333340167471,58.6666666666667,-53.9829257805268));
#8130=CARTESIAN_POINT('Ctrl Pts',(33.5,60.,-53.9743886707903));
#8131=CARTESIAN_POINT('',(34.2233938730852,56.,-56.2943057454042));
#8132=CARTESIAN_POINT('',(37.5000020502412,56.,-54.));
#8133=CARTESIAN_POINT('',(37.5000020502412,56.,-54.));
#8134=CARTESIAN_POINT('',(33.5,56.723391822844,-56.2686944161944));
#8135=CARTESIAN_POINT('',(34.2233938730852,56.,-56.2943057454042));
#8136=CARTESIAN_POINT('',(33.5,60.,-53.9743886707903));
#8137=CARTESIAN_POINT('',(33.5,59.2280231733838,-54.5149326641102));
#8138=CARTESIAN_POINT('',(37.5,56.,-54.));
#8139=CARTESIAN_POINT('Origin',(37.5,56.,-54.));
#8140=CARTESIAN_POINT('',(37.5000020502412,56.,-52.7792254112385));
#8141=CARTESIAN_POINT('',(37.5,56.,-57.7683827891607));
#8142=CARTESIAN_POINT('',(33.5,60.,-52.7536140820288));
#8143=CARTESIAN_POINT('',(33.5,60.,-51.9743886707903));
#8144=CARTESIAN_POINT('',(37.5000020502412,56.,-52.7792254112385));
#8145=CARTESIAN_POINT('Ctrl Pts',(37.5000020502412,56.,-52.7792254112385));
#8146=CARTESIAN_POINT('Ctrl Pts',(36.1666680334942,57.3333333333333,-52.770688301502));
#8147=CARTESIAN_POINT('Ctrl Pts',(34.8333340167471,58.6666666666667,-52.7621511917654));
#8148=CARTESIAN_POINT('Ctrl Pts',(33.5,60.,-52.7536140820288));
#8149=CARTESIAN_POINT('Ctrl Pts',(36.2166071790722,56.,-53.6778681745308));
#8150=CARTESIAN_POINT('Ctrl Pts',(35.3110714527148,56.9055350429437,-53.6693310647942));
#8151=CARTESIAN_POINT('Ctrl Pts',(34.4055357263574,57.8110700858873,-53.6607939550576));
#8152=CARTESIAN_POINT('Ctrl Pts',(33.5,58.716605128831,-53.652256845321));
#8153=CARTESIAN_POINT('Ctrl Pts',(34.9332123079032,56.,-54.576510937823));
#8154=CARTESIAN_POINT('Ctrl Pts',(34.4554748719355,56.477736752554,-54.5679738280864));
#8155=CARTESIAN_POINT('Ctrl Pts',(33.9777374359677,56.955473505108,-54.5594367183498));
#8156=CARTESIAN_POINT('Ctrl Pts',(33.5,57.433210257662,-54.5508996086132));
#8157=CARTESIAN_POINT('Ctrl Pts',(33.6498174367342,56.,-55.4751537011152));
#8158=CARTESIAN_POINT('Ctrl Pts',(33.5998782911561,56.0499384621643,-55.4666165913786));
#8159=CARTESIAN_POINT('Ctrl Pts',(33.5499391455781,56.0998769243287,-55.458079481642));
#8160=CARTESIAN_POINT('Ctrl Pts',(33.5,56.149815386493,-55.4495423719054));
#8161=CARTESIAN_POINT('',(33.6498174367342,56.,-55.4751537011152));
#8162=CARTESIAN_POINT('',(33.6498174367342,56.,-55.4751537011152));
#8163=CARTESIAN_POINT('',(33.5,56.149815386493,-55.4495423719054));
#8164=CARTESIAN_POINT('',(33.5,57.0161426484547,-54.8429334925232));
#8165=CARTESIAN_POINT('',(33.6498174367342,56.,-55.4751537011152));
#8166=CARTESIAN_POINT('Ctrl Pts',(33.6498174367342,56.,-55.4751537011152));
#8167=CARTESIAN_POINT('Ctrl Pts',(33.5998782911561,56.0499384621643,-55.4666165913786));
#8168=CARTESIAN_POINT('Ctrl Pts',(33.5499391455781,56.0998769243287,-55.458079481642));
#8169=CARTESIAN_POINT('Ctrl Pts',(33.5,56.149815386493,-55.4495423719054));
#8170=CARTESIAN_POINT('Ctrl Pts',(33.8410095821845,56.,-55.7482043825449));
#8171=CARTESIAN_POINT('Ctrl Pts',(33.7273397214564,56.1136691773144,-55.7396672728083));
#8172=CARTESIAN_POINT('Ctrl Pts',(33.6136698607282,56.2273383546289,-55.7311301630717));
#8173=CARTESIAN_POINT('Ctrl Pts',(33.5,56.3410075319433,-55.7225930533351));
#8174=CARTESIAN_POINT('Ctrl Pts',(34.0322017276349,56.,-56.0212550639745));
#8175=CARTESIAN_POINT('Ctrl Pts',(33.8548011517566,56.1773998924646,-56.0127179542379));
#8176=CARTESIAN_POINT('Ctrl Pts',(33.6774005758783,56.3547997849291,-56.0041808445013));
#8177=CARTESIAN_POINT('Ctrl Pts',(33.5,56.5321996773937,-55.9956437347648));
#8178=CARTESIAN_POINT('Ctrl Pts',(34.2233938730852,56.,-56.2943057454042));
#8179=CARTESIAN_POINT('Ctrl Pts',(33.9822625820568,56.2411306076147,-56.2857686356676));
#8180=CARTESIAN_POINT('Ctrl Pts',(33.7411312910284,56.4822612152293,-56.277231525931));
#8181=CARTESIAN_POINT('Ctrl Pts',(33.5,56.723391822844,-56.2686944161944));
#8182=CARTESIAN_POINT('',(34.2233938730852,56.,-56.2943057454042));
#8183=CARTESIAN_POINT('',(33.5,56.5328224960835,-55.9965332120352));
#8184=CARTESIAN_POINT('Ctrl Pts',(34.2233938730853,56.,-60.2943057454042));
#8185=CARTESIAN_POINT('Ctrl Pts',(33.9822625820569,56.2411306076147,-60.2857686356676));
#8186=CARTESIAN_POINT('Ctrl Pts',(33.7411312910284,56.4822612152293,-60.277231525931));
#8187=CARTESIAN_POINT('Ctrl Pts',(33.5,56.723391822844,-60.2686944161944));
#8188=CARTESIAN_POINT('Ctrl Pts',(35.3155965988039,56.,-59.5295371636028));
#8189=CARTESIAN_POINT('Ctrl Pts',(34.710397732536,56.6051981828542,-59.5210000538662));
#8190=CARTESIAN_POINT('Ctrl Pts',(34.105198866268,57.2103963657084,-59.5124629441296));
#8191=CARTESIAN_POINT('Ctrl Pts',(33.5,57.8155945485627,-59.503925834393));
#8192=CARTESIAN_POINT('Ctrl Pts',(36.4077993245226,56.,-58.7647685818014));
#8193=CARTESIAN_POINT('Ctrl Pts',(35.4385328830151,56.9692657580938,-58.7562314720648));
#8194=CARTESIAN_POINT('Ctrl Pts',(34.4692664415075,57.9385315161876,-58.7476943623282));
#8195=CARTESIAN_POINT('Ctrl Pts',(33.5,58.9077972742813,-58.7391572525917));
#8196=CARTESIAN_POINT('Ctrl Pts',(37.5000020502412,56.,-58.));
#8197=CARTESIAN_POINT('Ctrl Pts',(36.1666680334942,57.3333333333333,-57.9914628902634));
#8198=CARTESIAN_POINT('Ctrl Pts',(34.8333340167471,58.6666666666667,-57.9829257805268));
#8199=CARTESIAN_POINT('Ctrl Pts',(33.5,60.,-57.9743886707903));
#8200=CARTESIAN_POINT('',(34.2233938730853,56.,-60.2943057454042));
#8201=CARTESIAN_POINT('',(37.5000020502412,56.,-58.));
#8202=CARTESIAN_POINT('',(37.5000020502412,56.,-58.));
#8203=CARTESIAN_POINT('',(33.5,56.723391822844,-60.2686944161944));
#8204=CARTESIAN_POINT('',(34.2233938730853,56.,-60.2943057454042));
#8205=CARTESIAN_POINT('',(33.5,60.,-57.9743886707903));
#8206=CARTESIAN_POINT('',(33.5,59.2280231733837,-58.5149326641102));
#8207=CARTESIAN_POINT('',(37.5,56.,-58.));
#8208=CARTESIAN_POINT('Origin',(37.5,56.,-58.));
#8209=CARTESIAN_POINT('',(37.5000020502412,56.,-56.7792254112386));
#8210=CARTESIAN_POINT('',(37.5,56.,-59.7683827891607));
#8211=CARTESIAN_POINT('',(33.5,60.,-56.7536140820288));
#8212=CARTESIAN_POINT('',(33.5,60.,-56.));
#8213=CARTESIAN_POINT('',(37.5000020502412,56.,-56.7792254112386));
#8214=CARTESIAN_POINT('Ctrl Pts',(37.5000020502412,56.,-56.7792254112386));
#8215=CARTESIAN_POINT('Ctrl Pts',(36.1666680334942,57.3333333333333,-56.770688301502));
#8216=CARTESIAN_POINT('Ctrl Pts',(34.8333340167471,58.6666666666667,-56.7621511917654));
#8217=CARTESIAN_POINT('Ctrl Pts',(33.5,60.,-56.7536140820288));
#8218=CARTESIAN_POINT('Ctrl Pts',(36.2166071790722,56.,-57.6778681745308));
#8219=CARTESIAN_POINT('Ctrl Pts',(35.3110714527148,56.9055350429437,-57.6693310647942));
#8220=CARTESIAN_POINT('Ctrl Pts',(34.4055357263574,57.8110700858873,-57.6607939550576));
#8221=CARTESIAN_POINT('Ctrl Pts',(33.5,58.716605128831,-57.652256845321));
#8222=CARTESIAN_POINT('Ctrl Pts',(34.9332123079032,56.,-58.576510937823));
#8223=CARTESIAN_POINT('Ctrl Pts',(34.4554748719355,56.477736752554,-58.5679738280864));
#8224=CARTESIAN_POINT('Ctrl Pts',(33.9777374359678,56.955473505108,-58.5594367183498));
#8225=CARTESIAN_POINT('Ctrl Pts',(33.5,57.4332102576619,-58.5508996086132));
#8226=CARTESIAN_POINT('Ctrl Pts',(33.6498174367342,56.,-59.4751537011152));
#8227=CARTESIAN_POINT('Ctrl Pts',(33.5998782911562,56.0499384621643,-59.4666165913786));
#8228=CARTESIAN_POINT('Ctrl Pts',(33.5499391455781,56.0998769243286,-59.458079481642));
#8229=CARTESIAN_POINT('Ctrl Pts',(33.5,56.1498153864929,-59.4495423719055));
#8230=CARTESIAN_POINT('',(33.6498174367342,56.,-59.4751537011152));
#8231=CARTESIAN_POINT('',(33.6498174367342,56.,-59.4751537011152));
#8232=CARTESIAN_POINT('',(33.5,56.1498153864929,-59.4495423719055));
#8233=CARTESIAN_POINT('',(33.5,57.0161426484547,-58.8429334925233));
#8234=CARTESIAN_POINT('',(33.6498174367342,56.,-59.4751537011152));
#8235=CARTESIAN_POINT('Ctrl Pts',(33.6498174367342,56.,-59.4751537011152));
#8236=CARTESIAN_POINT('Ctrl Pts',(33.5998782911562,56.0499384621643,-59.4666165913786));
#8237=CARTESIAN_POINT('Ctrl Pts',(33.5499391455781,56.0998769243286,-59.458079481642));
#8238=CARTESIAN_POINT('Ctrl Pts',(33.5,56.1498153864929,-59.4495423719055));
#8239=CARTESIAN_POINT('Ctrl Pts',(33.8410095821846,56.,-59.7482043825449));
#8240=CARTESIAN_POINT('Ctrl Pts',(33.7273397214564,56.1136691773144,-59.7396672728083));
#8241=CARTESIAN_POINT('Ctrl Pts',(33.6136698607282,56.2273383546289,-59.7311301630717));
#8242=CARTESIAN_POINT('Ctrl Pts',(33.5,56.3410075319433,-59.7225930533351));
#8243=CARTESIAN_POINT('Ctrl Pts',(34.0322017276349,56.,-60.0212550639745));
#8244=CARTESIAN_POINT('Ctrl Pts',(33.8548011517566,56.1773998924645,-60.0127179542379));
#8245=CARTESIAN_POINT('Ctrl Pts',(33.6774005758783,56.3547997849291,-60.0041808445014));
#8246=CARTESIAN_POINT('Ctrl Pts',(33.5,56.5321996773936,-59.9956437347648));
#8247=CARTESIAN_POINT('Ctrl Pts',(34.2233938730853,56.,-60.2943057454042));
#8248=CARTESIAN_POINT('Ctrl Pts',(33.9822625820569,56.2411306076147,-60.2857686356676));
#8249=CARTESIAN_POINT('Ctrl Pts',(33.7411312910284,56.4822612152293,-60.277231525931));
#8250=CARTESIAN_POINT('Ctrl Pts',(33.5,56.723391822844,-60.2686944161944));
#8251=CARTESIAN_POINT('',(34.2233938730853,56.,-60.2943057454042));
#8252=CARTESIAN_POINT('',(33.5,56.5328224960835,-59.9965332120353));
#8253=CARTESIAN_POINT('Ctrl Pts',(6.50000000000002,56.149815386493,-43.4495423719055));
#8254=CARTESIAN_POINT('Ctrl Pts',(6.45006085442195,56.0998769243287,-43.458079481642));
#8255=CARTESIAN_POINT('Ctrl Pts',(6.40012170884388,56.0499384621643,-43.4666165913786));
#8256=CARTESIAN_POINT('Ctrl Pts',(6.35018256326581,56.,-43.4751537011152));
#8257=CARTESIAN_POINT('Ctrl Pts',(6.50000000000002,56.3410075319433,-43.7225930533351));
#8258=CARTESIAN_POINT('Ctrl Pts',(6.38633013927183,56.2273383546289,-43.7311301630717));
#8259=CARTESIAN_POINT('Ctrl Pts',(6.27266027854365,56.1136691773144,-43.7396672728083));
#8260=CARTESIAN_POINT('Ctrl Pts',(6.15899041781547,56.,-43.7482043825448));
#8261=CARTESIAN_POINT('Ctrl Pts',(6.50000000000002,56.5321996773937,-43.9956437347648));
#8262=CARTESIAN_POINT('Ctrl Pts',(6.32259942412172,56.3547997849291,-44.0041808445014));
#8263=CARTESIAN_POINT('Ctrl Pts',(6.14519884824342,56.1773998924646,-44.0127179542379));
#8264=CARTESIAN_POINT('Ctrl Pts',(5.96779827236512,56.,-44.0212550639745));
#8265=CARTESIAN_POINT('Ctrl Pts',(6.50000000000002,56.723391822844,-44.2686944161945));
#8266=CARTESIAN_POINT('Ctrl Pts',(6.2588687089716,56.4822612152294,-44.277231525931));
#8267=CARTESIAN_POINT('Ctrl Pts',(6.01773741794319,56.2411306076147,-44.2857686356676));
#8268=CARTESIAN_POINT('Ctrl Pts',(5.77660612691478,56.,-44.2943057454042));
#8269=CARTESIAN_POINT('',(6.50000000000002,56.723391822844,-44.2686944161945));
#8270=CARTESIAN_POINT('',(6.50000000000002,56.149815386493,-43.4495423719055));
#8271=CARTESIAN_POINT('',(6.50000000000002,56.723391822844,-44.2686944161945));
#8272=CARTESIAN_POINT('',(6.35018256326582,56.,-43.4751537011152));
#8273=CARTESIAN_POINT('',(6.50000000000002,56.149815386493,-43.4495423719055));
#8274=CARTESIAN_POINT('',(5.77660612691479,56.,-44.2943057454042));
#8275=CARTESIAN_POINT('',(5.77660612691479,56.,-44.2943057454042));
#8276=CARTESIAN_POINT('',(6.50000000000002,56.723391822844,-44.2686944161945));
#8277=CARTESIAN_POINT('Ctrl Pts',(6.50000000000002,56.723391822844,-44.2686944161945));
#8278=CARTESIAN_POINT('Ctrl Pts',(6.25886870897161,56.4822612152294,-44.277231525931));
#8279=CARTESIAN_POINT('Ctrl Pts',(6.01773741794319,56.2411306076147,-44.2857686356676));
#8280=CARTESIAN_POINT('Ctrl Pts',(5.77660612691478,56.,-44.2943057454042));
#8281=CARTESIAN_POINT('Ctrl Pts',(6.50000000000002,57.8155945485627,-43.5039258343931));
#8282=CARTESIAN_POINT('Ctrl Pts',(5.89480113373205,57.2103963657085,-43.5124629441296));
#8283=CARTESIAN_POINT('Ctrl Pts',(5.28960226746409,56.6051981828542,-43.5210000538662));
#8284=CARTESIAN_POINT('Ctrl Pts',(4.68440340119613,56.,-43.5295371636028));
#8285=CARTESIAN_POINT('Ctrl Pts',(6.50000000000002,58.9077972742813,-42.7391572525917));
#8286=CARTESIAN_POINT('Ctrl Pts',(5.5307335584925,57.9385315161876,-42.7476943623282));
#8287=CARTESIAN_POINT('Ctrl Pts',(4.56146711698499,56.9692657580938,-42.7562314720648));
#8288=CARTESIAN_POINT('Ctrl Pts',(3.59220067547748,56.,-42.7647685818014));
#8289=CARTESIAN_POINT('Ctrl Pts',(6.50000000000002,60.,-41.9743886707903));
#8290=CARTESIAN_POINT('Ctrl Pts',(5.16666598325295,58.6666666666667,-41.9829257805268));
#8291=CARTESIAN_POINT('Ctrl Pts',(3.83333196650589,57.3333333333333,-41.9914628902634));
#8292=CARTESIAN_POINT('Ctrl Pts',(2.49999794975882,56.,-42.));
#8293=CARTESIAN_POINT('',(6.50000000000002,60.,-41.9743886707903));
#8294=CARTESIAN_POINT('',(6.50000000000002,60.,-41.9743886707903));
#8295=CARTESIAN_POINT('',(2.49999794975883,56.,-42.));
#8296=CARTESIAN_POINT('',(2.49999794975882,56.,-42.));
#8297=CARTESIAN_POINT('',(6.50000000000002,60.,-41.9743886707903));
#8298=CARTESIAN_POINT('Origin',(6.50000000000002,60.,-41.9743886707903));
#8299=CARTESIAN_POINT('',(6.50000000000002,60.,-41.));
#8300=CARTESIAN_POINT('',(6.50000000000002,60.,-46.8171736040486));
#8301=CARTESIAN_POINT('',(2.49999794975883,56.,-41.));
#8302=CARTESIAN_POINT('',(2.50000000000002,56.,-41.7683827891607));
#8303=CARTESIAN_POINT('',(8.00000000000002,61.5,-41.));
#8304=CARTESIAN_POINT('Ctrl Pts',(6.50000000000002,59.64812444236,-41.));
#8305=CARTESIAN_POINT('Ctrl Pts',(5.27176557954595,58.4320829615734,-41.));
#8306=CARTESIAN_POINT('Ctrl Pts',(4.04353115909189,57.2160414807867,-41.));
#8307=CARTESIAN_POINT('Ctrl Pts',(2.81529673863782,56.,-41.));
#8308=CARTESIAN_POINT('Ctrl Pts',(6.50000000000002,58.4820214237377,-41.8165141239685));
#8309=CARTESIAN_POINT('Ctrl Pts',(5.66453067117128,57.6546809491584,-41.819359827214));
#8310=CARTESIAN_POINT('Ctrl Pts',(4.82906134234255,56.8273404745792,-41.8222055304595));
#8311=CARTESIAN_POINT('Ctrl Pts',(3.99359201351382,56.,-41.8250512337051));
#8312=CARTESIAN_POINT('Ctrl Pts',(6.50000000000002,57.3159184051153,-42.633028247937));
#8313=CARTESIAN_POINT('Ctrl Pts',(6.05729576279662,56.8772789367436,-42.638719654428));
#8314=CARTESIAN_POINT('Ctrl Pts',(5.61459152559322,56.4386394683718,-42.6444110609191));
#8315=CARTESIAN_POINT('Ctrl Pts',(5.17188728838982,56.,-42.6501024674101));
#8316=CARTESIAN_POINT('Ctrl Pts',(6.50000000000002,56.149815386493,-43.4495423719055));
#8317=CARTESIAN_POINT('Ctrl Pts',(6.45006085442195,56.0998769243287,-43.458079481642));
#8318=CARTESIAN_POINT('Ctrl Pts',(6.40012170884388,56.0499384621643,-43.4666165913786));
#8319=CARTESIAN_POINT('Ctrl Pts',(6.35018256326582,56.,-43.4751537011152));
#8320=CARTESIAN_POINT('',(6.50000000000002,56.149815386493,-43.4495423719055));
#8321=CARTESIAN_POINT('',(6.35018256326582,56.,-43.4751537011152));
#8322=CARTESIAN_POINT('Origin',(37.5,35.,-41.));
#8323=CARTESIAN_POINT('',(2.50000000000002,60.,-41.));
#8324=CARTESIAN_POINT('',(2.50000000000002,35.,-41.));
#8325=CARTESIAN_POINT('',(2.50000000000002,60.,-41.));
#8326=CARTESIAN_POINT('Origin',(37.5,35.,-41.));
#8327=CARTESIAN_POINT('',(37.5,60.,-41.));
#8328=CARTESIAN_POINT('',(37.5,60.,-41.));
#8329=CARTESIAN_POINT('',(37.5,35.,-41.));
#8330=CARTESIAN_POINT('Ctrl Pts',(6.50000000000002,56.149815386493,-47.4495423719055));
#8331=CARTESIAN_POINT('Ctrl Pts',(6.4500608544219,56.0998769243287,-47.4580794816421));
#8332=CARTESIAN_POINT('Ctrl Pts',(6.40012170884378,56.0499384621643,-47.4666165913787));
#8333=CARTESIAN_POINT('Ctrl Pts',(6.35018256326566,56.,-47.4751537011154));
#8334=CARTESIAN_POINT('Ctrl Pts',(6.50000000000002,56.3410075319433,-47.7225930533351));
#8335=CARTESIAN_POINT('Ctrl Pts',(6.38633013927178,56.2273383546289,-47.7311301630718));
#8336=CARTESIAN_POINT('Ctrl Pts',(6.27266027854355,56.1136691773144,-47.7396672728084));
#8337=CARTESIAN_POINT('Ctrl Pts',(6.15899041781532,56.,-47.748204382545));
#8338=CARTESIAN_POINT('Ctrl Pts',(6.50000000000002,56.5321996773937,-47.9956437347648));
#8339=CARTESIAN_POINT('Ctrl Pts',(6.32259942412167,56.3547997849291,-48.0041808445014));
#8340=CARTESIAN_POINT('Ctrl Pts',(6.14519884824332,56.1773998924646,-48.0127179542381));
#8341=CARTESIAN_POINT('Ctrl Pts',(5.96779827236498,56.,-48.0212550639747));
#8342=CARTESIAN_POINT('Ctrl Pts',(6.50000000000002,56.723391822844,-48.2686944161945));
#8343=CARTESIAN_POINT('Ctrl Pts',(6.25886870897156,56.4822612152294,-48.2772315259311));
#8344=CARTESIAN_POINT('Ctrl Pts',(6.0177374179431,56.2411306076147,-48.2857686356677));
#8345=CARTESIAN_POINT('Ctrl Pts',(5.77660612691464,56.,-48.2943057454044));
#8346=CARTESIAN_POINT('',(6.50000000000002,56.723391822844,-48.2686944161945));
#8347=CARTESIAN_POINT('',(6.50000000000002,56.149815386493,-47.4495423719055));
#8348=CARTESIAN_POINT('',(6.50000000000002,56.723391822844,-48.2686944161945));
#8349=CARTESIAN_POINT('',(6.35018256326567,56.,-47.4751537011154));
#8350=CARTESIAN_POINT('',(6.50000000000002,56.149815386493,-47.4495423719055));
#8351=CARTESIAN_POINT('',(5.77660612691464,56.,-48.2943057454044));
#8352=CARTESIAN_POINT('',(5.77660612691464,56.,-48.2943057454044));
#8353=CARTESIAN_POINT('',(6.50000000000002,56.723391822844,-48.2686944161945));
#8354=CARTESIAN_POINT('Ctrl Pts',(6.50000000000002,56.723391822844,-48.2686944161945));
#8355=CARTESIAN_POINT('Ctrl Pts',(6.25886870897156,56.4822612152294,-48.2772315259311));
#8356=CARTESIAN_POINT('Ctrl Pts',(6.0177374179431,56.2411306076147,-48.2857686356677));
#8357=CARTESIAN_POINT('Ctrl Pts',(5.77660612691464,56.,-48.2943057454044));
#8358=CARTESIAN_POINT('Ctrl Pts',(6.50000000000002,57.8155945485627,-47.5039258343931));
#8359=CARTESIAN_POINT('Ctrl Pts',(5.89480113373202,57.2103963657085,-47.5124629441297));
#8360=CARTESIAN_POINT('Ctrl Pts',(5.28960226746403,56.6051981828542,-47.5210000538663));
#8361=CARTESIAN_POINT('Ctrl Pts',(4.68440340119604,56.,-47.5295371636029));
#8362=CARTESIAN_POINT('Ctrl Pts',(6.50000000000002,58.9077972742813,-46.7391572525917));
#8363=CARTESIAN_POINT('Ctrl Pts',(5.53073355849249,57.9385315161876,-46.7476943623283));
#8364=CARTESIAN_POINT('Ctrl Pts',(4.56146711698496,56.9692657580938,-46.7562314720649));
#8365=CARTESIAN_POINT('Ctrl Pts',(3.59220067547743,56.,-46.7647685818015));
#8366=CARTESIAN_POINT('Ctrl Pts',(6.50000000000002,60.,-45.9743886707903));
#8367=CARTESIAN_POINT('Ctrl Pts',(5.16666598325295,58.6666666666667,-45.9829257805268));
#8368=CARTESIAN_POINT('Ctrl Pts',(3.83333196650589,57.3333333333333,-45.9914628902634));
#8369=CARTESIAN_POINT('Ctrl Pts',(2.49999794975882,56.,-46.));
#8370=CARTESIAN_POINT('',(6.50000000000002,60.,-45.9743886707903));
#8371=CARTESIAN_POINT('',(6.50000000000002,60.,-45.9743886707903));
#8372=CARTESIAN_POINT('',(2.49999794975883,56.,-46.));
#8373=CARTESIAN_POINT('',(2.49999794975883,56.,-46.));
#8374=CARTESIAN_POINT('',(6.50000000000002,60.,-45.9743886707903));
#8375=CARTESIAN_POINT('Origin',(6.50000000000002,60.,-45.9743886707903));
#8376=CARTESIAN_POINT('',(6.50000000000002,60.,-44.7536140820288));
#8377=CARTESIAN_POINT('',(6.50000000000002,60.,-48.7555771245558));
#8378=CARTESIAN_POINT('',(2.49999794975882,56.,-44.7792254112388));
#8379=CARTESIAN_POINT('',(2.50000000000002,56.,-43.7683827891608));
#8380=CARTESIAN_POINT('',(6.50000000000002,60.,-44.7536140820288));
#8381=CARTESIAN_POINT('Ctrl Pts',(6.50000000000002,60.,-44.7536140820288));
#8382=CARTESIAN_POINT('Ctrl Pts',(5.16666598325295,58.6666666666667,-44.7621511917655));
#8383=CARTESIAN_POINT('Ctrl Pts',(3.83333196650588,57.3333333333333,-44.7706883015021));
#8384=CARTESIAN_POINT('Ctrl Pts',(2.49999794975882,56.,-44.7792254112388));
#8385=CARTESIAN_POINT('Ctrl Pts',(6.50000000000002,58.716605128831,-45.652256845321));
#8386=CARTESIAN_POINT('Ctrl Pts',(5.5944642736426,57.8110700858873,-45.6607939550577));
#8387=CARTESIAN_POINT('Ctrl Pts',(4.68892854728518,56.9055350429437,-45.6693310647943));
#8388=CARTESIAN_POINT('Ctrl Pts',(3.78339282092777,56.,-45.677868174531));
#8389=CARTESIAN_POINT('Ctrl Pts',(6.50000000000002,57.433210257662,-46.5508996086132));
#8390=CARTESIAN_POINT('Ctrl Pts',(6.02226256403225,56.955473505108,-46.5594367183499));
#8391=CARTESIAN_POINT('Ctrl Pts',(5.54452512806448,56.477736752554,-46.5679738280865));
#8392=CARTESIAN_POINT('Ctrl Pts',(5.06678769209672,56.,-46.5765109378232));
#8393=CARTESIAN_POINT('Ctrl Pts',(6.50000000000002,56.149815386493,-47.4495423719055));
#8394=CARTESIAN_POINT('Ctrl Pts',(6.4500608544219,56.0998769243287,-47.4580794816421));
#8395=CARTESIAN_POINT('Ctrl Pts',(6.40012170884378,56.0499384621643,-47.4666165913787));
#8396=CARTESIAN_POINT('Ctrl Pts',(6.35018256326567,56.,-47.4751537011154));
#8397=CARTESIAN_POINT('',(6.50000000000002,56.149815386493,-47.4495423719055));
#8398=CARTESIAN_POINT('',(6.35018256326567,56.,-47.4751537011154));
#8399=CARTESIAN_POINT('Ctrl Pts',(6.50000000000002,56.1498153864929,-51.4495423719055));
#8400=CARTESIAN_POINT('Ctrl Pts',(6.45006085442196,56.0998769243286,-51.5468726589995));
#8401=CARTESIAN_POINT('Ctrl Pts',(6.40012170884389,56.0499384621643,-51.6442029460936));
#8402=CARTESIAN_POINT('Ctrl Pts',(6.35018256326583,56.,-51.7415332331876));
#8403=CARTESIAN_POINT('Ctrl Pts',(6.50000000000002,56.3410075319433,-51.7225930533351));
#8404=CARTESIAN_POINT('Ctrl Pts',(6.38633013927184,56.2273383546289,-51.8199233404292));
#8405=CARTESIAN_POINT('Ctrl Pts',(6.27266027854366,56.1136691773144,-51.9172536275232));
#8406=CARTESIAN_POINT('Ctrl Pts',(6.15899041781549,56.,-52.0145839146173));
#8407=CARTESIAN_POINT('Ctrl Pts',(6.50000000000002,56.5321996773936,-51.9956437347648));
#8408=CARTESIAN_POINT('Ctrl Pts',(6.32259942412172,56.3547997849291,-52.0929740218588));
#8409=CARTESIAN_POINT('Ctrl Pts',(6.14519884824343,56.1773998924645,-52.1903043089529));
#8410=CARTESIAN_POINT('Ctrl Pts',(5.96779827236514,56.,-52.2876345960469));
#8411=CARTESIAN_POINT('Ctrl Pts',(6.50000000000002,56.723391822844,-52.2686944161944));
#8412=CARTESIAN_POINT('Ctrl Pts',(6.25886870897161,56.4822612152293,-52.3660247032885));
#8413=CARTESIAN_POINT('Ctrl Pts',(6.0177374179432,56.2411306076147,-52.4633549903825));
#8414=CARTESIAN_POINT('Ctrl Pts',(5.7766061269148,56.,-52.5606852774766));
#8415=CARTESIAN_POINT('',(6.50000000000002,56.723391822844,-52.2686944161944));
#8416=CARTESIAN_POINT('',(6.50000000000002,56.1498153864929,-51.4495423719055));
#8417=CARTESIAN_POINT('',(6.50000000000002,56.723391822844,-52.2686944161944));
#8418=CARTESIAN_POINT('',(6.35018256326583,56.,-51.7415332331876));
#8419=CARTESIAN_POINT('',(6.50000000000002,56.1498153864929,-51.4495423719055));
#8420=CARTESIAN_POINT('',(6.29554579784191,56.,-51.8195626208226));
#8421=CARTESIAN_POINT('',(5.7766061269148,56.,-52.5606852774766));
#8422=CARTESIAN_POINT('',(5.7766061269148,56.,-52.5606852774766));
#8423=CARTESIAN_POINT('',(5.7766061269148,56.,-52.5606852774766));
#8424=CARTESIAN_POINT('',(6.50000000000002,56.723391822844,-52.2686944161944));
#8425=CARTESIAN_POINT('Ctrl Pts',(6.50000000000002,56.723391822844,-52.2686944161944));
#8426=CARTESIAN_POINT('Ctrl Pts',(6.25886870897161,56.4822612152293,-52.3660247032885));
#8427=CARTESIAN_POINT('Ctrl Pts',(6.0177374179432,56.2411306076147,-52.4633549903825));
#8428=CARTESIAN_POINT('Ctrl Pts',(5.77660612691479,56.,-52.5606852774766));
#8429=CARTESIAN_POINT('Ctrl Pts',(6.50000000000002,57.8155945485627,-51.503925834393));
#8430=CARTESIAN_POINT('Ctrl Pts',(5.89480113373206,57.2103963657084,-51.6012561214871));
#8431=CARTESIAN_POINT('Ctrl Pts',(5.28960226746409,56.6051981828542,-51.6985864085812));
#8432=CARTESIAN_POINT('Ctrl Pts',(4.68440340119613,56.,-51.7959166956752));
#8433=CARTESIAN_POINT('Ctrl Pts',(6.50000000000002,58.9077972742813,-50.7391572525917));
#8434=CARTESIAN_POINT('Ctrl Pts',(5.5307335584925,57.9385315161876,-50.8364875396857));
#8435=CARTESIAN_POINT('Ctrl Pts',(4.56146711698499,56.9692657580938,-50.9338178267798));
#8436=CARTESIAN_POINT('Ctrl Pts',(3.59220067547747,56.,-51.0311481138738));
#8437=CARTESIAN_POINT('Ctrl Pts',(6.50000000000002,60.,-49.9743886707903));
#8438=CARTESIAN_POINT('Ctrl Pts',(5.16666598325295,58.6666666666667,-50.0717189578843));
#8439=CARTESIAN_POINT('Ctrl Pts',(3.83333196650588,57.3333333333333,-50.1690492449784));
#8440=CARTESIAN_POINT('Ctrl Pts',(2.49999794975881,56.,-50.2663795320724));
#8441=CARTESIAN_POINT('',(6.50000000000002,60.,-49.9743886707903));
#8442=CARTESIAN_POINT('',(6.50000000000002,60.,-49.9743886707903));
#8443=CARTESIAN_POINT('',(2.49999794975882,56.,-50.2663795320724));
#8444=CARTESIAN_POINT('',(2.49999794975882,56.,-50.2663795320724));
#8445=CARTESIAN_POINT('',(6.50000000000002,60.,-49.9743886707903));
#8446=CARTESIAN_POINT('Origin',(6.50000000000002,60.,-49.9743886707903));
#8447=CARTESIAN_POINT('',(6.50000000000002,60.,-48.7536140820288));
#8448=CARTESIAN_POINT('',(6.50000000000002,60.,-50.7555771245558));
#8449=CARTESIAN_POINT('',(2.49999794975882,56.,-50.));
#8450=CARTESIAN_POINT('',(2.49999794975882,56.,-50.2663795320724));
#8451=CARTESIAN_POINT('',(2.49999794975882,56.,-49.045604943311));
#8452=CARTESIAN_POINT('',(2.50000000000002,56.,-45.9015725551969));
#8453=CARTESIAN_POINT('',(6.50000000000002,60.,-48.7536140820288));
#8454=CARTESIAN_POINT('Ctrl Pts',(6.50000000000002,60.,-48.7536140820288));
#8455=CARTESIAN_POINT('Ctrl Pts',(5.16666598325295,58.6666666666667,-48.8509443691229));
#8456=CARTESIAN_POINT('Ctrl Pts',(3.83333196650588,57.3333333333333,-48.9482746562169));
#8457=CARTESIAN_POINT('Ctrl Pts',(2.49999794975881,56.,-49.045604943311));
#8458=CARTESIAN_POINT('Ctrl Pts',(6.50000000000002,58.716605128831,-49.652256845321));
#8459=CARTESIAN_POINT('Ctrl Pts',(5.59446427364262,57.8110700858873,-49.7495871324151));
#8460=CARTESIAN_POINT('Ctrl Pts',(4.68892854728522,56.9055350429437,-49.8469174195091));
#8461=CARTESIAN_POINT('Ctrl Pts',(3.78339282092782,56.,-49.9442477066032));
#8462=CARTESIAN_POINT('Ctrl Pts',(6.50000000000002,57.433210257662,-50.5508996086132));
#8463=CARTESIAN_POINT('Ctrl Pts',(6.02226256403229,56.955473505108,-50.6482298957073));
#8464=CARTESIAN_POINT('Ctrl Pts',(5.54452512806455,56.477736752554,-50.7455601828013));
#8465=CARTESIAN_POINT('Ctrl Pts',(5.06678769209682,56.,-50.8428904698954));
#8466=CARTESIAN_POINT('Ctrl Pts',(6.50000000000002,56.1498153864929,-51.4495423719055));
#8467=CARTESIAN_POINT('Ctrl Pts',(6.45006085442195,56.0998769243286,-51.5468726589995));
#8468=CARTESIAN_POINT('Ctrl Pts',(6.40012170884389,56.0499384621643,-51.6442029460936));
#8469=CARTESIAN_POINT('Ctrl Pts',(6.35018256326583,56.,-51.7415332331876));
#8470=CARTESIAN_POINT('',(6.50000000000002,56.417006166527,-51.2624533735854));
#8471=CARTESIAN_POINT('',(6.50000000000002,56.1498153864929,-51.4495423719055));
#8472=CARTESIAN_POINT('',(6.50000000000002,56.1498153864929,-51.4495423719055));
#8473=CARTESIAN_POINT('',(6.35018256326583,56.,-51.7415332331876));
#8474=CARTESIAN_POINT('Ctrl Pts',(6.50000000000002,56.149815386493,-55.4495423719054));
#8475=CARTESIAN_POINT('Ctrl Pts',(6.45006085442196,56.0998769243287,-55.458079481642));
#8476=CARTESIAN_POINT('Ctrl Pts',(6.4001217088439,56.0499384621643,-55.4666165913786));
#8477=CARTESIAN_POINT('Ctrl Pts',(6.35018256326584,56.,-55.4751537011152));
#8478=CARTESIAN_POINT('Ctrl Pts',(6.50000000000002,56.3410075319433,-55.7225930533351));
#8479=CARTESIAN_POINT('Ctrl Pts',(6.38633013927184,56.2273383546289,-55.7311301630717));
#8480=CARTESIAN_POINT('Ctrl Pts',(6.27266027854367,56.1136691773144,-55.7396672728083));
#8481=CARTESIAN_POINT('Ctrl Pts',(6.15899041781549,56.,-55.7482043825449));
#8482=CARTESIAN_POINT('Ctrl Pts',(6.50000000000002,56.5321996773937,-55.9956437347648));
#8483=CARTESIAN_POINT('Ctrl Pts',(6.32259942412173,56.3547997849291,-56.0041808445013));
#8484=CARTESIAN_POINT('Ctrl Pts',(6.14519884824343,56.1773998924646,-56.0127179542379));
#8485=CARTESIAN_POINT('Ctrl Pts',(5.96779827236514,56.,-56.0212550639745));
#8486=CARTESIAN_POINT('Ctrl Pts',(6.50000000000002,56.723391822844,-56.2686944161944));
#8487=CARTESIAN_POINT('Ctrl Pts',(6.25886870897161,56.4822612152293,-56.277231525931));
#8488=CARTESIAN_POINT('Ctrl Pts',(6.0177374179432,56.2411306076147,-56.2857686356676));
#8489=CARTESIAN_POINT('Ctrl Pts',(5.7766061269148,56.,-56.2943057454042));
#8490=CARTESIAN_POINT('',(6.50000000000002,56.723391822844,-56.2686944161944));
#8491=CARTESIAN_POINT('',(6.50000000000002,56.149815386493,-55.4495423719054));
#8492=CARTESIAN_POINT('',(6.50000000000002,56.723391822844,-56.2686944161944));
#8493=CARTESIAN_POINT('',(6.35018256326584,56.,-55.4751537011152));
#8494=CARTESIAN_POINT('',(6.50000000000002,56.149815386493,-55.4495423719054));
#8495=CARTESIAN_POINT('',(5.7766061269148,56.,-56.2943057454042));
#8496=CARTESIAN_POINT('',(5.7766061269148,56.,-56.2943057454042));
#8497=CARTESIAN_POINT('',(6.50000000000002,56.723391822844,-56.2686944161944));
#8498=CARTESIAN_POINT('Ctrl Pts',(6.50000000000002,56.723391822844,-56.2686944161944));
#8499=CARTESIAN_POINT('Ctrl Pts',(6.25886870897161,56.4822612152293,-56.277231525931));
#8500=CARTESIAN_POINT('Ctrl Pts',(6.01773741794321,56.2411306076147,-56.2857686356676));
#8501=CARTESIAN_POINT('Ctrl Pts',(5.7766061269148,56.,-56.2943057454042));
#8502=CARTESIAN_POINT('Ctrl Pts',(6.50000000000002,57.8155945485627,-55.5039258343931));
#8503=CARTESIAN_POINT('Ctrl Pts',(5.89480113373206,57.2103963657084,-55.5124629441297));
#8504=CARTESIAN_POINT('Ctrl Pts',(5.2896022674641,56.6051981828542,-55.5210000538662));
#8505=CARTESIAN_POINT('Ctrl Pts',(4.68440340119614,56.,-55.5295371636028));
#8506=CARTESIAN_POINT('Ctrl Pts',(6.50000000000002,58.9077972742813,-54.7391572525917));
#8507=CARTESIAN_POINT('Ctrl Pts',(5.5307335584925,57.9385315161876,-54.7476943623282));
#8508=CARTESIAN_POINT('Ctrl Pts',(4.561467116985,56.9692657580938,-54.7562314720648));
#8509=CARTESIAN_POINT('Ctrl Pts',(3.59220067547748,56.,-54.7647685818014));
#8510=CARTESIAN_POINT('Ctrl Pts',(6.50000000000002,60.,-53.9743886707903));
#8511=CARTESIAN_POINT('Ctrl Pts',(5.16666598325295,58.6666666666667,-53.9829257805269));
#8512=CARTESIAN_POINT('Ctrl Pts',(3.83333196650589,57.3333333333333,-53.9914628902634));
#8513=CARTESIAN_POINT('Ctrl Pts',(2.49999794975882,56.,-54.));
#8514=CARTESIAN_POINT('',(6.50000000000002,60.,-53.9743886707903));
#8515=CARTESIAN_POINT('',(6.50000000000002,60.,-53.9743886707903));
#8516=CARTESIAN_POINT('',(2.49999794975882,56.,-54.));
#8517=CARTESIAN_POINT('',(2.49999794975882,56.,-54.));
#8518=CARTESIAN_POINT('',(6.50000000000002,60.,-53.9743886707903));
#8519=CARTESIAN_POINT('Origin',(6.50000000000002,60.,-53.9743886707903));
#8520=CARTESIAN_POINT('',(6.50000000000002,60.,-52.7536140820288));
#8521=CARTESIAN_POINT('',(6.50000000000002,60.,-52.7555771245558));
#8522=CARTESIAN_POINT('',(2.49999794975882,56.,-52.7792254112386));
#8523=CARTESIAN_POINT('',(2.50000000000002,56.,-47.7683827891607));
#8524=CARTESIAN_POINT('',(6.50000000000002,60.,-52.7536140820288));
#8525=CARTESIAN_POINT('Ctrl Pts',(6.50000000000002,60.,-52.7536140820288));
#8526=CARTESIAN_POINT('Ctrl Pts',(5.16666598325295,58.6666666666667,-52.7621511917654));
#8527=CARTESIAN_POINT('Ctrl Pts',(3.83333196650589,57.3333333333333,-52.770688301502));
#8528=CARTESIAN_POINT('Ctrl Pts',(2.49999794975882,56.,-52.7792254112386));
#8529=CARTESIAN_POINT('Ctrl Pts',(6.50000000000002,58.716605128831,-53.652256845321));
#8530=CARTESIAN_POINT('Ctrl Pts',(5.59446427364262,57.8110700858873,-53.6607939550576));
#8531=CARTESIAN_POINT('Ctrl Pts',(4.68892854728522,56.9055350429437,-53.6693310647942));
#8532=CARTESIAN_POINT('Ctrl Pts',(3.78339282092783,56.,-53.6778681745308));
#8533=CARTESIAN_POINT('Ctrl Pts',(6.50000000000002,57.433210257662,-54.5508996086132));
#8534=CARTESIAN_POINT('Ctrl Pts',(6.02226256403229,56.955473505108,-54.5594367183498));
#8535=CARTESIAN_POINT('Ctrl Pts',(5.54452512806456,56.477736752554,-54.5679738280864));
#8536=CARTESIAN_POINT('Ctrl Pts',(5.06678769209684,56.,-54.576510937823));
#8537=CARTESIAN_POINT('Ctrl Pts',(6.50000000000002,56.149815386493,-55.4495423719054));
#8538=CARTESIAN_POINT('Ctrl Pts',(6.45006085442196,56.0998769243287,-55.458079481642));
#8539=CARTESIAN_POINT('Ctrl Pts',(6.4001217088439,56.0499384621643,-55.4666165913786));
#8540=CARTESIAN_POINT('Ctrl Pts',(6.35018256326584,56.,-55.4751537011152));
#8541=CARTESIAN_POINT('',(6.50000000000002,56.149815386493,-55.4495423719054));
#8542=CARTESIAN_POINT('',(6.35018256326584,56.,-55.4751537011152));
#8543=CARTESIAN_POINT('Ctrl Pts',(6.50000000000002,56.1498153864929,-59.4495423719055));
#8544=CARTESIAN_POINT('Ctrl Pts',(6.45006085442195,56.0998769243286,-59.458079481642));
#8545=CARTESIAN_POINT('Ctrl Pts',(6.40012170884388,56.0499384621643,-59.4666165913786));
#8546=CARTESIAN_POINT('Ctrl Pts',(6.35018256326581,56.,-59.4751537011152));
#8547=CARTESIAN_POINT('Ctrl Pts',(6.50000000000002,56.3410075319433,-59.7225930533351));
#8548=CARTESIAN_POINT('Ctrl Pts',(6.38633013927183,56.2273383546288,-59.7311301630717));
#8549=CARTESIAN_POINT('Ctrl Pts',(6.27266027854365,56.1136691773144,-59.7396672728083));
#8550=CARTESIAN_POINT('Ctrl Pts',(6.15899041781546,56.,-59.7482043825449));
#8551=CARTESIAN_POINT('Ctrl Pts',(6.50000000000002,56.5321996773936,-59.9956437347648));
#8552=CARTESIAN_POINT('Ctrl Pts',(6.32259942412172,56.3547997849291,-60.0041808445014));
#8553=CARTESIAN_POINT('Ctrl Pts',(6.14519884824341,56.1773998924645,-60.012717954238));
#8554=CARTESIAN_POINT('Ctrl Pts',(5.96779827236511,56.,-60.0212550639745));
#8555=CARTESIAN_POINT('Ctrl Pts',(6.50000000000002,56.723391822844,-60.2686944161944));
#8556=CARTESIAN_POINT('Ctrl Pts',(6.2588687089716,56.4822612152293,-60.277231525931));
#8557=CARTESIAN_POINT('Ctrl Pts',(6.01773741794318,56.2411306076147,-60.2857686356676));
#8558=CARTESIAN_POINT('Ctrl Pts',(5.77660612691476,56.,-60.2943057454042));
#8559=CARTESIAN_POINT('',(6.50000000000002,56.723391822844,-60.2686944161944));
#8560=CARTESIAN_POINT('',(6.50000000000002,56.1498153864929,-59.4495423719055));
#8561=CARTESIAN_POINT('',(6.50000000000002,56.723391822844,-60.2686944161944));
#8562=CARTESIAN_POINT('',(6.35018256326582,56.,-59.4751537011152));
#8563=CARTESIAN_POINT('',(6.50000000000002,56.1498153864929,-59.4495423719055));
#8564=CARTESIAN_POINT('',(5.77660612691476,56.,-60.2943057454042));
#8565=CARTESIAN_POINT('',(5.77660612691476,56.,-60.2943057454042));
#8566=CARTESIAN_POINT('',(6.50000000000002,56.723391822844,-60.2686944161944));
#8567=CARTESIAN_POINT('Ctrl Pts',(6.50000000000002,56.723391822844,-60.2686944161944));
#8568=CARTESIAN_POINT('Ctrl Pts',(6.2588687089716,56.4822612152293,-60.277231525931));
#8569=CARTESIAN_POINT('Ctrl Pts',(6.01773741794318,56.2411306076147,-60.2857686356676));
#8570=CARTESIAN_POINT('Ctrl Pts',(5.77660612691476,56.,-60.2943057454042));
#8571=CARTESIAN_POINT('Ctrl Pts',(6.50000000000002,57.8155945485627,-59.503925834393));
#8572=CARTESIAN_POINT('Ctrl Pts',(5.89480113373205,57.2103963657084,-59.5124629441296));
#8573=CARTESIAN_POINT('Ctrl Pts',(5.28960226746408,56.6051981828542,-59.5210000538662));
#8574=CARTESIAN_POINT('Ctrl Pts',(4.6844034011961,56.,-59.5295371636028));
#8575=CARTESIAN_POINT('Ctrl Pts',(6.50000000000002,58.9077972742813,-58.7391572525917));
#8576=CARTESIAN_POINT('Ctrl Pts',(5.5307335584925,57.9385315161876,-58.7476943623282));
#8577=CARTESIAN_POINT('Ctrl Pts',(4.56146711698497,56.9692657580938,-58.7562314720648));
#8578=CARTESIAN_POINT('Ctrl Pts',(3.59220067547745,56.,-58.7647685818014));
#8579=CARTESIAN_POINT('Ctrl Pts',(6.50000000000002,60.,-57.9743886707903));
#8580=CARTESIAN_POINT('Ctrl Pts',(5.16666598325294,58.6666666666667,-57.9829257805269));
#8581=CARTESIAN_POINT('Ctrl Pts',(3.83333196650587,57.3333333333333,-57.9914628902634));
#8582=CARTESIAN_POINT('Ctrl Pts',(2.4999979497588,56.,-58.));
#8583=CARTESIAN_POINT('',(6.50000000000002,60.,-57.9743886707903));
#8584=CARTESIAN_POINT('',(6.50000000000002,60.,-57.9743886707903));
#8585=CARTESIAN_POINT('',(2.4999979497588,56.,-58.));
#8586=CARTESIAN_POINT('',(2.4999979497588,56.,-58.));
#8587=CARTESIAN_POINT('',(6.50000000000002,60.,-57.9743886707903));
#8588=CARTESIAN_POINT('Origin',(6.50000000000002,60.,-57.9743886707903));
#8589=CARTESIAN_POINT('',(6.50000000000002,60.,-56.7536140820288));
#8590=CARTESIAN_POINT('',(6.50000000000002,60.,-54.7555771245558));
#8591=CARTESIAN_POINT('',(2.49999794975881,56.,-56.7792254112386));
#8592=CARTESIAN_POINT('',(2.50000000000002,56.,-49.7683827891607));
#8593=CARTESIAN_POINT('',(6.50000000000002,60.,-56.7536140820288));
#8594=CARTESIAN_POINT('Ctrl Pts',(6.50000000000002,60.,-56.7536140820288));
#8595=CARTESIAN_POINT('Ctrl Pts',(5.16666598325294,58.6666666666667,-56.7621511917654));
#8596=CARTESIAN_POINT('Ctrl Pts',(3.83333196650587,57.3333333333333,-56.770688301502));
#8597=CARTESIAN_POINT('Ctrl Pts',(2.4999979497588,56.,-56.7792254112386));
#8598=CARTESIAN_POINT('Ctrl Pts',(6.50000000000002,58.716605128831,-57.652256845321));
#8599=CARTESIAN_POINT('Ctrl Pts',(5.59446427364261,57.8110700858873,-57.6607939550576));
#8600=CARTESIAN_POINT('Ctrl Pts',(4.68892854728521,56.9055350429436,-57.6693310647942));
#8601=CARTESIAN_POINT('Ctrl Pts',(3.7833928209278,56.,-57.6778681745308));
#8602=CARTESIAN_POINT('Ctrl Pts',(6.50000000000002,57.4332102576619,-58.5508996086132));
#8603=CARTESIAN_POINT('Ctrl Pts',(6.02226256403228,56.955473505108,-58.5594367183498));
#8604=CARTESIAN_POINT('Ctrl Pts',(5.54452512806454,56.477736752554,-58.5679738280864));
#8605=CARTESIAN_POINT('Ctrl Pts',(5.06678769209681,56.,-58.576510937823));
#8606=CARTESIAN_POINT('Ctrl Pts',(6.50000000000002,56.1498153864929,-59.4495423719055));
#8607=CARTESIAN_POINT('Ctrl Pts',(6.45006085442195,56.0998769243286,-59.458079481642));
#8608=CARTESIAN_POINT('Ctrl Pts',(6.40012170884388,56.0499384621643,-59.4666165913786));
#8609=CARTESIAN_POINT('Ctrl Pts',(6.35018256326581,56.,-59.4751537011152));
#8610=CARTESIAN_POINT('',(6.50000000000002,56.1498153864929,-59.4495423719055));
#8611=CARTESIAN_POINT('',(6.35018256326582,56.,-59.4751537011152));
#8612=CARTESIAN_POINT('Ctrl Pts',(43.3567256581193,62.,-60.5962666587139));
#8613=CARTESIAN_POINT('Ctrl Pts',(42.0711504387462,63.1471528727021,-60.6939447513173));
#8614=CARTESIAN_POINT('Ctrl Pts',(40.7855752193731,64.2943057454042,-60.7916228439208));
#8615=CARTESIAN_POINT('Ctrl Pts',(39.5,65.4414586181063,-60.8893009365242));
#8616=CARTESIAN_POINT('Ctrl Pts',(42.0711504387462,62.,-59.0641777724759));
#8617=CARTESIAN_POINT('Ctrl Pts',(41.2141002924975,62.7647685818014,-59.1264507976327));
#8618=CARTESIAN_POINT('Ctrl Pts',(40.3570501462487,63.5295371636028,-59.1887238227895));
#8619=CARTESIAN_POINT('Ctrl Pts',(39.5,64.2943057454042,-59.2509968479462));
#8620=CARTESIAN_POINT('Ctrl Pts',(40.7855752193731,62.,-57.532088886238));
#8621=CARTESIAN_POINT('Ctrl Pts',(40.3570501462487,62.3823842909007,-57.558956843948));
#8622=CARTESIAN_POINT('Ctrl Pts',(39.9285250731244,62.7647685818014,-57.5858248016581));
#8623=CARTESIAN_POINT('Ctrl Pts',(39.5,63.1471528727021,-57.6126927593682));
#8624=CARTESIAN_POINT('Ctrl Pts',(39.5,62.,-56.));
#8625=CARTESIAN_POINT('Ctrl Pts',(39.5,62.,-55.9914628902634));
#8626=CARTESIAN_POINT('Ctrl Pts',(39.5,62.,-55.9829257805268));
#8627=CARTESIAN_POINT('Ctrl Pts',(39.5,62.,-55.9743886707902));
#8628=CARTESIAN_POINT('',(43.3567256581193,62.,-60.5962666587139));
#8629=CARTESIAN_POINT('',(39.5200971787819,62.,-56.0239508850143));
#8630=CARTESIAN_POINT('',(39.5,62.,-56.));
#8631=CARTESIAN_POINT('',(39.5,65.4414586181063,-60.8893009365242));
#8632=CARTESIAN_POINT('',(43.3567256581193,62.,-60.5962666587139));
#8633=CARTESIAN_POINT('',(39.5,62.,-55.9743886707902));
#8634=CARTESIAN_POINT('',(39.5,62.,-55.9743886707902));
#8635=CARTESIAN_POINT('',(39.5,62.,-56.));
#8636=CARTESIAN_POINT('',(39.5,62.,-56.));
#8637=CARTESIAN_POINT('',(39.5,62.,-56.));
#8638=CARTESIAN_POINT('Ctrl Pts',(39.5,62.,-57.5557238268605));
#8639=CARTESIAN_POINT('Ctrl Pts',(39.5,62.,-57.6097610400441));
#8640=CARTESIAN_POINT('Ctrl Pts',(39.5,62.,-57.6637982532278));
#8641=CARTESIAN_POINT('Ctrl Pts',(39.5,62.,-57.7178354664114));
#8642=CARTESIAN_POINT('Ctrl Pts',(40.5302270716668,62.,-58.7835006407071));
#8643=CARTESIAN_POINT('Ctrl Pts',(40.1868180477778,62.2913673970908,-58.8443946833268));
#8644=CARTESIAN_POINT('Ctrl Pts',(39.8434090238889,62.5827347941816,-58.9052887259464));
#8645=CARTESIAN_POINT('Ctrl Pts',(39.5,62.8741021912724,-58.966182768566));
#8646=CARTESIAN_POINT('Ctrl Pts',(41.5604541433335,62.,-60.0112774545538));
#8647=CARTESIAN_POINT('Ctrl Pts',(40.8736360955557,62.5827347941816,-60.0790283266094));
#8648=CARTESIAN_POINT('Ctrl Pts',(40.1868180477778,63.1654695883632,-60.146779198665));
#8649=CARTESIAN_POINT('Ctrl Pts',(39.5,63.7482043825448,-60.2145300707206));
#8650=CARTESIAN_POINT('Ctrl Pts',(42.5906812150003,62.,-61.2390542684004));
#8651=CARTESIAN_POINT('Ctrl Pts',(41.5604541433335,62.8741021912724,-61.313661969892));
#8652=CARTESIAN_POINT('Ctrl Pts',(40.5302270716668,63.7482043825448,-61.3882696713836));
#8653=CARTESIAN_POINT('Ctrl Pts',(39.5,64.6223065738173,-61.4628773728752));
#8654=CARTESIAN_POINT('',(39.5,62.,-57.5557238268605));
#8655=CARTESIAN_POINT('',(42.5906812150003,62.,-61.2390542684004));
#8656=CARTESIAN_POINT('',(42.5906812150003,62.,-61.2390542684004));
#8657=CARTESIAN_POINT('',(39.5,62.,-57.7178354664114));
#8658=CARTESIAN_POINT('',(39.5,62.,-57.5557238268605));
#8659=CARTESIAN_POINT('',(39.5,62.1154135977843,-57.882663166038));
#8660=CARTESIAN_POINT('',(39.5,64.6223065738173,-61.4628773728752));
#8661=CARTESIAN_POINT('',(39.5,64.6223065738173,-61.4628773728752));
#8662=CARTESIAN_POINT('',(39.5,64.6223065738173,-61.4628773728752));
#8663=CARTESIAN_POINT('',(42.5906812150003,62.,-61.2390542684004));
#8664=CARTESIAN_POINT('Ctrl Pts',(42.5906812150003,62.,-61.2390542684004));
#8665=CARTESIAN_POINT('Ctrl Pts',(41.5604541433335,62.8741021912724,-61.313661969892));
#8666=CARTESIAN_POINT('Ctrl Pts',(40.5302270716668,63.7482043825448,-61.3882696713836));
#8667=CARTESIAN_POINT('Ctrl Pts',(39.5,64.6223065738173,-61.4628773728752));
#8668=CARTESIAN_POINT('Ctrl Pts',(42.8460293627066,62.,-61.0247917318382));
#8669=CARTESIAN_POINT('Ctrl Pts',(41.7306862418044,62.9651190850823,-61.1070895637005));
#8670=CARTESIAN_POINT('Ctrl Pts',(40.6153431209022,63.9302381701646,-61.1893873955627));
#8671=CARTESIAN_POINT('Ctrl Pts',(39.5,64.8953572552469,-61.2716852274249));
#8672=CARTESIAN_POINT('Ctrl Pts',(43.1013775104129,62.,-60.8105291952761));
#8673=CARTESIAN_POINT('Ctrl Pts',(41.9009183402753,63.0561359788922,-60.9005171575089));
#8674=CARTESIAN_POINT('Ctrl Pts',(40.7004591701377,64.1122719577844,-60.9905051197417));
#8675=CARTESIAN_POINT('Ctrl Pts',(39.5,65.1684079366766,-61.0804930819746));
#8676=CARTESIAN_POINT('Ctrl Pts',(43.3567256581193,62.,-60.5962666587139));
#8677=CARTESIAN_POINT('Ctrl Pts',(42.0711504387462,63.1471528727021,-60.6939447513173));
#8678=CARTESIAN_POINT('Ctrl Pts',(40.7855752193731,64.2943057454042,-60.7916228439208));
#8679=CARTESIAN_POINT('Ctrl Pts',(39.5,65.4414586181063,-60.8893009365242));
#8680=CARTESIAN_POINT('',(43.3567256581193,62.,-60.5962666587139));
#8681=CARTESIAN_POINT('',(39.5,65.4414586181063,-60.8893009365242));
#8682=CARTESIAN_POINT('Origin',(39.5,35.,-39.));
#8683=CARTESIAN_POINT('',(39.5,62.,-53.7178354664115));
#8684=CARTESIAN_POINT('',(39.5,62.,-39.));
#8685=CARTESIAN_POINT('',(39.5,62.,-53.5557238268604));
#8686=CARTESIAN_POINT('',(39.5,62.,-53.5557238268604));
#8687=CARTESIAN_POINT('',(39.5,35.,-53.5557238268604));
#8688=CARTESIAN_POINT('',(39.5000000000001,37.5,-56.));
#8689=CARTESIAN_POINT('',(39.5,35.,-56.));
#8690=CARTESIAN_POINT('',(39.5000000000001,37.5,-54.));
#8691=CARTESIAN_POINT('',(39.5,37.5,-46.5));
#8692=CARTESIAN_POINT('',(39.5000000000001,57.5,-54.));
#8693=CARTESIAN_POINT('',(39.5,46.25,-54.));
#8694=CARTESIAN_POINT('',(39.5,57.5,-56.));
#8695=CARTESIAN_POINT('',(39.5,57.5,-47.5));
#8696=CARTESIAN_POINT('',(39.5,35.,-56.));
#8697=CARTESIAN_POINT('Origin',(39.5,35.,-57.5557238268605));
#8698=CARTESIAN_POINT('',(39.5,35.,-57.5557238268605));
#8699=CARTESIAN_POINT('',(42.5906812150003,35.,-61.2390542684004));
#8700=CARTESIAN_POINT('Origin',(43.3567256581193,35.,-60.5962666587139));
#8701=CARTESIAN_POINT('',(43.3567256581193,35.,-60.5962666587139));
#8702=CARTESIAN_POINT('',(39.5,36.25,-56.));
#8703=CARTESIAN_POINT('Origin',(42.5906812150003,35.,-61.2390542684004));
#8704=CARTESIAN_POINT('Ctrl Pts',(43.3567256581193,62.,-56.5962666587139));
#8705=CARTESIAN_POINT('Ctrl Pts',(42.0711504387462,63.1471528727021,-56.6939447513173));
#8706=CARTESIAN_POINT('Ctrl Pts',(40.7855752193731,64.2943057454042,-56.7916228439207));
#8707=CARTESIAN_POINT('Ctrl Pts',(39.5,65.4414586181063,-56.8893009365242));
#8708=CARTESIAN_POINT('Ctrl Pts',(42.0711504387462,62.,-55.0641777724759));
#8709=CARTESIAN_POINT('Ctrl Pts',(41.2141002924975,62.7647685818014,-55.1264507976327));
#8710=CARTESIAN_POINT('Ctrl Pts',(40.3570501462487,63.5295371636028,-55.1887238227894));
#8711=CARTESIAN_POINT('Ctrl Pts',(39.5,64.2943057454042,-55.2509968479462));
#8712=CARTESIAN_POINT('Ctrl Pts',(40.7855752193731,62.,-53.5320888862379));
#8713=CARTESIAN_POINT('Ctrl Pts',(40.3570501462487,62.3823842909007,-53.558956843948));
#8714=CARTESIAN_POINT('Ctrl Pts',(39.9285250731244,62.7647685818014,-53.5858248016581));
#8715=CARTESIAN_POINT('Ctrl Pts',(39.5,63.1471528727021,-53.6126927593682));
#8716=CARTESIAN_POINT('Ctrl Pts',(39.5,62.,-52.));
#8717=CARTESIAN_POINT('Ctrl Pts',(39.5,62.,-51.9914628902634));
#8718=CARTESIAN_POINT('Ctrl Pts',(39.5,62.,-51.9829257805268));
#8719=CARTESIAN_POINT('Ctrl Pts',(39.5,62.,-51.9743886707902));
#8720=CARTESIAN_POINT('',(43.3567256581193,62.,-56.5962666587139));
#8721=CARTESIAN_POINT('',(39.5200971787819,62.,-52.0239508850143));
#8722=CARTESIAN_POINT('',(39.5,62.,-52.));
#8723=CARTESIAN_POINT('',(39.5,65.4414586181063,-56.8893009365242));
#8724=CARTESIAN_POINT('',(43.3567256581193,62.,-56.5962666587139));
#8725=CARTESIAN_POINT('',(39.5,62.,-51.9743886707902));
#8726=CARTESIAN_POINT('',(39.5,62.,-51.9743886707902));
#8727=CARTESIAN_POINT('',(39.5,62.,-52.));
#8728=CARTESIAN_POINT('',(39.5,62.,-52.));
#8729=CARTESIAN_POINT('',(39.5,62.,-52.));
#8730=CARTESIAN_POINT('Ctrl Pts',(39.5,62.,-53.5557238268604));
#8731=CARTESIAN_POINT('Ctrl Pts',(39.5,62.,-53.6097610400441));
#8732=CARTESIAN_POINT('Ctrl Pts',(39.5,62.,-53.6637982532278));
#8733=CARTESIAN_POINT('Ctrl Pts',(39.5,62.,-53.7178354664115));
#8734=CARTESIAN_POINT('Ctrl Pts',(40.5302270716668,62.,-54.7835006407071));
#8735=CARTESIAN_POINT('Ctrl Pts',(40.1868180477779,62.2913673970908,-54.8443946833267));
#8736=CARTESIAN_POINT('Ctrl Pts',(39.8434090238889,62.5827347941816,-54.9052887259464));
#8737=CARTESIAN_POINT('Ctrl Pts',(39.5,62.8741021912724,-54.9661827685661));
#8738=CARTESIAN_POINT('Ctrl Pts',(41.5604541433335,62.,-56.0112774545537));
#8739=CARTESIAN_POINT('Ctrl Pts',(40.8736360955557,62.5827347941816,-56.0790283266094));
#8740=CARTESIAN_POINT('Ctrl Pts',(40.1868180477779,63.1654695883632,-56.146779198665));
#8741=CARTESIAN_POINT('Ctrl Pts',(39.5,63.7482043825449,-56.2145300707207));
#8742=CARTESIAN_POINT('Ctrl Pts',(42.5906812150003,62.,-57.2390542684004));
#8743=CARTESIAN_POINT('Ctrl Pts',(41.5604541433335,62.8741021912724,-57.313661969892));
#8744=CARTESIAN_POINT('Ctrl Pts',(40.5302270716668,63.7482043825449,-57.3882696713836));
#8745=CARTESIAN_POINT('Ctrl Pts',(39.5,64.6223065738173,-57.4628773728752));
#8746=CARTESIAN_POINT('',(42.5906812150003,62.,-57.2390542684004));
#8747=CARTESIAN_POINT('',(42.5906812150003,62.,-57.2390542684004));
#8748=CARTESIAN_POINT('',(39.5,62.1154135977844,-53.8826631660382));
#8749=CARTESIAN_POINT('',(39.5,64.6223065738173,-57.4628773728752));
#8750=CARTESIAN_POINT('',(39.5,64.6223065738173,-57.4628773728752));
#8751=CARTESIAN_POINT('',(39.5,64.6223065738173,-57.4628773728752));
#8752=CARTESIAN_POINT('',(42.5906812150003,62.,-57.2390542684004));
#8753=CARTESIAN_POINT('Ctrl Pts',(42.5906812150003,62.,-57.2390542684004));
#8754=CARTESIAN_POINT('Ctrl Pts',(41.5604541433335,62.8741021912724,-57.313661969892));
#8755=CARTESIAN_POINT('Ctrl Pts',(40.5302270716668,63.7482043825448,-57.3882696713836));
#8756=CARTESIAN_POINT('Ctrl Pts',(39.5,64.6223065738173,-57.4628773728752));
#8757=CARTESIAN_POINT('Ctrl Pts',(42.8460293627066,62.,-57.0247917318382));
#8758=CARTESIAN_POINT('Ctrl Pts',(41.7306862418044,62.9651190850823,-57.1070895637004));
#8759=CARTESIAN_POINT('Ctrl Pts',(40.6153431209022,63.9302381701646,-57.1893873955627));
#8760=CARTESIAN_POINT('Ctrl Pts',(39.5,64.8953572552469,-57.2716852274249));
#8761=CARTESIAN_POINT('Ctrl Pts',(43.101377510413,62.,-56.810529195276));
#8762=CARTESIAN_POINT('Ctrl Pts',(41.9009183402753,63.0561359788922,-56.9005171575089));
#8763=CARTESIAN_POINT('Ctrl Pts',(40.7004591701377,64.1122719577844,-56.9905051197417));
#8764=CARTESIAN_POINT('Ctrl Pts',(39.5,65.1684079366766,-57.0804930819745));
#8765=CARTESIAN_POINT('Ctrl Pts',(43.3567256581193,62.,-56.5962666587139));
#8766=CARTESIAN_POINT('Ctrl Pts',(42.0711504387462,63.1471528727021,-56.6939447513173));
#8767=CARTESIAN_POINT('Ctrl Pts',(40.7855752193731,64.2943057454042,-56.7916228439207));
#8768=CARTESIAN_POINT('Ctrl Pts',(39.5,65.4414586181063,-56.8893009365242));
#8769=CARTESIAN_POINT('',(43.3567256581193,62.,-56.5962666587139));
#8770=CARTESIAN_POINT('',(39.5,65.4414586181063,-56.8893009365242));
#8771=CARTESIAN_POINT('Origin',(39.5,35.,-39.));
#8772=CARTESIAN_POINT('',(39.5,62.,-49.7178354664115));
#8773=CARTESIAN_POINT('',(39.5,62.,-39.));
#8774=CARTESIAN_POINT('',(39.5,62.,-49.5557238268604));
#8775=CARTESIAN_POINT('',(39.5,62.,-49.5557238268604));
#8776=CARTESIAN_POINT('',(39.5,35.,-49.5557238268604));
#8777=CARTESIAN_POINT('',(39.5,37.5,-52.));
#8778=CARTESIAN_POINT('',(39.5,35.,-52.));
#8779=CARTESIAN_POINT('',(39.5,37.5,-50.));
#8780=CARTESIAN_POINT('',(39.5,37.5,-44.5));
#8781=CARTESIAN_POINT('',(39.5,57.5,-50.));
#8782=CARTESIAN_POINT('',(39.5,46.25,-50.));
#8783=CARTESIAN_POINT('',(39.5,57.5,-52.));
#8784=CARTESIAN_POINT('',(39.5,57.5,-45.5));
#8785=CARTESIAN_POINT('',(39.5,35.,-52.));
#8786=CARTESIAN_POINT('Origin',(39.5,35.,-53.5557238268604));
#8787=CARTESIAN_POINT('',(42.5906812150003,35.,-57.2390542684004));
#8788=CARTESIAN_POINT('Origin',(43.3567256581193,35.,-56.5962666587139));
#8789=CARTESIAN_POINT('',(43.3567256581193,35.,-56.5962666587139));
#8790=CARTESIAN_POINT('',(39.5,36.25,-52.));
#8791=CARTESIAN_POINT('Origin',(42.5906812150003,35.,-57.2390542684004));
#8792=CARTESIAN_POINT('Ctrl Pts',(43.3567256581193,62.,-52.5962666587138));
#8793=CARTESIAN_POINT('Ctrl Pts',(42.0711504387462,63.1471528727021,-52.6939447513173));
#8794=CARTESIAN_POINT('Ctrl Pts',(40.7855752193731,64.2943057454042,-52.7916228439207));
#8795=CARTESIAN_POINT('Ctrl Pts',(39.5,65.4414586181063,-52.8893009365242));
#8796=CARTESIAN_POINT('Ctrl Pts',(42.0711504387462,62.,-51.0641777724759));
#8797=CARTESIAN_POINT('Ctrl Pts',(41.2141002924974,62.7647685818014,-51.1264507976327));
#8798=CARTESIAN_POINT('Ctrl Pts',(40.3570501462487,63.5295371636028,-51.1887238227894));
#8799=CARTESIAN_POINT('Ctrl Pts',(39.5,64.2943057454042,-51.2509968479462));
#8800=CARTESIAN_POINT('Ctrl Pts',(40.7855752193731,62.,-49.532088886238));
#8801=CARTESIAN_POINT('Ctrl Pts',(40.3570501462487,62.3823842909007,-49.558956843948));
#8802=CARTESIAN_POINT('Ctrl Pts',(39.9285250731244,62.7647685818014,-49.5858248016581));
#8803=CARTESIAN_POINT('Ctrl Pts',(39.5,63.1471528727021,-49.6126927593682));
#8804=CARTESIAN_POINT('Ctrl Pts',(39.5,62.,-48.));
#8805=CARTESIAN_POINT('Ctrl Pts',(39.5,62.,-47.9914628902634));
#8806=CARTESIAN_POINT('Ctrl Pts',(39.5,62.,-47.9829257805268));
#8807=CARTESIAN_POINT('Ctrl Pts',(39.5,62.,-47.9743886707902));
#8808=CARTESIAN_POINT('',(43.3567256581193,62.,-52.5962666587138));
#8809=CARTESIAN_POINT('',(39.5200971787819,62.,-48.0239508850143));
#8810=CARTESIAN_POINT('',(39.5,62.,-48.));
#8811=CARTESIAN_POINT('',(39.5,65.4414586181063,-52.8893009365242));
#8812=CARTESIAN_POINT('',(43.3567256581193,62.,-52.5962666587138));
#8813=CARTESIAN_POINT('',(39.5,62.,-47.9743886707902));
#8814=CARTESIAN_POINT('',(39.5,62.,-47.9743886707902));
#8815=CARTESIAN_POINT('',(39.5,62.,-48.));
#8816=CARTESIAN_POINT('',(39.5,62.,-48.));
#8817=CARTESIAN_POINT('',(39.5,62.,-48.));
#8818=CARTESIAN_POINT('Ctrl Pts',(39.5,62.,-49.5557238268604));
#8819=CARTESIAN_POINT('Ctrl Pts',(39.5,62.,-49.6097610400441));
#8820=CARTESIAN_POINT('Ctrl Pts',(39.5,62.,-49.6637982532278));
#8821=CARTESIAN_POINT('Ctrl Pts',(39.5,62.,-49.7178354664115));
#8822=CARTESIAN_POINT('Ctrl Pts',(40.5302270716668,62.,-50.7835006407071));
#8823=CARTESIAN_POINT('Ctrl Pts',(40.1868180477778,62.2913673970908,-50.8443946833267));
#8824=CARTESIAN_POINT('Ctrl Pts',(39.8434090238889,62.5827347941816,-50.9052887259464));
#8825=CARTESIAN_POINT('Ctrl Pts',(39.5,62.8741021912724,-50.966182768566));
#8826=CARTESIAN_POINT('Ctrl Pts',(41.5604541433335,62.,-52.0112774545537));
#8827=CARTESIAN_POINT('Ctrl Pts',(40.8736360955557,62.5827347941816,-52.0790283266094));
#8828=CARTESIAN_POINT('Ctrl Pts',(40.1868180477778,63.1654695883632,-52.146779198665));
#8829=CARTESIAN_POINT('Ctrl Pts',(39.5,63.7482043825449,-52.2145300707206));
#8830=CARTESIAN_POINT('Ctrl Pts',(42.5906812150003,62.,-53.2390542684004));
#8831=CARTESIAN_POINT('Ctrl Pts',(41.5604541433335,62.8741021912724,-53.313661969892));
#8832=CARTESIAN_POINT('Ctrl Pts',(40.5302270716668,63.7482043825449,-53.3882696713836));
#8833=CARTESIAN_POINT('Ctrl Pts',(39.5,64.6223065738173,-53.4628773728752));
#8834=CARTESIAN_POINT('',(42.5906812150003,62.,-53.2390542684004));
#8835=CARTESIAN_POINT('',(42.5906812150003,62.,-53.2390542684004));
#8836=CARTESIAN_POINT('',(39.5,62.1154135977844,-49.8826631660382));
#8837=CARTESIAN_POINT('',(39.5,64.6223065738173,-53.4628773728752));
#8838=CARTESIAN_POINT('',(39.5,64.6223065738173,-53.4628773728752));
#8839=CARTESIAN_POINT('',(39.5,64.6223065738173,-53.4628773728752));
#8840=CARTESIAN_POINT('',(42.5906812150003,62.,-53.2390542684004));
#8841=CARTESIAN_POINT('Ctrl Pts',(42.5906812150003,62.,-53.2390542684004));
#8842=CARTESIAN_POINT('Ctrl Pts',(41.5604541433335,62.8741021912724,-53.313661969892));
#8843=CARTESIAN_POINT('Ctrl Pts',(40.5302270716668,63.7482043825448,-53.3882696713836));
#8844=CARTESIAN_POINT('Ctrl Pts',(39.5,64.6223065738173,-53.4628773728752));
#8845=CARTESIAN_POINT('Ctrl Pts',(42.8460293627066,62.,-53.0247917318382));
#8846=CARTESIAN_POINT('Ctrl Pts',(41.7306862418044,62.9651190850823,-53.1070895637004));
#8847=CARTESIAN_POINT('Ctrl Pts',(40.6153431209022,63.9302381701646,-53.1893873955627));
#8848=CARTESIAN_POINT('Ctrl Pts',(39.5,64.8953572552469,-53.2716852274249));
#8849=CARTESIAN_POINT('Ctrl Pts',(43.1013775104129,62.,-52.810529195276));
#8850=CARTESIAN_POINT('Ctrl Pts',(41.9009183402753,63.0561359788922,-52.9005171575089));
#8851=CARTESIAN_POINT('Ctrl Pts',(40.7004591701376,64.1122719577844,-52.9905051197417));
#8852=CARTESIAN_POINT('Ctrl Pts',(39.5,65.1684079366766,-53.0804930819745));
#8853=CARTESIAN_POINT('Ctrl Pts',(43.3567256581193,62.,-52.5962666587138));
#8854=CARTESIAN_POINT('Ctrl Pts',(42.0711504387462,63.1471528727021,-52.6939447513173));
#8855=CARTESIAN_POINT('Ctrl Pts',(40.7855752193731,64.2943057454042,-52.7916228439207));
#8856=CARTESIAN_POINT('Ctrl Pts',(39.5,65.4414586181063,-52.8893009365242));
#8857=CARTESIAN_POINT('',(43.3567256581193,62.,-52.5962666587138));
#8858=CARTESIAN_POINT('',(39.5,65.4414586181063,-52.8893009365242));
#8859=CARTESIAN_POINT('Origin',(39.5,35.,-39.));
#8860=CARTESIAN_POINT('',(39.5,62.,-45.7178354664114));
#8861=CARTESIAN_POINT('',(39.5,62.,-39.));
#8862=CARTESIAN_POINT('',(39.5,62.,-45.5557238268605));
#8863=CARTESIAN_POINT('',(39.5,62.,-45.5557238268605));
#8864=CARTESIAN_POINT('',(39.5,35.,-45.5557238268605));
#8865=CARTESIAN_POINT('',(39.5,37.5,-48.));
#8866=CARTESIAN_POINT('',(39.5,35.,-48.));
#8867=CARTESIAN_POINT('',(39.5,37.5,-46.));
#8868=CARTESIAN_POINT('',(39.5,37.5,-42.5));
#8869=CARTESIAN_POINT('',(39.5,57.5,-46.));
#8870=CARTESIAN_POINT('',(39.5,46.25,-46.));
#8871=CARTESIAN_POINT('',(39.5,57.5,-48.));
#8872=CARTESIAN_POINT('',(39.5,57.5,-43.5));
#8873=CARTESIAN_POINT('',(39.5,35.,-48.));
#8874=CARTESIAN_POINT('Origin',(39.5,35.,-49.5557238268604));
#8875=CARTESIAN_POINT('',(42.5906812150003,35.,-53.2390542684004));
#8876=CARTESIAN_POINT('Origin',(43.3567256581193,35.,-52.5962666587138));
#8877=CARTESIAN_POINT('',(43.3567256581193,35.,-52.5962666587138));
#8878=CARTESIAN_POINT('',(39.5,36.25,-48.));
#8879=CARTESIAN_POINT('Origin',(42.5906812150003,35.,-53.2390542684004));
#8880=CARTESIAN_POINT('Ctrl Pts',(43.3567256581192,62.,-48.5962666587139));
#8881=CARTESIAN_POINT('Ctrl Pts',(42.0711504387462,63.1471528727021,-48.6939447513173));
#8882=CARTESIAN_POINT('Ctrl Pts',(40.7855752193731,64.2943057454042,-48.7916228439207));
#8883=CARTESIAN_POINT('Ctrl Pts',(39.5,65.4414586181063,-48.8893009365242));
#8884=CARTESIAN_POINT('Ctrl Pts',(42.0711504387462,62.,-47.0641777724759));
#8885=CARTESIAN_POINT('Ctrl Pts',(41.2141002924974,62.7647685818014,-47.1264507976327));
#8886=CARTESIAN_POINT('Ctrl Pts',(40.3570501462487,63.5295371636028,-47.1887238227894));
#8887=CARTESIAN_POINT('Ctrl Pts',(39.5,64.2943057454042,-47.2509968479462));
#8888=CARTESIAN_POINT('Ctrl Pts',(40.7855752193731,62.,-45.5320888862379));
#8889=CARTESIAN_POINT('Ctrl Pts',(40.3570501462487,62.3823842909007,-45.558956843948));
#8890=CARTESIAN_POINT('Ctrl Pts',(39.9285250731244,62.7647685818014,-45.5858248016581));
#8891=CARTESIAN_POINT('Ctrl Pts',(39.5,63.1471528727021,-45.6126927593682));
#8892=CARTESIAN_POINT('Ctrl Pts',(39.5,62.,-44.));
#8893=CARTESIAN_POINT('Ctrl Pts',(39.5,62.,-43.9914628902634));
#8894=CARTESIAN_POINT('Ctrl Pts',(39.5,62.,-43.9829257805268));
#8895=CARTESIAN_POINT('Ctrl Pts',(39.5,62.,-43.9743886707902));
#8896=CARTESIAN_POINT('',(43.3567256581192,62.,-48.5962666587139));
#8897=CARTESIAN_POINT('',(39.5200971787819,62.,-44.0239508850143));
#8898=CARTESIAN_POINT('',(39.5,62.,-44.));
#8899=CARTESIAN_POINT('',(39.5,65.4414586181063,-48.8893009365242));
#8900=CARTESIAN_POINT('',(43.3567256581192,62.,-48.5962666587139));
#8901=CARTESIAN_POINT('',(39.5,62.,-43.9743886707902));
#8902=CARTESIAN_POINT('',(39.5,62.,-43.9743886707902));
#8903=CARTESIAN_POINT('',(39.5,62.,-44.));
#8904=CARTESIAN_POINT('',(39.5,62.,-44.));
#8905=CARTESIAN_POINT('',(39.5,62.,-44.));
#8906=CARTESIAN_POINT('Ctrl Pts',(39.5,62.,-45.5557238268605));
#8907=CARTESIAN_POINT('Ctrl Pts',(39.5,62.,-45.6097610400441));
#8908=CARTESIAN_POINT('Ctrl Pts',(39.5,62.,-45.6637982532278));
#8909=CARTESIAN_POINT('Ctrl Pts',(39.5,62.,-45.7178354664114));
#8910=CARTESIAN_POINT('Ctrl Pts',(40.5302270716668,62.,-46.7835006407071));
#8911=CARTESIAN_POINT('Ctrl Pts',(40.1868180477778,62.2913673970908,-46.8443946833268));
#8912=CARTESIAN_POINT('Ctrl Pts',(39.8434090238889,62.5827347941816,-46.9052887259464));
#8913=CARTESIAN_POINT('Ctrl Pts',(39.5,62.8741021912724,-46.966182768566));
#8914=CARTESIAN_POINT('Ctrl Pts',(41.5604541433335,62.,-48.0112774545538));
#8915=CARTESIAN_POINT('Ctrl Pts',(40.8736360955557,62.5827347941816,-48.0790283266094));
#8916=CARTESIAN_POINT('Ctrl Pts',(40.1868180477778,63.1654695883632,-48.146779198665));
#8917=CARTESIAN_POINT('Ctrl Pts',(39.5,63.7482043825449,-48.2145300707206));
#8918=CARTESIAN_POINT('Ctrl Pts',(42.5906812150002,62.,-49.2390542684004));
#8919=CARTESIAN_POINT('Ctrl Pts',(41.5604541433335,62.8741021912724,-49.313661969892));
#8920=CARTESIAN_POINT('Ctrl Pts',(40.5302270716668,63.7482043825449,-49.3882696713836));
#8921=CARTESIAN_POINT('Ctrl Pts',(39.5,64.6223065738173,-49.4628773728752));
#8922=CARTESIAN_POINT('',(42.5906812150002,62.,-49.2390542684004));
#8923=CARTESIAN_POINT('',(42.5906812150002,62.,-49.2390542684004));
#8924=CARTESIAN_POINT('',(39.5,62.1154135977844,-45.8826631660381));
#8925=CARTESIAN_POINT('',(39.5,64.6223065738173,-49.4628773728752));
#8926=CARTESIAN_POINT('',(39.5,64.6223065738173,-49.4628773728752));
#8927=CARTESIAN_POINT('',(39.5,64.6223065738173,-49.4628773728752));
#8928=CARTESIAN_POINT('',(42.5906812150002,62.,-49.2390542684004));
#8929=CARTESIAN_POINT('Ctrl Pts',(42.5906812150002,62.,-49.2390542684004));
#8930=CARTESIAN_POINT('Ctrl Pts',(41.5604541433335,62.8741021912724,-49.313661969892));
#8931=CARTESIAN_POINT('Ctrl Pts',(40.5302270716668,63.7482043825449,-49.3882696713836));
#8932=CARTESIAN_POINT('Ctrl Pts',(39.5,64.6223065738173,-49.4628773728752));
#8933=CARTESIAN_POINT('Ctrl Pts',(42.8460293627066,62.,-49.0247917318382));
#8934=CARTESIAN_POINT('Ctrl Pts',(41.7306862418044,62.9651190850823,-49.1070895637004));
#8935=CARTESIAN_POINT('Ctrl Pts',(40.6153431209022,63.9302381701646,-49.1893873955627));
#8936=CARTESIAN_POINT('Ctrl Pts',(39.5,64.8953572552469,-49.2716852274249));
#8937=CARTESIAN_POINT('Ctrl Pts',(43.1013775104129,62.,-48.810529195276));
#8938=CARTESIAN_POINT('Ctrl Pts',(41.9009183402753,63.0561359788922,-48.9005171575089));
#8939=CARTESIAN_POINT('Ctrl Pts',(40.7004591701376,64.1122719577844,-48.9905051197417));
#8940=CARTESIAN_POINT('Ctrl Pts',(39.5,65.1684079366766,-49.0804930819745));
#8941=CARTESIAN_POINT('Ctrl Pts',(43.3567256581192,62.,-48.5962666587139));
#8942=CARTESIAN_POINT('Ctrl Pts',(42.0711504387462,63.1471528727021,-48.6939447513173));
#8943=CARTESIAN_POINT('Ctrl Pts',(40.7855752193731,64.2943057454042,-48.7916228439207));
#8944=CARTESIAN_POINT('Ctrl Pts',(39.5,65.4414586181063,-48.8893009365242));
#8945=CARTESIAN_POINT('',(43.3567256581192,62.,-48.5962666587139));
#8946=CARTESIAN_POINT('',(39.5,65.4414586181063,-48.8893009365242));
#8947=CARTESIAN_POINT('Origin',(39.5,35.,-39.));
#8948=CARTESIAN_POINT('',(39.5,62.,-41.7178354664114));
#8949=CARTESIAN_POINT('',(39.5,62.,-39.));
#8950=CARTESIAN_POINT('',(39.5,62.,-41.5557238268604));
#8951=CARTESIAN_POINT('',(39.5,62.,-41.7178354664114));
#8952=CARTESIAN_POINT('',(39.5,35.,-41.5557238268604));
#8953=CARTESIAN_POINT('',(39.5,37.5,-44.));
#8954=CARTESIAN_POINT('',(39.5,35.,-44.));
#8955=CARTESIAN_POINT('',(39.5,37.5,-42.));
#8956=CARTESIAN_POINT('',(39.5,37.5,-40.5));
#8957=CARTESIAN_POINT('',(39.5,57.5,-42.));
#8958=CARTESIAN_POINT('',(39.5,46.25,-42.));
#8959=CARTESIAN_POINT('',(39.5,57.5,-44.));
#8960=CARTESIAN_POINT('',(39.5,57.5,-41.5));
#8961=CARTESIAN_POINT('',(39.5,35.,-44.));
#8962=CARTESIAN_POINT('Origin',(39.5,35.,-45.5557238268605));
#8963=CARTESIAN_POINT('',(42.5906812150002,35.,-49.2390542684004));
#8964=CARTESIAN_POINT('Origin',(43.3567256581192,35.,-48.5962666587139));
#8965=CARTESIAN_POINT('',(43.3567256581192,35.,-48.5962666587139));
#8966=CARTESIAN_POINT('',(39.5,36.25,-44.));
#8967=CARTESIAN_POINT('Origin',(42.5906812150002,35.,-49.2390542684004));
#8968=CARTESIAN_POINT('Ctrl Pts',(39.5,62.,-41.7178354664114));
#8969=CARTESIAN_POINT('Ctrl Pts',(39.5,62.,-41.6637982532278));
#8970=CARTESIAN_POINT('Ctrl Pts',(39.5,62.,-41.6097610400441));
#8971=CARTESIAN_POINT('Ctrl Pts',(39.5,62.,-41.5557238268604));
#8972=CARTESIAN_POINT('Ctrl Pts',(39.5,62.8741021912724,-42.966182768566));
#8973=CARTESIAN_POINT('Ctrl Pts',(39.8434090238889,62.5827347941816,-42.9052887259464));
#8974=CARTESIAN_POINT('Ctrl Pts',(40.1868180477778,62.2913673970908,-42.8443946833267));
#8975=CARTESIAN_POINT('Ctrl Pts',(40.5302270716668,62.,-42.7835006407071));
#8976=CARTESIAN_POINT('Ctrl Pts',(39.5,63.7482043825449,-44.2145300707207));
#8977=CARTESIAN_POINT('Ctrl Pts',(40.1868180477778,63.1654695883632,-44.146779198665));
#8978=CARTESIAN_POINT('Ctrl Pts',(40.8736360955557,62.5827347941816,-44.0790283266094));
#8979=CARTESIAN_POINT('Ctrl Pts',(41.5604541433335,62.,-44.0112774545537));
#8980=CARTESIAN_POINT('Ctrl Pts',(39.5,64.6223065738173,-45.4628773728753));
#8981=CARTESIAN_POINT('Ctrl Pts',(40.5302270716668,63.7482043825449,-45.3882696713836));
#8982=CARTESIAN_POINT('Ctrl Pts',(41.5604541433335,62.8741021912724,-45.313661969892));
#8983=CARTESIAN_POINT('Ctrl Pts',(42.5906812150003,62.,-45.2390542684004));
#8984=CARTESIAN_POINT('',(39.5,64.6223065738173,-45.4628773728753));
#8985=CARTESIAN_POINT('',(39.5,62.1154135977844,-41.8826631660382));
#8986=CARTESIAN_POINT('',(39.5,64.6223065738173,-45.4628773728753));
#8987=CARTESIAN_POINT('',(42.5906812150003,62.,-45.2390542684004));
#8988=CARTESIAN_POINT('',(39.5,64.6223065738173,-45.4628773728753));
#8989=CARTESIAN_POINT('',(42.5906812150003,62.,-45.2390542684004));
#8990=CARTESIAN_POINT('',(39.5,64.6223065738173,-45.4628773728753));
#8991=CARTESIAN_POINT('Ctrl Pts',(39.5,64.6223065738173,-45.4628773728753));
#8992=CARTESIAN_POINT('Ctrl Pts',(40.5302270716668,63.7482043825449,-45.3882696713836));
#8993=CARTESIAN_POINT('Ctrl Pts',(41.5604541433335,62.8741021912724,-45.313661969892));
#8994=CARTESIAN_POINT('Ctrl Pts',(42.5906812150003,62.,-45.2390542684004));
#8995=CARTESIAN_POINT('Ctrl Pts',(39.5,64.895357255247,-45.2716852274249));
#8996=CARTESIAN_POINT('Ctrl Pts',(40.6153431209022,63.9302381701646,-45.1893873955627));
#8997=CARTESIAN_POINT('Ctrl Pts',(41.7306862418044,62.9651190850823,-45.1070895637004));
#8998=CARTESIAN_POINT('Ctrl Pts',(42.8460293627066,62.,-45.0247917318382));
#8999=CARTESIAN_POINT('Ctrl Pts',(39.5,65.1684079366766,-45.0804930819746));
#9000=CARTESIAN_POINT('Ctrl Pts',(40.7004591701376,64.1122719577844,-44.9905051197417));
#9001=CARTESIAN_POINT('Ctrl Pts',(41.9009183402753,63.0561359788922,-44.9005171575089));
#9002=CARTESIAN_POINT('Ctrl Pts',(43.1013775104129,62.,-44.810529195276));
#9003=CARTESIAN_POINT('Ctrl Pts',(39.5,65.4414586181063,-44.8893009365242));
#9004=CARTESIAN_POINT('Ctrl Pts',(40.7855752193731,64.2943057454042,-44.7916228439208));
#9005=CARTESIAN_POINT('Ctrl Pts',(42.0711504387462,63.1471528727021,-44.6939447513173));
#9006=CARTESIAN_POINT('Ctrl Pts',(43.3567256581192,62.,-44.5962666587138));
#9007=CARTESIAN_POINT('',(39.5,65.4414586181063,-44.8893009365242));
#9008=CARTESIAN_POINT('',(39.5,65.4414586181063,-44.8893009365242));
#9009=CARTESIAN_POINT('',(43.3567256581192,62.,-44.5962666587138));
#9010=CARTESIAN_POINT('',(39.5,65.4414586181063,-44.8893009365242));
#9011=CARTESIAN_POINT('',(43.3567256581192,62.,-44.5962666587138));
#9012=CARTESIAN_POINT('Ctrl Pts',(39.5,65.4414586181063,-44.8893009365242));
#9013=CARTESIAN_POINT('Ctrl Pts',(40.7855752193731,64.2943057454042,-44.7916228439208));
#9014=CARTESIAN_POINT('Ctrl Pts',(42.0711504387462,63.1471528727021,-44.6939447513173));
#9015=CARTESIAN_POINT('Ctrl Pts',(43.3567256581192,62.,-44.5962666587138));
#9016=CARTESIAN_POINT('Ctrl Pts',(39.5,64.2943057454042,-43.2509968479462));
#9017=CARTESIAN_POINT('Ctrl Pts',(40.3570501462487,63.5295371636028,-43.1887238227894));
#9018=CARTESIAN_POINT('Ctrl Pts',(41.2141002924974,62.7647685818014,-43.1264507976327));
#9019=CARTESIAN_POINT('Ctrl Pts',(42.0711504387462,62.,-43.0641777724759));
#9020=CARTESIAN_POINT('Ctrl Pts',(39.5,63.1471528727021,-41.6126927593682));
#9021=CARTESIAN_POINT('Ctrl Pts',(39.9285250731244,62.7647685818014,-41.5858248016581));
#9022=CARTESIAN_POINT('Ctrl Pts',(40.3570501462487,62.3823842909007,-41.558956843948));
#9023=CARTESIAN_POINT('Ctrl Pts',(40.7855752193731,62.,-41.5320888862379));
#9024=CARTESIAN_POINT('Ctrl Pts',(39.5,62.,-39.9743886707903));
#9025=CARTESIAN_POINT('Ctrl Pts',(39.5,62.,-39.9829257805268));
#9026=CARTESIAN_POINT('Ctrl Pts',(39.5,62.,-39.9914628902634));
#9027=CARTESIAN_POINT('Ctrl Pts',(39.5,62.,-40.));
#9028=CARTESIAN_POINT('',(39.5,62.,-39.9743886707903));
#9029=CARTESIAN_POINT('',(39.5,62.,-39.9743886707903));
#9030=CARTESIAN_POINT('',(39.5,62.,-40.));
#9031=CARTESIAN_POINT('',(39.5,62.,-39.9743886707903));
#9032=CARTESIAN_POINT('',(39.5200971787819,62.,-40.0239508850143));
#9033=CARTESIAN_POINT('',(39.5,62.,-40.));
#9034=CARTESIAN_POINT('',(39.5,62.,-40.));
#9035=CARTESIAN_POINT('Origin',(39.5,35.,-39.));
#9036=CARTESIAN_POINT('',(39.5,62.,-39.));
#9037=CARTESIAN_POINT('',(39.5,35.,-40.));
#9038=CARTESIAN_POINT('Origin',(43.3567256581192,35.,-44.5962666587138));
#9039=CARTESIAN_POINT('',(43.3567256581192,35.,-44.5962666587138));
#9040=CARTESIAN_POINT('Origin',(42.5906812150003,35.,-45.2390542684004));
#9041=CARTESIAN_POINT('',(42.5906812150003,35.,-45.2390542684004));
#9042=CARTESIAN_POINT('Origin',(39.5,35.,-41.5557238268604));
#9043=CARTESIAN_POINT('Origin',(39.5,35.,-39.));
#9044=CARTESIAN_POINT('',(39.5,62.,-63.));
#9045=CARTESIAN_POINT('',(39.5,35.,-63.));
#9046=CARTESIAN_POINT('',(39.5,62.,-39.));
#9047=CARTESIAN_POINT('',(39.5,37.5,-60.));
#9048=CARTESIAN_POINT('',(39.5000000000001,37.5,-58.));
#9049=CARTESIAN_POINT('',(39.5,37.5,-48.5));
#9050=CARTESIAN_POINT('',(39.5000000000001,57.5,-58.));
#9051=CARTESIAN_POINT('',(39.5,46.25,-58.));
#9052=CARTESIAN_POINT('',(39.5000000000001,57.5,-60.));
#9053=CARTESIAN_POINT('',(39.5,57.5,-49.5));
#9054=CARTESIAN_POINT('',(39.5,36.25,-60.));
#9055=CARTESIAN_POINT('Origin',(37.5,60.,-49.9743886707903));
#9056=CARTESIAN_POINT('',(37.5,56.723391822844,-52.2686944161944));
#9057=CARTESIAN_POINT('',(28.75,60.,-49.9743886707903));
#9058=CARTESIAN_POINT('Origin',(37.5,56.723391822844,-52.2686944161944));
#9059=CARTESIAN_POINT('',(37.5,56.1498153864929,-51.4495423719055));
#9060=CARTESIAN_POINT('Origin',(37.5,56.1498153864929,-51.4495423719055));
#9061=CARTESIAN_POINT('',(28.75,60.,-48.7536140820288));
#9062=CARTESIAN_POINT('Origin',(37.5,60.,-53.9743886707903));
#9063=CARTESIAN_POINT('',(37.5,56.723391822844,-56.2686944161944));
#9064=CARTESIAN_POINT('',(28.75,60.,-53.9743886707903));
#9065=CARTESIAN_POINT('Origin',(37.5,56.723391822844,-56.2686944161944));
#9066=CARTESIAN_POINT('',(37.5,56.149815386493,-55.4495423719054));
#9067=CARTESIAN_POINT('Origin',(37.5,56.149815386493,-55.4495423719054));
#9068=CARTESIAN_POINT('',(28.75,60.,-52.7536140820288));
#9069=CARTESIAN_POINT('Origin',(37.5,60.,-45.9743886707903));
#9070=CARTESIAN_POINT('',(37.5,56.723391822844,-48.2686944161945));
#9071=CARTESIAN_POINT('',(28.75,60.,-45.9743886707903));
#9072=CARTESIAN_POINT('Origin',(37.5,56.723391822844,-48.2686944161945));
#9073=CARTESIAN_POINT('',(37.5,56.149815386493,-47.4495423719055));
#9074=CARTESIAN_POINT('Origin',(37.5,56.149815386493,-47.4495423719055));
#9075=CARTESIAN_POINT('',(28.75,60.,-44.7536140820288));
#9076=CARTESIAN_POINT('Origin',(37.5,60.,-57.9743886707903));
#9077=CARTESIAN_POINT('',(37.5,56.723391822844,-60.2686944161944));
#9078=CARTESIAN_POINT('',(28.75,60.,-57.9743886707903));
#9079=CARTESIAN_POINT('Origin',(37.5,56.723391822844,-60.2686944161944));
#9080=CARTESIAN_POINT('',(37.5,56.1498153864929,-59.4495423719055));
#9081=CARTESIAN_POINT('Origin',(37.5,56.1498153864929,-59.4495423719055));
#9082=CARTESIAN_POINT('',(28.75,60.,-56.7536140820288));
#9083=CARTESIAN_POINT('Origin',(37.5,60.,-41.9743886707903));
#9084=CARTESIAN_POINT('',(37.5,56.723391822844,-44.2686944161945));
#9085=CARTESIAN_POINT('',(28.75,60.,-41.9743886707903));
#9086=CARTESIAN_POINT('Origin',(37.5,56.723391822844,-44.2686944161945));
#9087=CARTESIAN_POINT('',(37.5,56.149815386493,-43.4495423719055));
#9088=CARTESIAN_POINT('Origin',(37.5,56.149815386493,-43.4495423719055));
#9089=CARTESIAN_POINT('Ctrl Pts',(-2.59068121500025,62.,-61.2390542684005));
#9090=CARTESIAN_POINT('Ctrl Pts',(-1.56045414333349,62.8741021912724,-61.3136619698921));
#9091=CARTESIAN_POINT('Ctrl Pts',(-0.530227071666735,63.7482043825448,-61.3882696713837));
#9092=CARTESIAN_POINT('Ctrl Pts',(0.500000000000025,64.6223065738173,-61.4628773728753));
#9093=CARTESIAN_POINT('Ctrl Pts',(-1.5604541433335,62.,-60.0112774545538));
#9094=CARTESIAN_POINT('Ctrl Pts',(-0.873636095555656,62.5827347941816,-60.0790283266094));
#9095=CARTESIAN_POINT('Ctrl Pts',(-0.186818047777815,63.1654695883632,-60.146779198665));
#9096=CARTESIAN_POINT('Ctrl Pts',(0.500000000000025,63.7482043825448,-60.2145300707206));
#9097=CARTESIAN_POINT('Ctrl Pts',(-0.530227071666737,62.,-58.7835006407071));
#9098=CARTESIAN_POINT('Ctrl Pts',(-0.186818047777816,62.2913673970908,-58.8443946833268));
#9099=CARTESIAN_POINT('Ctrl Pts',(0.156590976111104,62.5827347941816,-58.9052887259464));
#9100=CARTESIAN_POINT('Ctrl Pts',(0.500000000000025,62.8741021912724,-58.966182768566));
#9101=CARTESIAN_POINT('Ctrl Pts',(0.500000000000022,62.,-57.5557238268605));
#9102=CARTESIAN_POINT('Ctrl Pts',(0.500000000000023,62.,-57.6097610400441));
#9103=CARTESIAN_POINT('Ctrl Pts',(0.500000000000024,62.,-57.6637982532278));
#9104=CARTESIAN_POINT('Ctrl Pts',(0.500000000000025,62.,-57.7178354664114));
#9105=CARTESIAN_POINT('',(0.50000000000002,62.,-57.5557238268605));
#9106=CARTESIAN_POINT('',(-2.59068121500025,62.,-61.2390542684005));
#9107=CARTESIAN_POINT('',(-2.59068121500025,62.,-61.2390542684005));
#9108=CARTESIAN_POINT('',(0.500000000000017,64.6223065738173,-61.4628773728753));
#9109=CARTESIAN_POINT('',(-2.59068121500025,62.,-61.2390542684005));
#9110=CARTESIAN_POINT('',(0.500000000000017,62.1154135977843,-57.882663166038));
#9111=CARTESIAN_POINT('',(0.500000000000017,64.6223065738173,-61.4628773728753));
#9112=CARTESIAN_POINT('',(0.500000000000017,62.,-57.7178354664114));
#9113=CARTESIAN_POINT('',(0.500000000000017,64.6223065738173,-61.4628773728753));
#9114=CARTESIAN_POINT('',(0.500000000000022,62.,-57.5557238268605));
#9115=CARTESIAN_POINT('Ctrl Pts',(0.500000000000024,62.,-56.));
#9116=CARTESIAN_POINT('Ctrl Pts',(0.500000000000024,62.,-55.9914628902634));
#9117=CARTESIAN_POINT('Ctrl Pts',(0.500000000000025,62.,-55.9829257805268));
#9118=CARTESIAN_POINT('Ctrl Pts',(0.500000000000025,62.,-55.9743886707903));
#9119=CARTESIAN_POINT('Ctrl Pts',(-0.785575219373057,62.,-57.532088886238));
#9120=CARTESIAN_POINT('Ctrl Pts',(-0.357050146248696,62.3823842909007,-57.5589568439481));
#9121=CARTESIAN_POINT('Ctrl Pts',(0.0714749268756643,62.7647685818014,-57.5858248016582));
#9122=CARTESIAN_POINT('Ctrl Pts',(0.500000000000025,63.1471528727021,-57.6126927593683));
#9123=CARTESIAN_POINT('Ctrl Pts',(-2.07115043874614,62.,-59.0641777724759));
#9124=CARTESIAN_POINT('Ctrl Pts',(-1.21410029249742,62.7647685818014,-59.1264507976327));
#9125=CARTESIAN_POINT('Ctrl Pts',(-0.357050146248696,63.5295371636028,-59.1887238227895));
#9126=CARTESIAN_POINT('Ctrl Pts',(0.500000000000025,64.2943057454042,-59.2509968479462));
#9127=CARTESIAN_POINT('Ctrl Pts',(-3.35672565811922,62.,-60.5962666587139));
#9128=CARTESIAN_POINT('Ctrl Pts',(-2.07115043874614,63.1471528727021,-60.6939447513173));
#9129=CARTESIAN_POINT('Ctrl Pts',(-0.785575219373056,64.2943057454042,-60.7916228439208));
#9130=CARTESIAN_POINT('Ctrl Pts',(0.500000000000025,65.4414586181063,-60.8893009365242));
#9131=CARTESIAN_POINT('',(-3.35672565811922,62.,-60.5962666587139));
#9132=CARTESIAN_POINT('',(0.479902821218129,62.,-56.0239508850144));
#9133=CARTESIAN_POINT('',(0.500000000000024,62.,-56.));
#9134=CARTESIAN_POINT('',(0.500000000000024,62.,-56.));
#9135=CARTESIAN_POINT('',(0.500000000000024,62.,-56.));
#9136=CARTESIAN_POINT('',(0.500000000000017,62.,-55.9743886707903));
#9137=CARTESIAN_POINT('',(0.500000000000024,62.,-56.));
#9138=CARTESIAN_POINT('',(0.500000000000017,65.4414586181063,-60.8893009365242));
#9139=CARTESIAN_POINT('',(0.500000000000017,62.,-55.9743886707903));
#9140=CARTESIAN_POINT('',(-3.35672565811922,62.,-60.5962666587139));
#9141=CARTESIAN_POINT('Ctrl Pts',(-3.35672565811922,62.,-60.5962666587139));
#9142=CARTESIAN_POINT('Ctrl Pts',(-2.07115043874614,63.1471528727021,-60.6939447513173));
#9143=CARTESIAN_POINT('Ctrl Pts',(-0.785575219373057,64.2943057454042,-60.7916228439208));
#9144=CARTESIAN_POINT('Ctrl Pts',(0.500000000000025,65.4414586181063,-60.8893009365242));
#9145=CARTESIAN_POINT('Ctrl Pts',(-3.1013775104129,62.,-60.8105291952761));
#9146=CARTESIAN_POINT('Ctrl Pts',(-1.90091834027526,63.0561359788922,-60.9005171575089));
#9147=CARTESIAN_POINT('Ctrl Pts',(-0.700459170137616,64.1122719577844,-60.9905051197418));
#9148=CARTESIAN_POINT('Ctrl Pts',(0.500000000000025,65.1684079366766,-61.0804930819746));
#9149=CARTESIAN_POINT('Ctrl Pts',(-2.84602936270658,62.,-61.0247917318383));
#9150=CARTESIAN_POINT('Ctrl Pts',(-1.73068624180438,62.9651190850823,-61.1070895637005));
#9151=CARTESIAN_POINT('Ctrl Pts',(-0.615343120902175,63.9302381701646,-61.1893873955627));
#9152=CARTESIAN_POINT('Ctrl Pts',(0.500000000000025,64.8953572552469,-61.2716852274249));
#9153=CARTESIAN_POINT('Ctrl Pts',(-2.59068121500025,62.,-61.2390542684005));
#9154=CARTESIAN_POINT('Ctrl Pts',(-1.56045414333349,62.8741021912724,-61.3136619698921));
#9155=CARTESIAN_POINT('Ctrl Pts',(-0.530227071666735,63.7482043825448,-61.3882696713837));
#9156=CARTESIAN_POINT('Ctrl Pts',(0.500000000000025,64.6223065738173,-61.4628773728753));
#9157=CARTESIAN_POINT('',(-3.35672565811922,62.,-60.5962666587139));
#9158=CARTESIAN_POINT('',(0.500000000000017,65.4414586181063,-60.8893009365242));
#9159=CARTESIAN_POINT('Origin',(0.50000000000002,35.,-63.));
#9160=CARTESIAN_POINT('',(0.500000000000061,57.5,-56.));
#9161=CARTESIAN_POINT('',(0.50000000000002,35.,-56.));
#9162=CARTESIAN_POINT('',(0.499999999999982,57.5,-54.));
#9163=CARTESIAN_POINT('',(0.50000000000002,57.5,-59.5));
#9164=CARTESIAN_POINT('',(0.499999999999982,37.5,-54.));
#9165=CARTESIAN_POINT('',(0.500000000000019,46.25,-54.));
#9166=CARTESIAN_POINT('',(0.499999999999982,37.5,-56.));
#9167=CARTESIAN_POINT('',(0.50000000000002,37.5,-58.5));
#9168=CARTESIAN_POINT('',(0.50000000000002,35.,-56.));
#9169=CARTESIAN_POINT('',(0.50000000000002,62.,-53.5557238268605));
#9170=CARTESIAN_POINT('',(0.50000000000002,35.,-53.5557238268605));
#9171=CARTESIAN_POINT('',(0.500000000000017,62.,-53.7178354664115));
#9172=CARTESIAN_POINT('',(0.500000000000019,62.,-53.5557238268605));
#9173=CARTESIAN_POINT('',(0.50000000000002,62.,-63.));
#9174=CARTESIAN_POINT('Origin',(0.50000000000002,35.,-63.));
#9175=CARTESIAN_POINT('',(0.50000000000002,62.,-63.));
#9176=CARTESIAN_POINT('',(0.50000000000002,62.,-63.));
#9177=CARTESIAN_POINT('',(0.50000000000002,35.,-63.));
#9178=CARTESIAN_POINT('',(0.50000000000002,35.,-57.5557238268605));
#9179=CARTESIAN_POINT('',(0.49999999999999,37.5,-58.));
#9180=CARTESIAN_POINT('',(0.500000000000053,37.5,-60.));
#9181=CARTESIAN_POINT('',(0.50000000000002,37.5,-60.5));
#9182=CARTESIAN_POINT('',(0.49999999999999,57.5,-60.));
#9183=CARTESIAN_POINT('',(0.50000000000002,36.25,-60.));
#9184=CARTESIAN_POINT('',(0.49999999999999,57.5,-58.));
#9185=CARTESIAN_POINT('',(0.50000000000002,57.5,-61.5));
#9186=CARTESIAN_POINT('',(0.50000000000002,46.25,-58.));
#9187=CARTESIAN_POINT('Origin',(0.50000000000002,35.,-57.5557238268605));
#9188=CARTESIAN_POINT('',(-2.59068121500025,35.,-61.2390542684005));
#9189=CARTESIAN_POINT('Origin',(-3.35672565811922,35.,-60.5962666587139));
#9190=CARTESIAN_POINT('',(0.50000000000002,36.25,-56.));
#9191=CARTESIAN_POINT('',(-3.35672565811922,35.,-60.5962666587139));
#9192=CARTESIAN_POINT('Origin',(-2.59068121500025,35.,-61.2390542684005));
#9193=CARTESIAN_POINT('Ctrl Pts',(-2.59068121500026,62.,-57.2390542684004));
#9194=CARTESIAN_POINT('Ctrl Pts',(-1.5604541433335,62.8741021912724,-57.313661969892));
#9195=CARTESIAN_POINT('Ctrl Pts',(-0.530227071666737,63.7482043825449,-57.3882696713836));
#9196=CARTESIAN_POINT('Ctrl Pts',(0.500000000000025,64.6223065738173,-57.4628773728752));
#9197=CARTESIAN_POINT('Ctrl Pts',(-1.5604541433335,62.,-56.0112774545537));
#9198=CARTESIAN_POINT('Ctrl Pts',(-0.87363609555566,62.5827347941816,-56.0790283266094));
#9199=CARTESIAN_POINT('Ctrl Pts',(-0.186818047777817,63.1654695883632,-56.146779198665));
#9200=CARTESIAN_POINT('Ctrl Pts',(0.500000000000025,63.7482043825449,-56.2145300707207));
#9201=CARTESIAN_POINT('Ctrl Pts',(-0.530227071666741,62.,-54.7835006407071));
#9202=CARTESIAN_POINT('Ctrl Pts',(-0.186818047777819,62.2913673970908,-54.8443946833268));
#9203=CARTESIAN_POINT('Ctrl Pts',(0.156590976111103,62.5827347941816,-54.9052887259464));
#9204=CARTESIAN_POINT('Ctrl Pts',(0.500000000000025,62.8741021912724,-54.9661827685661));
#9205=CARTESIAN_POINT('Ctrl Pts',(0.500000000000019,62.,-53.5557238268605));
#9206=CARTESIAN_POINT('Ctrl Pts',(0.500000000000021,62.,-53.6097610400441));
#9207=CARTESIAN_POINT('Ctrl Pts',(0.500000000000023,62.,-53.6637982532278));
#9208=CARTESIAN_POINT('Ctrl Pts',(0.500000000000025,62.,-53.7178354664115));
#9209=CARTESIAN_POINT('',(-2.59068121500026,62.,-57.2390542684004));
#9210=CARTESIAN_POINT('',(-2.59068121500026,62.,-57.2390542684004));
#9211=CARTESIAN_POINT('',(0.500000000000017,64.6223065738173,-57.4628773728752));
#9212=CARTESIAN_POINT('',(-2.59068121500026,62.,-57.2390542684004));
#9213=CARTESIAN_POINT('',(0.500000000000017,62.1154135977844,-53.8826631660383));
#9214=CARTESIAN_POINT('',(0.500000000000017,64.6223065738173,-57.4628773728752));
#9215=CARTESIAN_POINT('',(0.500000000000017,64.6223065738173,-57.4628773728752));
#9216=CARTESIAN_POINT('Ctrl Pts',(0.500000000000029,62.,-52.));
#9217=CARTESIAN_POINT('Ctrl Pts',(0.500000000000027,62.,-51.9914628902634));
#9218=CARTESIAN_POINT('Ctrl Pts',(0.500000000000026,62.,-51.9829257805268));
#9219=CARTESIAN_POINT('Ctrl Pts',(0.500000000000025,62.,-51.9743886707903));
#9220=CARTESIAN_POINT('Ctrl Pts',(-0.785575219373061,62.,-53.532088886238));
#9221=CARTESIAN_POINT('Ctrl Pts',(-0.357050146248698,62.3823842909007,-53.5589568439481));
#9222=CARTESIAN_POINT('Ctrl Pts',(0.0714749268756625,62.7647685818014,-53.5858248016581));
#9223=CARTESIAN_POINT('Ctrl Pts',(0.500000000000025,63.1471528727021,-53.6126927593682));
#9224=CARTESIAN_POINT('Ctrl Pts',(-2.07115043874615,62.,-55.0641777724759));
#9225=CARTESIAN_POINT('Ctrl Pts',(-1.21410029249743,62.7647685818014,-55.1264507976327));
#9226=CARTESIAN_POINT('Ctrl Pts',(-0.3570501462487,63.5295371636028,-55.1887238227895));
#9227=CARTESIAN_POINT('Ctrl Pts',(0.500000000000025,64.2943057454042,-55.2509968479462));
#9228=CARTESIAN_POINT('Ctrl Pts',(-3.35672565811924,62.,-56.5962666587139));
#9229=CARTESIAN_POINT('Ctrl Pts',(-2.07115043874615,63.1471528727021,-56.6939447513173));
#9230=CARTESIAN_POINT('Ctrl Pts',(-0.785575219373063,64.2943057454042,-56.7916228439208));
#9231=CARTESIAN_POINT('Ctrl Pts',(0.500000000000025,65.4414586181063,-56.8893009365242));
#9232=CARTESIAN_POINT('',(-3.35672565811924,62.,-56.5962666587139));
#9233=CARTESIAN_POINT('',(0.479902821218133,62.,-52.0239508850143));
#9234=CARTESIAN_POINT('',(0.500000000000029,62.,-52.));
#9235=CARTESIAN_POINT('',(0.500000000000029,62.,-52.));
#9236=CARTESIAN_POINT('',(0.500000000000029,62.,-52.));
#9237=CARTESIAN_POINT('',(0.500000000000017,62.,-51.9743886707903));
#9238=CARTESIAN_POINT('',(0.500000000000029,62.,-52.));
#9239=CARTESIAN_POINT('',(0.500000000000017,65.4414586181063,-56.8893009365242));
#9240=CARTESIAN_POINT('',(0.500000000000017,62.,-51.9743886707903));
#9241=CARTESIAN_POINT('',(-3.35672565811924,62.,-56.5962666587139));
#9242=CARTESIAN_POINT('Ctrl Pts',(-3.35672565811924,62.,-56.5962666587139));
#9243=CARTESIAN_POINT('Ctrl Pts',(-2.07115043874615,63.1471528727021,-56.6939447513173));
#9244=CARTESIAN_POINT('Ctrl Pts',(-0.785575219373063,64.2943057454042,-56.7916228439208));
#9245=CARTESIAN_POINT('Ctrl Pts',(0.500000000000025,65.4414586181063,-56.8893009365242));
#9246=CARTESIAN_POINT('Ctrl Pts',(-3.10137751041291,62.,-56.8105291952761));
#9247=CARTESIAN_POINT('Ctrl Pts',(-1.90091834027527,63.0561359788922,-56.9005171575089));
#9248=CARTESIAN_POINT('Ctrl Pts',(-0.700459170137621,64.1122719577844,-56.9905051197417));
#9249=CARTESIAN_POINT('Ctrl Pts',(0.500000000000025,65.1684079366766,-57.0804930819746));
#9250=CARTESIAN_POINT('Ctrl Pts',(-2.84602936270659,62.,-57.0247917318382));
#9251=CARTESIAN_POINT('Ctrl Pts',(-1.73068624180438,62.9651190850823,-57.1070895637004));
#9252=CARTESIAN_POINT('Ctrl Pts',(-0.61534312090218,63.9302381701646,-57.1893873955627));
#9253=CARTESIAN_POINT('Ctrl Pts',(0.500000000000025,64.8953572552469,-57.2716852274249));
#9254=CARTESIAN_POINT('Ctrl Pts',(-2.59068121500026,62.,-57.2390542684004));
#9255=CARTESIAN_POINT('Ctrl Pts',(-1.5604541433335,62.8741021912724,-57.313661969892));
#9256=CARTESIAN_POINT('Ctrl Pts',(-0.530227071666737,63.7482043825449,-57.3882696713836));
#9257=CARTESIAN_POINT('Ctrl Pts',(0.500000000000025,64.6223065738173,-57.4628773728752));
#9258=CARTESIAN_POINT('',(-3.35672565811924,62.,-56.5962666587139));
#9259=CARTESIAN_POINT('',(0.500000000000017,65.4414586181063,-56.8893009365242));
#9260=CARTESIAN_POINT('Origin',(0.50000000000002,35.,-63.));
#9261=CARTESIAN_POINT('',(0.500000000000016,57.5,-52.));
#9262=CARTESIAN_POINT('',(0.50000000000002,35.,-52.));
#9263=CARTESIAN_POINT('',(0.500000000000016,57.5,-50.));
#9264=CARTESIAN_POINT('',(0.50000000000002,57.5,-57.5));
#9265=CARTESIAN_POINT('',(0.500000000000016,37.5,-50.));
#9266=CARTESIAN_POINT('',(0.500000000000019,46.25,-50.));
#9267=CARTESIAN_POINT('',(0.500000000000016,37.5,-52.));
#9268=CARTESIAN_POINT('',(0.50000000000002,37.5,-56.5));
#9269=CARTESIAN_POINT('',(0.50000000000002,35.,-52.));
#9270=CARTESIAN_POINT('',(0.500000000000021,62.,-49.5557238268605));
#9271=CARTESIAN_POINT('',(0.500000000000019,35.,-49.5557238268605));
#9272=CARTESIAN_POINT('',(0.500000000000017,62.,-49.7178354664115));
#9273=CARTESIAN_POINT('',(0.50000000000002,62.,-49.5557238268605));
#9274=CARTESIAN_POINT('',(0.50000000000002,62.,-63.));
#9275=CARTESIAN_POINT('Origin',(0.50000000000002,35.,-53.5557238268605));
#9276=CARTESIAN_POINT('',(-2.59068121500026,35.,-57.2390542684004));
#9277=CARTESIAN_POINT('Origin',(-3.35672565811924,35.,-56.5962666587139));
#9278=CARTESIAN_POINT('',(0.500000000000019,36.25,-52.));
#9279=CARTESIAN_POINT('',(-3.35672565811924,35.,-56.5962666587139));
#9280=CARTESIAN_POINT('Origin',(-2.59068121500026,35.,-57.2390542684004));
#9281=CARTESIAN_POINT('Ctrl Pts',(-2.59068121500024,62.,-53.2390542684004));
#9282=CARTESIAN_POINT('Ctrl Pts',(-1.56045414333348,62.8741021912724,-53.313661969892));
#9283=CARTESIAN_POINT('Ctrl Pts',(-0.53022707166673,63.7482043825449,-53.3882696713836));
#9284=CARTESIAN_POINT('Ctrl Pts',(0.500000000000025,64.6223065738173,-53.4628773728753));
#9285=CARTESIAN_POINT('Ctrl Pts',(-1.56045414333349,62.,-52.0112774545537));
#9286=CARTESIAN_POINT('Ctrl Pts',(-0.873636095555649,62.5827347941816,-52.0790283266094));
#9287=CARTESIAN_POINT('Ctrl Pts',(-0.186818047777811,63.1654695883632,-52.146779198665));
#9288=CARTESIAN_POINT('Ctrl Pts',(0.500000000000025,63.7482043825449,-52.2145300707207));
#9289=CARTESIAN_POINT('Ctrl Pts',(-0.530227071666733,62.,-50.7835006407071));
#9290=CARTESIAN_POINT('Ctrl Pts',(-0.186818047777813,62.2913673970908,-50.8443946833268));
#9291=CARTESIAN_POINT('Ctrl Pts',(0.156590976111105,62.5827347941816,-50.9052887259464));
#9292=CARTESIAN_POINT('Ctrl Pts',(0.500000000000025,62.8741021912724,-50.9661827685661));
#9293=CARTESIAN_POINT('Ctrl Pts',(0.50000000000002,62.,-49.5557238268605));
#9294=CARTESIAN_POINT('Ctrl Pts',(0.500000000000022,62.,-49.6097610400441));
#9295=CARTESIAN_POINT('Ctrl Pts',(0.500000000000023,62.,-49.6637982532278));
#9296=CARTESIAN_POINT('Ctrl Pts',(0.500000000000025,62.,-49.7178354664115));
#9297=CARTESIAN_POINT('',(-2.59068121500024,62.,-53.2390542684004));
#9298=CARTESIAN_POINT('',(-2.59068121500024,62.,-53.2390542684004));
#9299=CARTESIAN_POINT('',(0.500000000000017,64.6223065738173,-53.4628773728753));
#9300=CARTESIAN_POINT('',(-2.59068121500024,62.,-53.2390542684004));
#9301=CARTESIAN_POINT('',(0.500000000000017,62.1154135977844,-49.8826631660382));
#9302=CARTESIAN_POINT('',(0.500000000000017,64.6223065738173,-53.4628773728753));
#9303=CARTESIAN_POINT('',(0.500000000000017,64.6223065738173,-53.4628773728753));
#9304=CARTESIAN_POINT('Ctrl Pts',(0.500000000000014,62.,-48.));
#9305=CARTESIAN_POINT('Ctrl Pts',(0.500000000000018,62.,-47.9914628902634));
#9306=CARTESIAN_POINT('Ctrl Pts',(0.500000000000021,62.,-47.9829257805268));
#9307=CARTESIAN_POINT('Ctrl Pts',(0.500000000000025,62.,-47.9743886707903));
#9308=CARTESIAN_POINT('Ctrl Pts',(-0.785575219373063,62.,-49.532088886238));
#9309=CARTESIAN_POINT('Ctrl Pts',(-0.3570501462487,62.3823842909007,-49.5589568439481));
#9310=CARTESIAN_POINT('Ctrl Pts',(0.071474926875662,62.7647685818014,-49.5858248016582));
#9311=CARTESIAN_POINT('Ctrl Pts',(0.500000000000025,63.1471528727021,-49.6126927593682));
#9312=CARTESIAN_POINT('Ctrl Pts',(-2.07115043874614,62.,-51.0641777724759));
#9313=CARTESIAN_POINT('Ctrl Pts',(-1.21410029249742,62.7647685818014,-51.1264507976327));
#9314=CARTESIAN_POINT('Ctrl Pts',(-0.357050146248697,63.5295371636028,-51.1887238227895));
#9315=CARTESIAN_POINT('Ctrl Pts',(0.500000000000025,64.2943057454042,-51.2509968479462));
#9316=CARTESIAN_POINT('Ctrl Pts',(-3.35672565811922,62.,-52.5962666587139));
#9317=CARTESIAN_POINT('Ctrl Pts',(-2.07115043874614,63.1471528727021,-52.6939447513173));
#9318=CARTESIAN_POINT('Ctrl Pts',(-0.785575219373056,64.2943057454042,-52.7916228439208));
#9319=CARTESIAN_POINT('Ctrl Pts',(0.500000000000025,65.4414586181063,-52.8893009365242));
#9320=CARTESIAN_POINT('',(-3.35672565811922,62.,-52.5962666587139));
#9321=CARTESIAN_POINT('',(0.479902821218128,62.,-48.0239508850143));
#9322=CARTESIAN_POINT('',(0.500000000000014,62.,-48.));
#9323=CARTESIAN_POINT('',(0.500000000000014,62.,-48.));
#9324=CARTESIAN_POINT('',(0.500000000000014,62.,-48.));
#9325=CARTESIAN_POINT('',(0.500000000000017,62.,-47.9743886707903));
#9326=CARTESIAN_POINT('',(0.500000000000014,62.,-48.));
#9327=CARTESIAN_POINT('',(0.500000000000017,65.4414586181063,-52.8893009365242));
#9328=CARTESIAN_POINT('',(0.500000000000017,62.,-47.9743886707903));
#9329=CARTESIAN_POINT('',(-3.35672565811922,62.,-52.5962666587139));
#9330=CARTESIAN_POINT('Ctrl Pts',(-3.35672565811922,62.,-52.5962666587139));
#9331=CARTESIAN_POINT('Ctrl Pts',(-2.07115043874614,63.1471528727021,-52.6939447513173));
#9332=CARTESIAN_POINT('Ctrl Pts',(-0.785575219373056,64.2943057454042,-52.7916228439208));
#9333=CARTESIAN_POINT('Ctrl Pts',(0.500000000000025,65.4414586181063,-52.8893009365242));
#9334=CARTESIAN_POINT('Ctrl Pts',(-3.10137751041289,62.,-52.810529195276));
#9335=CARTESIAN_POINT('Ctrl Pts',(-1.90091834027525,63.0561359788922,-52.9005171575089));
#9336=CARTESIAN_POINT('Ctrl Pts',(-0.700459170137612,64.1122719577844,-52.9905051197417));
#9337=CARTESIAN_POINT('Ctrl Pts',(0.500000000000025,65.1684079366766,-53.0804930819746));
#9338=CARTESIAN_POINT('Ctrl Pts',(-2.84602936270656,62.,-53.0247917318382));
#9339=CARTESIAN_POINT('Ctrl Pts',(-1.73068624180437,62.9651190850823,-53.1070895637004));
#9340=CARTESIAN_POINT('Ctrl Pts',(-0.615343120902173,63.9302381701646,-53.1893873955627));
#9341=CARTESIAN_POINT('Ctrl Pts',(0.500000000000025,64.8953572552469,-53.2716852274249));
#9342=CARTESIAN_POINT('Ctrl Pts',(-2.59068121500024,62.,-53.2390542684004));
#9343=CARTESIAN_POINT('Ctrl Pts',(-1.56045414333348,62.8741021912724,-53.313661969892));
#9344=CARTESIAN_POINT('Ctrl Pts',(-0.530227071666729,63.7482043825449,-53.3882696713836));
#9345=CARTESIAN_POINT('Ctrl Pts',(0.500000000000025,64.6223065738173,-53.4628773728753));
#9346=CARTESIAN_POINT('',(-3.35672565811922,62.,-52.5962666587139));
#9347=CARTESIAN_POINT('',(0.500000000000017,65.4414586181063,-52.8893009365242));
#9348=CARTESIAN_POINT('Origin',(0.50000000000002,35.,-63.));
#9349=CARTESIAN_POINT('',(0.500000000000021,57.5,-48.));
#9350=CARTESIAN_POINT('',(0.500000000000019,35.,-48.));
#9351=CARTESIAN_POINT('',(0.500000000000021,57.5,-46.));
#9352=CARTESIAN_POINT('',(0.50000000000002,57.5,-55.5));
#9353=CARTESIAN_POINT('',(0.500000000000021,37.5,-46.));
#9354=CARTESIAN_POINT('',(0.500000000000019,46.25,-46.));
#9355=CARTESIAN_POINT('',(0.500000000000021,37.5,-48.));
#9356=CARTESIAN_POINT('',(0.500000000000019,37.5,-54.5));
#9357=CARTESIAN_POINT('',(0.500000000000019,35.,-48.));
#9358=CARTESIAN_POINT('',(0.500000000000021,62.,-45.5557238268605));
#9359=CARTESIAN_POINT('',(0.500000000000019,35.,-45.5557238268605));
#9360=CARTESIAN_POINT('',(0.500000000000017,62.,-45.7178354664115));
#9361=CARTESIAN_POINT('',(0.500000000000022,62.,-45.5557238268605));
#9362=CARTESIAN_POINT('',(0.50000000000002,62.,-63.));
#9363=CARTESIAN_POINT('Origin',(0.500000000000021,35.,-49.5557238268605));
#9364=CARTESIAN_POINT('',(-2.59068121500024,35.,-53.2390542684004));
#9365=CARTESIAN_POINT('Origin',(-3.35672565811922,35.,-52.5962666587139));
#9366=CARTESIAN_POINT('',(0.500000000000019,36.25,-48.));
#9367=CARTESIAN_POINT('',(-3.35672565811922,35.,-52.5962666587139));
#9368=CARTESIAN_POINT('Origin',(-2.59068121500024,35.,-53.2390542684004));
#9369=CARTESIAN_POINT('Ctrl Pts',(-2.59068121500021,62.,-49.2390542684004));
#9370=CARTESIAN_POINT('Ctrl Pts',(-1.56045414333347,62.8741021912724,-49.313661969892));
#9371=CARTESIAN_POINT('Ctrl Pts',(-0.53022707166672,63.7482043825449,-49.3882696713836));
#9372=CARTESIAN_POINT('Ctrl Pts',(0.500000000000025,64.6223065738173,-49.4628773728753));
#9373=CARTESIAN_POINT('Ctrl Pts',(-1.56045414333347,62.,-48.0112774545538));
#9374=CARTESIAN_POINT('Ctrl Pts',(-0.873636095555636,62.5827347941816,-48.0790283266094));
#9375=CARTESIAN_POINT('Ctrl Pts',(-0.186818047777806,63.1654695883632,-48.146779198665));
#9376=CARTESIAN_POINT('Ctrl Pts',(0.500000000000025,63.7482043825449,-48.2145300707207));
#9377=CARTESIAN_POINT('Ctrl Pts',(-0.530227071666722,62.,-46.7835006407071));
#9378=CARTESIAN_POINT('Ctrl Pts',(-0.186818047777807,62.2913673970908,-46.8443946833268));
#9379=CARTESIAN_POINT('Ctrl Pts',(0.15659097611111,62.5827347941816,-46.9052887259464));
#9380=CARTESIAN_POINT('Ctrl Pts',(0.500000000000025,62.8741021912724,-46.9661827685661));
#9381=CARTESIAN_POINT('Ctrl Pts',(0.500000000000022,62.,-45.5557238268605));
#9382=CARTESIAN_POINT('Ctrl Pts',(0.500000000000023,62.,-45.6097610400441));
#9383=CARTESIAN_POINT('Ctrl Pts',(0.500000000000024,62.,-45.6637982532278));
#9384=CARTESIAN_POINT('Ctrl Pts',(0.500000000000025,62.,-45.7178354664115));
#9385=CARTESIAN_POINT('',(-2.59068121500021,62.,-49.2390542684004));
#9386=CARTESIAN_POINT('',(-2.59068121500021,62.,-49.2390542684004));
#9387=CARTESIAN_POINT('',(0.500000000000017,64.6223065738173,-49.4628773728753));
#9388=CARTESIAN_POINT('',(-2.59068121500021,62.,-49.2390542684004));
#9389=CARTESIAN_POINT('',(0.500000000000017,62.1154135977844,-45.8826631660381));
#9390=CARTESIAN_POINT('',(0.500000000000017,64.6223065738173,-49.4628773728753));
#9391=CARTESIAN_POINT('',(0.500000000000017,64.6223065738173,-49.4628773728753));
#9392=CARTESIAN_POINT('Ctrl Pts',(0.500000000000022,62.,-44.));
#9393=CARTESIAN_POINT('Ctrl Pts',(0.500000000000023,62.,-43.9914628902634));
#9394=CARTESIAN_POINT('Ctrl Pts',(0.500000000000024,62.,-43.9829257805268));
#9395=CARTESIAN_POINT('Ctrl Pts',(0.500000000000025,62.,-43.9743886707903));
#9396=CARTESIAN_POINT('Ctrl Pts',(-0.785575219373048,62.,-45.532088886238));
#9397=CARTESIAN_POINT('Ctrl Pts',(-0.35705014624869,62.3823842909007,-45.5589568439481));
#9398=CARTESIAN_POINT('Ctrl Pts',(0.0714749268756673,62.7647685818014,-45.5858248016581));
#9399=CARTESIAN_POINT('Ctrl Pts',(0.500000000000025,63.1471528727021,-45.6126927593682));
#9400=CARTESIAN_POINT('Ctrl Pts',(-2.07115043874612,62.,-47.0641777724759));
#9401=CARTESIAN_POINT('Ctrl Pts',(-1.2141002924974,62.7647685818014,-47.1264507976327));
#9402=CARTESIAN_POINT('Ctrl Pts',(-0.357050146248689,63.5295371636028,-47.1887238227895));
#9403=CARTESIAN_POINT('Ctrl Pts',(0.500000000000025,64.2943057454042,-47.2509968479462));
#9404=CARTESIAN_POINT('Ctrl Pts',(-3.35672565811919,62.,-48.5962666587139));
#9405=CARTESIAN_POINT('Ctrl Pts',(-2.07115043874612,63.1471528727021,-48.6939447513173));
#9406=CARTESIAN_POINT('Ctrl Pts',(-0.785575219373046,64.2943057454042,-48.7916228439208));
#9407=CARTESIAN_POINT('Ctrl Pts',(0.500000000000025,65.4414586181063,-48.8893009365242));
#9408=CARTESIAN_POINT('',(-3.35672565811919,62.,-48.5962666587139));
#9409=CARTESIAN_POINT('',(0.47990282121814,62.,-44.0239508850143));
#9410=CARTESIAN_POINT('',(0.500000000000022,62.,-44.));
#9411=CARTESIAN_POINT('',(0.500000000000022,62.,-44.));
#9412=CARTESIAN_POINT('',(0.500000000000022,62.,-44.));
#9413=CARTESIAN_POINT('',(0.500000000000017,62.,-43.9743886707903));
#9414=CARTESIAN_POINT('',(0.500000000000022,62.,-44.));
#9415=CARTESIAN_POINT('',(0.500000000000017,65.4414586181063,-48.8893009365242));
#9416=CARTESIAN_POINT('',(0.500000000000017,62.,-43.9743886707903));
#9417=CARTESIAN_POINT('',(-3.35672565811919,62.,-48.5962666587139));
#9418=CARTESIAN_POINT('Ctrl Pts',(-3.35672565811919,62.,-48.5962666587139));
#9419=CARTESIAN_POINT('Ctrl Pts',(-2.07115043874612,63.1471528727021,-48.6939447513173));
#9420=CARTESIAN_POINT('Ctrl Pts',(-0.785575219373046,64.2943057454042,-48.7916228439208));
#9421=CARTESIAN_POINT('Ctrl Pts',(0.500000000000025,65.4414586181063,-48.8893009365242));
#9422=CARTESIAN_POINT('Ctrl Pts',(-3.10137751041286,62.,-48.810529195276));
#9423=CARTESIAN_POINT('Ctrl Pts',(-1.90091834027523,63.0561359788922,-48.9005171575089));
#9424=CARTESIAN_POINT('Ctrl Pts',(-0.700459170137604,64.1122719577844,-48.9905051197417));
#9425=CARTESIAN_POINT('Ctrl Pts',(0.500000000000025,65.1684079366766,-49.0804930819746));
#9426=CARTESIAN_POINT('Ctrl Pts',(-2.84602936270654,62.,-49.0247917318382));
#9427=CARTESIAN_POINT('Ctrl Pts',(-1.73068624180435,62.9651190850823,-49.1070895637005));
#9428=CARTESIAN_POINT('Ctrl Pts',(-0.615343120902162,63.9302381701646,-49.1893873955627));
#9429=CARTESIAN_POINT('Ctrl Pts',(0.500000000000025,64.8953572552469,-49.2716852274249));
#9430=CARTESIAN_POINT('Ctrl Pts',(-2.59068121500021,62.,-49.2390542684004));
#9431=CARTESIAN_POINT('Ctrl Pts',(-1.56045414333347,62.8741021912724,-49.313661969892));
#9432=CARTESIAN_POINT('Ctrl Pts',(-0.53022707166672,63.7482043825449,-49.3882696713836));
#9433=CARTESIAN_POINT('Ctrl Pts',(0.500000000000025,64.6223065738173,-49.4628773728753));
#9434=CARTESIAN_POINT('',(-3.35672565811919,62.,-48.5962666587139));
#9435=CARTESIAN_POINT('',(0.500000000000017,65.4414586181063,-48.8893009365242));
#9436=CARTESIAN_POINT('Origin',(0.50000000000002,35.,-63.));
#9437=CARTESIAN_POINT('',(0.500000000000021,57.5,-44.));
#9438=CARTESIAN_POINT('',(0.500000000000022,35.,-44.));
#9439=CARTESIAN_POINT('',(0.500000000000021,57.5,-42.));
#9440=CARTESIAN_POINT('',(0.500000000000019,57.5,-53.5));
#9441=CARTESIAN_POINT('',(0.500000000000021,37.5,-42.));
#9442=CARTESIAN_POINT('',(0.500000000000019,46.25,-42.));
#9443=CARTESIAN_POINT('',(0.500000000000021,37.5,-44.));
#9444=CARTESIAN_POINT('',(0.500000000000019,37.5,-52.5));
#9445=CARTESIAN_POINT('',(0.500000000000022,35.,-44.));
#9446=CARTESIAN_POINT('',(0.500000000000015,62.,-41.5557238268604));
#9447=CARTESIAN_POINT('',(0.500000000000018,35.,-41.5557238268604));
#9448=CARTESIAN_POINT('',(0.500000000000017,62.,-41.7178354664115));
#9449=CARTESIAN_POINT('',(0.500000000000017,62.,-41.7178354664115));
#9450=CARTESIAN_POINT('',(0.50000000000002,62.,-63.));
#9451=CARTESIAN_POINT('Origin',(0.500000000000021,35.,-45.5557238268605));
#9452=CARTESIAN_POINT('',(-2.59068121500021,35.,-49.2390542684004));
#9453=CARTESIAN_POINT('Origin',(-3.35672565811919,35.,-48.5962666587139));
#9454=CARTESIAN_POINT('',(0.500000000000019,36.25,-44.));
#9455=CARTESIAN_POINT('',(-3.35672565811919,35.,-48.5962666587139));
#9456=CARTESIAN_POINT('Origin',(-2.59068121500021,35.,-49.2390542684004));
#9457=CARTESIAN_POINT('Ctrl Pts',(0.500000000000017,64.6223065738173,-45.4628773728753));
#9458=CARTESIAN_POINT('Ctrl Pts',(-0.530227071666737,63.7482043825449,-45.3882696713837));
#9459=CARTESIAN_POINT('Ctrl Pts',(-1.56045414333349,62.8741021912724,-45.313661969892));
#9460=CARTESIAN_POINT('Ctrl Pts',(-2.59068121500024,62.,-45.2390542684004));
#9461=CARTESIAN_POINT('Ctrl Pts',(0.500000000000017,63.7482043825449,-44.2145300707207));
#9462=CARTESIAN_POINT('Ctrl Pts',(-0.186818047777819,63.1654695883632,-44.146779198665));
#9463=CARTESIAN_POINT('Ctrl Pts',(-0.873636095555656,62.5827347941816,-44.0790283266094));
#9464=CARTESIAN_POINT('Ctrl Pts',(-1.56045414333349,62.,-44.0112774545538));
#9465=CARTESIAN_POINT('Ctrl Pts',(0.500000000000017,62.8741021912724,-42.9661827685661));
#9466=CARTESIAN_POINT('Ctrl Pts',(0.156590976111097,62.5827347941816,-42.9052887259464));
#9467=CARTESIAN_POINT('Ctrl Pts',(-0.186818047777822,62.2913673970908,-42.8443946833267));
#9468=CARTESIAN_POINT('Ctrl Pts',(-0.530227071666742,62.,-42.7835006407071));
#9469=CARTESIAN_POINT('Ctrl Pts',(0.500000000000017,62.,-41.7178354664115));
#9470=CARTESIAN_POINT('Ctrl Pts',(0.500000000000014,62.,-41.6637982532278));
#9471=CARTESIAN_POINT('Ctrl Pts',(0.500000000000011,62.,-41.6097610400441));
#9472=CARTESIAN_POINT('Ctrl Pts',(0.500000000000008,62.,-41.5557238268604));
#9473=CARTESIAN_POINT('',(0.500000000000017,64.6223065738173,-45.4628773728753));
#9474=CARTESIAN_POINT('',(0.500000000000017,62.1154135977844,-41.8826631660382));
#9475=CARTESIAN_POINT('',(0.500000000000017,64.6223065738173,-45.4628773728753));
#9476=CARTESIAN_POINT('',(0.500000000000017,64.6223065738173,-45.4628773728753));
#9477=CARTESIAN_POINT('',(-2.59068121500024,62.,-45.2390542684004));
#9478=CARTESIAN_POINT('',(-2.59068121500024,62.,-45.2390542684004));
#9479=CARTESIAN_POINT('',(0.500000000000017,64.6223065738173,-45.4628773728753));
#9480=CARTESIAN_POINT('Ctrl Pts',(0.500000000000017,62.,-39.9743886707903));
#9481=CARTESIAN_POINT('Ctrl Pts',(0.500000000000014,62.,-39.9829257805268));
#9482=CARTESIAN_POINT('Ctrl Pts',(0.50000000000001,62.,-39.9914628902634));
#9483=CARTESIAN_POINT('Ctrl Pts',(0.500000000000007,62.,-40.));
#9484=CARTESIAN_POINT('Ctrl Pts',(0.500000000000017,63.1471528727021,-41.6126927593683));
#9485=CARTESIAN_POINT('Ctrl Pts',(0.071474926875655,62.7647685818014,-41.5858248016582));
#9486=CARTESIAN_POINT('Ctrl Pts',(-0.357050146248705,62.3823842909007,-41.558956843948));
#9487=CARTESIAN_POINT('Ctrl Pts',(-0.785575219373067,62.,-41.5320888862379));
#9488=CARTESIAN_POINT('Ctrl Pts',(0.500000000000017,64.2943057454042,-43.2509968479462));
#9489=CARTESIAN_POINT('Ctrl Pts',(-0.357050146248702,63.5295371636028,-43.1887238227895));
#9490=CARTESIAN_POINT('Ctrl Pts',(-1.21410029249742,62.7647685818014,-43.1264507976327));
#9491=CARTESIAN_POINT('Ctrl Pts',(-2.07115043874614,62.,-43.0641777724759));
#9492=CARTESIAN_POINT('Ctrl Pts',(0.500000000000017,65.4414586181063,-44.8893009365242));
#9493=CARTESIAN_POINT('Ctrl Pts',(-0.785575219373061,64.2943057454042,-44.7916228439208));
#9494=CARTESIAN_POINT('Ctrl Pts',(-2.07115043874614,63.1471528727021,-44.6939447513173));
#9495=CARTESIAN_POINT('Ctrl Pts',(-3.35672565811922,62.,-44.5962666587139));
#9496=CARTESIAN_POINT('',(0.500000000000017,62.,-39.9743886707903));
#9497=CARTESIAN_POINT('',(0.500000000000017,65.4414586181063,-44.8893009365242));
#9498=CARTESIAN_POINT('',(0.500000000000017,62.,-39.9743886707903));
#9499=CARTESIAN_POINT('',(-3.35672565811921,62.,-44.5962666587139));
#9500=CARTESIAN_POINT('',(0.500000000000017,65.4414586181063,-44.8893009365242));
#9501=CARTESIAN_POINT('',(0.479902821218156,62.,-40.0239508850143));
#9502=CARTESIAN_POINT('',(0.500000000000011,62.,-40.));
#9503=CARTESIAN_POINT('',(0.500000000000011,62.,-40.));
#9504=CARTESIAN_POINT('',(0.500000000000011,62.,-40.));
#9505=CARTESIAN_POINT('',(0.500000000000017,62.,-39.9743886707903));
#9506=CARTESIAN_POINT('Ctrl Pts',(0.500000000000017,65.4414586181063,-44.8893009365242));
#9507=CARTESIAN_POINT('Ctrl Pts',(-0.78557521937306,64.2943057454042,-44.7916228439208));
#9508=CARTESIAN_POINT('Ctrl Pts',(-2.07115043874614,63.1471528727021,-44.6939447513173));
#9509=CARTESIAN_POINT('Ctrl Pts',(-3.35672565811922,62.,-44.5962666587139));
#9510=CARTESIAN_POINT('Ctrl Pts',(0.500000000000017,65.1684079366766,-45.0804930819746));
#9511=CARTESIAN_POINT('Ctrl Pts',(-0.700459170137618,64.1122719577844,-44.9905051197417));
#9512=CARTESIAN_POINT('Ctrl Pts',(-1.90091834027526,63.0561359788922,-44.9005171575089));
#9513=CARTESIAN_POINT('Ctrl Pts',(-3.10137751041289,62.,-44.810529195276));
#9514=CARTESIAN_POINT('Ctrl Pts',(0.500000000000017,64.895357255247,-45.2716852274249));
#9515=CARTESIAN_POINT('Ctrl Pts',(-0.615343120902178,63.9302381701646,-45.1893873955627));
#9516=CARTESIAN_POINT('Ctrl Pts',(-1.73068624180437,62.9651190850823,-45.1070895637005));
#9517=CARTESIAN_POINT('Ctrl Pts',(-2.84602936270657,62.,-45.0247917318382));
#9518=CARTESIAN_POINT('Ctrl Pts',(0.500000000000017,64.6223065738173,-45.4628773728753));
#9519=CARTESIAN_POINT('Ctrl Pts',(-0.530227071666736,63.7482043825449,-45.3882696713837));
#9520=CARTESIAN_POINT('Ctrl Pts',(-1.56045414333349,62.8741021912724,-45.313661969892));
#9521=CARTESIAN_POINT('Ctrl Pts',(-2.59068121500024,62.,-45.2390542684004));
#9522=CARTESIAN_POINT('',(0.500000000000017,65.4414586181063,-44.8893009365242));
#9523=CARTESIAN_POINT('',(-3.35672565811921,62.,-44.5962666587139));
#9524=CARTESIAN_POINT('Origin',(0.50000000000002,35.,-63.));
#9525=CARTESIAN_POINT('',(0.50000000000002,35.,-40.));
#9526=CARTESIAN_POINT('',(0.50000000000002,62.,-63.));
#9527=CARTESIAN_POINT('Origin',(-3.35672565811921,35.,-44.5962666587139));
#9528=CARTESIAN_POINT('',(-3.35672565811921,35.,-44.5962666587139));
#9529=CARTESIAN_POINT('Origin',(-2.59068121500024,35.,-45.2390542684004));
#9530=CARTESIAN_POINT('',(-2.59068121500024,35.,-45.2390542684004));
#9531=CARTESIAN_POINT('Origin',(0.500000000000015,35.,-41.5557238268604));
#9532=CARTESIAN_POINT('Origin',(39.5,57.5,-42.));
#9533=CARTESIAN_POINT('',(37.5,37.5,-42.));
#9534=CARTESIAN_POINT('',(39.5,37.5,-42.));
#9535=CARTESIAN_POINT('',(37.5,35.,-42.0000014355943));
#9536=CARTESIAN_POINT('',(37.5,57.5,-42.));
#9537=CARTESIAN_POINT('',(37.5,46.25,-42.));
#9538=CARTESIAN_POINT('',(39.5,57.5,-42.));
#9539=CARTESIAN_POINT('Origin',(39.5,57.5,-44.));
#9540=CARTESIAN_POINT('',(37.5,57.5,-44.));
#9541=CARTESIAN_POINT('',(37.5,57.5,-52.5));
#9542=CARTESIAN_POINT('',(39.5,57.5,-44.));
#9543=CARTESIAN_POINT('Origin',(39.5,37.5,-44.));
#9544=CARTESIAN_POINT('',(37.5,37.5,-44.));
#9545=CARTESIAN_POINT('',(37.5,57.5,-44.));
#9546=CARTESIAN_POINT('',(39.5,37.5,-44.));
#9547=CARTESIAN_POINT('Origin',(39.5,37.5,-42.));
#9548=CARTESIAN_POINT('',(37.5,37.5,-51.5));
#9549=CARTESIAN_POINT('Origin',(37.5,47.5,-51.));
#9550=CARTESIAN_POINT('',(37.5,37.5,-50.));
#9551=CARTESIAN_POINT('',(37.5,37.5,-50.));
#9552=CARTESIAN_POINT('',(37.5,37.5,-50.2663809676668));
#9553=CARTESIAN_POINT('',(37.5,37.5,-52.));
#9554=CARTESIAN_POINT('',(37.5,35.,-50.2663809676668));
#9555=CARTESIAN_POINT('Origin',(39.5,57.5,-50.));
#9556=CARTESIAN_POINT('',(39.5,37.5,-50.));
#9557=CARTESIAN_POINT('',(37.5,57.5,-50.));
#9558=CARTESIAN_POINT('',(37.5,46.25,-50.));
#9559=CARTESIAN_POINT('',(39.5,57.5,-50.));
#9560=CARTESIAN_POINT('Origin',(39.5,57.5,-52.));
#9561=CARTESIAN_POINT('',(37.5,57.5,-52.));
#9562=CARTESIAN_POINT('',(37.5,57.5,-56.5));
#9563=CARTESIAN_POINT('',(39.5,57.5,-52.));
#9564=CARTESIAN_POINT('Origin',(39.5,37.5,-52.));
#9565=CARTESIAN_POINT('',(37.5,37.5,-52.));
#9566=CARTESIAN_POINT('',(37.5,57.5,-52.));
#9567=CARTESIAN_POINT('',(39.5,37.5,-52.));
#9568=CARTESIAN_POINT('Origin',(39.5,37.5,-50.));
#9569=CARTESIAN_POINT('',(37.5,37.5,-55.5));
#9570=CARTESIAN_POINT('Origin',(39.5000000000001,37.5,-58.));
#9571=CARTESIAN_POINT('',(37.5,37.5,-60.));
#9572=CARTESIAN_POINT('',(39.5,37.5,-60.));
#9573=CARTESIAN_POINT('',(37.5000000000001,37.5,-58.));
#9574=CARTESIAN_POINT('',(37.5,37.5,-59.5));
#9575=CARTESIAN_POINT('',(39.5000000000001,37.5,-58.));
#9576=CARTESIAN_POINT('Origin',(39.5000000000001,57.5,-58.));
#9577=CARTESIAN_POINT('',(37.5,35.,-58.0000014355944));
#9578=CARTESIAN_POINT('',(37.5000000000001,57.5,-58.));
#9579=CARTESIAN_POINT('',(37.5,46.25,-58.));
#9580=CARTESIAN_POINT('',(39.5000000000001,57.5,-58.));
#9581=CARTESIAN_POINT('Origin',(39.5000000000001,57.5,-60.));
#9582=CARTESIAN_POINT('',(37.5000000000001,57.5,-60.));
#9583=CARTESIAN_POINT('',(37.5,57.5,-60.5));
#9584=CARTESIAN_POINT('',(39.5000000000001,57.5,-60.));
#9585=CARTESIAN_POINT('Origin',(39.5,37.5,-60.));
#9586=CARTESIAN_POINT('',(37.5,37.5,-60.));
#9587=CARTESIAN_POINT('Origin',(39.5000000000001,57.5,-54.));
#9588=CARTESIAN_POINT('',(37.5000000000001,37.5,-54.));
#9589=CARTESIAN_POINT('',(39.5000000000001,37.5,-54.));
#9590=CARTESIAN_POINT('',(37.5,35.,-54.0000014355943));
#9591=CARTESIAN_POINT('',(37.5000000000001,57.5,-54.));
#9592=CARTESIAN_POINT('',(37.5,46.25,-54.));
#9593=CARTESIAN_POINT('',(39.5000000000001,57.5,-54.));
#9594=CARTESIAN_POINT('Origin',(39.5,57.5,-56.));
#9595=CARTESIAN_POINT('',(37.5,57.5,-56.));
#9596=CARTESIAN_POINT('',(37.5,57.5,-58.5));
#9597=CARTESIAN_POINT('',(39.5,57.5,-56.));
#9598=CARTESIAN_POINT('Origin',(39.5000000000001,37.5,-56.));
#9599=CARTESIAN_POINT('',(37.5000000000001,37.5,-56.));
#9600=CARTESIAN_POINT('',(37.5,57.5,-56.));
#9601=CARTESIAN_POINT('',(39.5000000000001,37.5,-56.));
#9602=CARTESIAN_POINT('Origin',(39.5000000000001,37.5,-54.));
#9603=CARTESIAN_POINT('',(37.5,37.5,-57.5));
#9604=CARTESIAN_POINT('Origin',(39.5,57.5,-46.));
#9605=CARTESIAN_POINT('',(37.5,37.5,-46.));
#9606=CARTESIAN_POINT('',(39.5,37.5,-46.));
#9607=CARTESIAN_POINT('',(37.5,35.,-46.0000014355943));
#9608=CARTESIAN_POINT('',(37.5,57.5,-46.));
#9609=CARTESIAN_POINT('',(37.5,46.25,-46.));
#9610=CARTESIAN_POINT('',(39.5,57.5,-46.));
#9611=CARTESIAN_POINT('Origin',(39.5,57.5,-48.));
#9612=CARTESIAN_POINT('',(37.5,57.5,-48.));
#9613=CARTESIAN_POINT('',(37.5,57.5,-54.5));
#9614=CARTESIAN_POINT('',(39.5,57.5,-48.));
#9615=CARTESIAN_POINT('Origin',(39.5,37.5,-48.));
#9616=CARTESIAN_POINT('',(37.5,37.5,-48.));
#9617=CARTESIAN_POINT('',(37.5,57.5,-48.));
#9618=CARTESIAN_POINT('',(39.5,37.5,-48.));
#9619=CARTESIAN_POINT('Origin',(39.5,37.5,-46.));
#9620=CARTESIAN_POINT('',(37.5,37.5,-53.5));
#9621=CARTESIAN_POINT('Origin',(37.5,35.,-61.));
#9622=CARTESIAN_POINT('',(37.5,35.,-56.7792268468329));
#9623=CARTESIAN_POINT('',(37.5,35.,-54.0000014355943));
#9624=CARTESIAN_POINT('',(37.5,35.,-52.7792268468329));
#9625=CARTESIAN_POINT('',(37.5,35.,-50.2663809676668));
#9626=CARTESIAN_POINT('',(37.5,35.,-49.0456063789053));
#9627=CARTESIAN_POINT('',(37.5,35.,-46.0000014355943));
#9628=CARTESIAN_POINT('',(37.5,35.,-44.7792268468331));
#9629=CARTESIAN_POINT('',(37.5,35.,-42.0000014355943));
#9630=CARTESIAN_POINT('',(37.5000000000001,60.,-42.));
#9631=CARTESIAN_POINT('',(37.5,60.,-41.));
#9632=CARTESIAN_POINT('',(37.5000000000001,62.,-42.));
#9633=CARTESIAN_POINT('',(37.5000000000001,62.,-42.));
#9634=CARTESIAN_POINT('',(37.5,62.,-43.9743886707902));
#9635=CARTESIAN_POINT('',(37.5000000000001,62.,-47.5));
#9636=CARTESIAN_POINT('',(37.5000000000001,62.,-44.));
#9637=CARTESIAN_POINT('',(37.5000000000001,62.,-47.5));
#9638=CARTESIAN_POINT('',(37.5000000000001,60.,-44.));
#9639=CARTESIAN_POINT('',(37.5000000000001,62.,-44.));
#9640=CARTESIAN_POINT('',(37.5000000000002,60.,-46.));
#9641=CARTESIAN_POINT('',(37.5,60.,-41.));
#9642=CARTESIAN_POINT('',(37.5000000000002,62.,-46.));
#9643=CARTESIAN_POINT('',(37.5000000000002,62.,-46.));
#9644=CARTESIAN_POINT('',(37.5,62.,-47.9743886707902));
#9645=CARTESIAN_POINT('',(37.5000000000002,62.,-49.5));
#9646=CARTESIAN_POINT('',(37.5000000000002,62.,-48.));
#9647=CARTESIAN_POINT('',(37.5000000000002,62.,-49.5));
#9648=CARTESIAN_POINT('',(37.5000000000002,60.,-48.));
#9649=CARTESIAN_POINT('',(37.5000000000002,62.,-48.));
#9650=CARTESIAN_POINT('',(37.5000000000002,60.,-50.));
#9651=CARTESIAN_POINT('',(37.5,60.,-41.));
#9652=CARTESIAN_POINT('',(37.5000000000002,62.,-50.));
#9653=CARTESIAN_POINT('',(37.5000000000002,62.,-50.));
#9654=CARTESIAN_POINT('',(37.5,62.,-51.9743886707902));
#9655=CARTESIAN_POINT('',(37.5000000000002,62.,-51.5));
#9656=CARTESIAN_POINT('',(37.5000000000002,62.,-52.));
#9657=CARTESIAN_POINT('',(37.5000000000002,62.,-51.5));
#9658=CARTESIAN_POINT('',(37.5000000000002,60.,-52.));
#9659=CARTESIAN_POINT('',(37.5000000000002,62.,-52.));
#9660=CARTESIAN_POINT('',(37.5000000000003,60.,-54.));
#9661=CARTESIAN_POINT('',(37.5,60.,-41.));
#9662=CARTESIAN_POINT('',(37.5000000000003,62.,-54.));
#9663=CARTESIAN_POINT('',(37.5000000000003,62.,-54.));
#9664=CARTESIAN_POINT('',(37.5,62.,-55.9743886707902));
#9665=CARTESIAN_POINT('',(37.5000000000003,62.,-53.5));
#9666=CARTESIAN_POINT('',(37.5000000000003,62.,-56.));
#9667=CARTESIAN_POINT('',(37.5000000000003,62.,-53.5));
#9668=CARTESIAN_POINT('',(37.5000000000003,60.,-56.));
#9669=CARTESIAN_POINT('',(37.5000000000003,62.,-56.));
#9670=CARTESIAN_POINT('',(37.5000000000003,60.,-58.));
#9671=CARTESIAN_POINT('',(37.5,60.,-41.));
#9672=CARTESIAN_POINT('',(37.5000000000003,62.,-58.));
#9673=CARTESIAN_POINT('',(37.5000000000003,62.,-58.));
#9674=CARTESIAN_POINT('',(37.5000000000003,62.,-60.));
#9675=CARTESIAN_POINT('',(37.5000000000003,62.,-55.5));
#9676=CARTESIAN_POINT('',(37.5000000000003,60.,-60.));
#9677=CARTESIAN_POINT('',(37.5000000000003,62.,-60.));
#9678=CARTESIAN_POINT('',(37.5,60.,-63.));
#9679=CARTESIAN_POINT('',(37.5,60.,-61.));
#9680=CARTESIAN_POINT('',(37.5,47.5,-63.));
#9681=CARTESIAN_POINT('',(37.5,44.,-63.));
#9682=CARTESIAN_POINT('',(37.5,35.,-58.0000014355944));
#9683=CARTESIAN_POINT('Origin',(20.,62.,-51.));
#9684=CARTESIAN_POINT('',(10.25,62.,-41.7178354664115));
#9685=CARTESIAN_POINT('',(29.75,62.,-43.9743886707903));
#9686=CARTESIAN_POINT('',(2.50000000000009,62.,-42.));
#9687=CARTESIAN_POINT('',(28.7500000000001,62.,-42.));
#9688=CARTESIAN_POINT('',(2.50000000000002,62.,-43.9743886707903));
#9689=CARTESIAN_POINT('',(2.50000000000009,62.,-46.5));
#9690=CARTESIAN_POINT('',(10.25,62.,-43.9743886707903));
#9691=CARTESIAN_POINT('Origin',(20.,62.,-51.));
#9692=CARTESIAN_POINT('',(10.25,62.,-39.9743886707903));
#9693=CARTESIAN_POINT('Origin',(20.,62.,-51.));
#9694=CARTESIAN_POINT('',(10.25,62.,-49.7178354664115));
#9695=CARTESIAN_POINT('',(29.75,62.,-51.9743886707903));
#9696=CARTESIAN_POINT('',(2.50000000000017,62.,-50.));
#9697=CARTESIAN_POINT('',(28.7500000000001,62.,-50.));
#9698=CARTESIAN_POINT('',(2.50000000000002,62.,-51.9743886707903));
#9699=CARTESIAN_POINT('',(2.50000000000017,62.,-50.5));
#9700=CARTESIAN_POINT('',(10.25,62.,-51.9743886707903));
#9701=CARTESIAN_POINT('Origin',(20.,62.,-51.));
#9702=CARTESIAN_POINT('',(29.75,62.,-47.9743886707902));
#9703=CARTESIAN_POINT('',(2.5000000000002,62.,-46.));
#9704=CARTESIAN_POINT('',(28.7500000000001,62.,-46.));
#9705=CARTESIAN_POINT('',(2.50000000000002,62.,-47.9743886707903));
#9706=CARTESIAN_POINT('',(2.5000000000002,62.,-48.5));
#9707=CARTESIAN_POINT('',(10.25,62.,-47.9743886707903));
#9708=CARTESIAN_POINT('',(10.25,62.,-45.7178354664115));
#9709=CARTESIAN_POINT('Origin',(20.,62.,-51.));
#9710=CARTESIAN_POINT('',(10.25,62.,-57.7178354664114));
#9711=CARTESIAN_POINT('',(39.5,62.,-63.));
#9712=CARTESIAN_POINT('',(2.50000000000002,62.,-58.));
#9713=CARTESIAN_POINT('',(28.7500000000002,62.,-58.));
#9714=CARTESIAN_POINT('',(2.50000000000002,62.,-60.));
#9715=CARTESIAN_POINT('',(2.50000000000002,62.,-54.5));
#9716=CARTESIAN_POINT('',(11.2500000000001,62.,-60.));
#9717=CARTESIAN_POINT('Origin',(20.,62.,-51.));
#9718=CARTESIAN_POINT('',(29.75,62.,-55.9743886707902));
#9719=CARTESIAN_POINT('',(2.50000000000028,62.,-54.));
#9720=CARTESIAN_POINT('',(28.7500000000001,62.,-54.));
#9721=CARTESIAN_POINT('',(2.50000000000002,62.,-55.9743886707903));
#9722=CARTESIAN_POINT('',(2.50000000000028,62.,-52.5));
#9723=CARTESIAN_POINT('',(10.25,62.,-55.9743886707903));
#9724=CARTESIAN_POINT('',(10.25,62.,-53.7178354664115));
#9725=CARTESIAN_POINT('Origin',(37.5000020502412,35.,-56.7792254112386));
#9726=CARTESIAN_POINT('',(33.6498174367342,35.,-59.4751537011152));
#9727=CARTESIAN_POINT('Origin',(34.2233938730853,35.,-60.2943057454042));
#9728=CARTESIAN_POINT('',(34.2233938730853,35.,-60.2943057454042));
#9729=CARTESIAN_POINT('Origin',(33.6498174367342,35.,-59.4751537011152));
#9730=CARTESIAN_POINT('Origin',(33.6498174367342,35.,-51.7415332331876));
#9731=CARTESIAN_POINT('',(33.6498174367342,35.,-51.7415332331876));
#9732=CARTESIAN_POINT('',(34.2233938730852,35.,-52.5606852774766));
#9733=CARTESIAN_POINT('Origin',(37.5000020502412,35.,-49.0456049433109));
#9734=CARTESIAN_POINT('Origin',(34.2233938730852,35.,-52.5606852774766));
#9735=CARTESIAN_POINT('Origin',(37.5000020502412,35.,-40.7792254112385));
#9736=CARTESIAN_POINT('',(33.6498174367342,35.,-43.4751537011152));
#9737=CARTESIAN_POINT('Origin',(34.2233938730853,35.,-44.2943057454042));
#9738=CARTESIAN_POINT('',(34.2233938730852,35.,-44.2943057454042));
#9739=CARTESIAN_POINT('Origin',(33.6498174367342,35.,-43.4751537011152));
#9740=CARTESIAN_POINT('Origin',(37.5000020502412,35.,-44.7792254112388));
#9741=CARTESIAN_POINT('',(33.6498174367344,35.,-47.4751537011154));
#9742=CARTESIAN_POINT('Origin',(34.2233938730854,35.,-48.2943057454044));
#9743=CARTESIAN_POINT('',(34.2233938730854,35.,-48.2943057454044));
#9744=CARTESIAN_POINT('Origin',(33.6498174367344,35.,-47.4751537011154));
#9745=CARTESIAN_POINT('Origin',(37.5000020502412,35.,-52.7792254112385));
#9746=CARTESIAN_POINT('',(33.6498174367342,35.,-55.4751537011152));
#9747=CARTESIAN_POINT('Origin',(34.2233938730852,35.,-56.2943057454042));
#9748=CARTESIAN_POINT('',(34.2233938730852,35.,-56.2943057454042));
#9749=CARTESIAN_POINT('Origin',(33.6498174367342,35.,-55.4751537011152));
#9750=CARTESIAN_POINT('Origin',(2.49999794975881,35.,-56.7792254112386));
#9751=CARTESIAN_POINT('',(6.35018256326582,35.,-59.4751537011152));
#9752=CARTESIAN_POINT('',(2.50000000000002,35.,-56.7792268468329));
#9753=CARTESIAN_POINT('Origin',(5.77660612691476,35.,-60.2943057454042));
#9754=CARTESIAN_POINT('',(2.49999999999999,37.5,-58.));
#9755=CARTESIAN_POINT('',(2.50000000000002,35.,-58.0000014355944));
#9756=CARTESIAN_POINT('',(2.50000000000002,46.25,-58.));
#9757=CARTESIAN_POINT('',(5.77660612691476,35.,-60.2943057454042));
#9758=CARTESIAN_POINT('Origin',(6.35018256326582,35.,-59.4751537011152));
#9759=CARTESIAN_POINT('Origin',(2.50000000000002,35.,-41.));
#9760=CARTESIAN_POINT('',(2.49999999999999,57.5,-58.));
#9761=CARTESIAN_POINT('',(2.50000000000002,46.25,-58.));
#9762=CARTESIAN_POINT('',(2.49999999999999,57.5,-60.));
#9763=CARTESIAN_POINT('',(2.50000000000002,57.5,-50.5));
#9764=CARTESIAN_POINT('',(2.50000000000005,37.5,-60.));
#9765=CARTESIAN_POINT('',(2.50000000000002,36.25,-60.));
#9766=CARTESIAN_POINT('',(2.50000000000002,37.5,-49.5));
#9767=CARTESIAN_POINT('',(2.50000000000002,37.,-63.));
#9768=CARTESIAN_POINT('',(2.50000000000002,60.,-63.));
#9769=CARTESIAN_POINT('',(2.50000000000002,46.,-63.));
#9770=CARTESIAN_POINT('',(2.50000000000002,60.,-60.));
#9771=CARTESIAN_POINT('',(2.50000000000002,60.,-61.));
#9772=CARTESIAN_POINT('',(2.50000000000002,62.,-60.));
#9773=CARTESIAN_POINT('',(2.50000000000002,60.,-58.));
#9774=CARTESIAN_POINT('',(2.50000000000002,62.,-58.));
#9775=CARTESIAN_POINT('',(2.50000000000028,60.,-56.));
#9776=CARTESIAN_POINT('',(2.50000000000002,60.,-61.));
#9777=CARTESIAN_POINT('',(2.50000000000028,62.,-56.));
#9778=CARTESIAN_POINT('',(2.50000000000028,62.,-56.));
#9779=CARTESIAN_POINT('',(2.50000000000028,62.,-52.5));
#9780=CARTESIAN_POINT('',(2.50000000000028,60.,-54.));
#9781=CARTESIAN_POINT('',(2.50000000000028,62.,-54.));
#9782=CARTESIAN_POINT('',(2.50000000000017,60.,-52.));
#9783=CARTESIAN_POINT('',(2.50000000000002,60.,-61.));
#9784=CARTESIAN_POINT('',(2.50000000000017,62.,-52.));
#9785=CARTESIAN_POINT('',(2.50000000000017,62.,-52.));
#9786=CARTESIAN_POINT('',(2.50000000000017,62.,-50.5));
#9787=CARTESIAN_POINT('',(2.50000000000017,60.,-50.));
#9788=CARTESIAN_POINT('',(2.50000000000017,62.,-50.));
#9789=CARTESIAN_POINT('',(2.5000000000002,60.,-48.));
#9790=CARTESIAN_POINT('',(2.50000000000002,60.,-61.));
#9791=CARTESIAN_POINT('',(2.5000000000002,62.,-48.));
#9792=CARTESIAN_POINT('',(2.5000000000002,62.,-48.));
#9793=CARTESIAN_POINT('',(2.5000000000002,62.,-48.5));
#9794=CARTESIAN_POINT('',(2.5000000000002,60.,-46.));
#9795=CARTESIAN_POINT('',(2.5000000000002,62.,-46.));
#9796=CARTESIAN_POINT('',(2.50000000000009,60.,-44.));
#9797=CARTESIAN_POINT('',(2.50000000000002,60.,-61.));
#9798=CARTESIAN_POINT('',(2.50000000000009,62.,-44.));
#9799=CARTESIAN_POINT('',(2.50000000000009,62.,-44.));
#9800=CARTESIAN_POINT('',(2.50000000000009,62.,-46.5));
#9801=CARTESIAN_POINT('',(2.50000000000009,60.,-42.));
#9802=CARTESIAN_POINT('',(2.50000000000009,62.,-42.));
#9803=CARTESIAN_POINT('',(2.50000000000002,60.,-61.));
#9804=CARTESIAN_POINT('',(2.50000000000002,57.5,-42.));
#9805=CARTESIAN_POINT('',(2.50000000000002,46.25,-42.));
#9806=CARTESIAN_POINT('',(2.50000000000002,57.5,-44.));
#9807=CARTESIAN_POINT('',(2.50000000000002,57.5,-42.5));
#9808=CARTESIAN_POINT('',(2.50000000000002,37.5,-44.));
#9809=CARTESIAN_POINT('',(2.50000000000002,36.25,-44.));
#9810=CARTESIAN_POINT('',(2.50000000000002,37.5,-42.));
#9811=CARTESIAN_POINT('',(2.50000000000002,37.5,-41.5));
#9812=CARTESIAN_POINT('',(2.50000000000002,35.,-42.0000014355943));
#9813=CARTESIAN_POINT('',(2.50000000000002,35.,-44.7792268468332));
#9814=CARTESIAN_POINT('',(2.50000000000002,57.5,-46.));
#9815=CARTESIAN_POINT('',(2.50000000000002,46.25,-46.));
#9816=CARTESIAN_POINT('',(2.50000000000002,57.5,-48.));
#9817=CARTESIAN_POINT('',(2.50000000000002,57.5,-44.5));
#9818=CARTESIAN_POINT('',(2.50000000000002,37.5,-48.));
#9819=CARTESIAN_POINT('',(2.50000000000002,36.25,-48.));
#9820=CARTESIAN_POINT('',(2.50000000000002,37.5,-46.));
#9821=CARTESIAN_POINT('',(2.50000000000002,37.5,-43.5));
#9822=CARTESIAN_POINT('',(2.50000000000002,35.,-46.0000014355943));
#9823=CARTESIAN_POINT('',(2.50000000000002,35.,-49.0456063789053));
#9824=CARTESIAN_POINT('',(2.50000000000002,57.5,-50.));
#9825=CARTESIAN_POINT('',(2.50000000000002,46.25,-50.));
#9826=CARTESIAN_POINT('',(2.50000000000002,57.5,-52.));
#9827=CARTESIAN_POINT('',(2.50000000000002,57.5,-46.5));
#9828=CARTESIAN_POINT('',(2.50000000000002,37.5,-52.));
#9829=CARTESIAN_POINT('',(2.50000000000002,36.25,-52.));
#9830=CARTESIAN_POINT('',(2.49999794975882,37.5,-50.2663795320724));
#9831=CARTESIAN_POINT('',(2.50000000000002,37.5,-45.5));
#9832=CARTESIAN_POINT('',(2.50000000000002,35.,-50.2663809676668));
#9833=CARTESIAN_POINT('',(2.50000000000002,35.,-52.7792268468329));
#9834=CARTESIAN_POINT('',(2.49999999999998,57.5,-54.));
#9835=CARTESIAN_POINT('',(2.50000000000002,46.25,-54.));
#9836=CARTESIAN_POINT('',(2.50000000000006,57.5,-56.));
#9837=CARTESIAN_POINT('',(2.50000000000002,57.5,-48.5));
#9838=CARTESIAN_POINT('',(2.49999999999998,37.5,-56.));
#9839=CARTESIAN_POINT('',(2.50000000000002,36.25,-56.));
#9840=CARTESIAN_POINT('',(2.49999999999998,37.5,-54.));
#9841=CARTESIAN_POINT('',(2.50000000000002,37.5,-47.5));
#9842=CARTESIAN_POINT('',(2.50000000000002,35.,-54.0000014355943));
#9843=CARTESIAN_POINT('Origin',(2.49999794975883,35.,-40.7792254112385));
#9844=CARTESIAN_POINT('',(6.35018256326582,35.,-43.4751537011152));
#9845=CARTESIAN_POINT('Origin',(5.77660612691478,35.,-44.2943057454042));
#9846=CARTESIAN_POINT('',(2.50000000000002,46.25,-42.));
#9847=CARTESIAN_POINT('',(5.77660612691479,35.,-44.2943057454042));
#9848=CARTESIAN_POINT('Origin',(6.35018256326582,35.,-43.4751537011152));
#9849=CARTESIAN_POINT('Origin',(2.49999794975882,35.,-52.7792254112386));
#9850=CARTESIAN_POINT('',(6.35018256326584,35.,-55.4751537011152));
#9851=CARTESIAN_POINT('Origin',(5.7766061269148,35.,-56.2943057454042));
#9852=CARTESIAN_POINT('',(2.50000000000002,46.25,-54.));
#9853=CARTESIAN_POINT('',(5.7766061269148,35.,-56.2943057454042));
#9854=CARTESIAN_POINT('Origin',(6.35018256326584,35.,-55.4751537011152));
#9855=CARTESIAN_POINT('Origin',(2.49999794975882,35.,-44.7792254112388));
#9856=CARTESIAN_POINT('',(6.35018256326567,35.,-47.4751537011154));
#9857=CARTESIAN_POINT('Origin',(5.77660612691464,35.,-48.2943057454044));
#9858=CARTESIAN_POINT('',(2.50000000000002,46.25,-46.));
#9859=CARTESIAN_POINT('',(5.77660612691464,35.,-48.2943057454044));
#9860=CARTESIAN_POINT('Origin',(6.35018256326567,35.,-47.4751537011154));
#9861=CARTESIAN_POINT('Origin',(2.49999794975882,35.,-50.2663795320724));
#9862=CARTESIAN_POINT('',(2.50000000000002,37.5,-50.));
#9863=CARTESIAN_POINT('',(2.50000000000002,37.5,-45.5));
#9864=CARTESIAN_POINT('',(2.50000000000002,46.25,-50.));
#9865=CARTESIAN_POINT('',(2.49999794975882,35.,-50.2663795320724));
#9866=CARTESIAN_POINT('Origin',(6.35018256326583,35.,-51.7415332331876));
#9867=CARTESIAN_POINT('',(5.7766061269148,35.,-52.5606852774766));
#9868=CARTESIAN_POINT('',(6.35018256326583,35.,-51.7415332331876));
#9869=CARTESIAN_POINT('Origin',(2.49999794975882,35.,-49.045604943311));
#9870=CARTESIAN_POINT('Origin',(5.7766061269148,35.,-52.5606852774766));
#9871=CARTESIAN_POINT('Origin',(20.,60.,-51.));
#9872=CARTESIAN_POINT('',(11.2500000000001,60.,-56.));
#9873=CARTESIAN_POINT('',(28.7500000000002,60.,-58.));
#9874=CARTESIAN_POINT('Origin',(20.,60.,-51.));
#9875=CARTESIAN_POINT('',(11.2500000000001,60.,-52.));
#9876=CARTESIAN_POINT('',(28.7500000000001,60.,-54.));
#9877=CARTESIAN_POINT('Origin',(20.,60.,-51.));
#9878=CARTESIAN_POINT('',(11.2500000000001,60.,-44.));
#9879=CARTESIAN_POINT('',(28.7500000000001,60.,-46.));
#9880=CARTESIAN_POINT('Origin',(0.500000000000017,62.,-55.9743886707903));
#9881=CARTESIAN_POINT('',(11.2500000000001,62.,-56.));
#9882=CARTESIAN_POINT('',(0.500000000000017,62.,-55.9743886707903));
#9883=CARTESIAN_POINT('Origin',(0.500000000000017,64.6223065738173,-61.4628773728753));
#9884=CARTESIAN_POINT('',(0.500000000000017,65.4414586181063,-60.8893009365242));
#9885=CARTESIAN_POINT('',(0.500000000000017,64.6223065738173,-61.4628773728753));
#9886=CARTESIAN_POINT('Origin',(0.500000000000017,62.,-57.7178354664114));
#9887=CARTESIAN_POINT('Origin',(0.500000000000017,65.4414586181063,-60.8893009365242));
#9888=CARTESIAN_POINT('Origin',(0.500000000000017,65.4414586181063,-44.8893009365242));
#9889=CARTESIAN_POINT('',(0.500000000000017,65.4414586181063,-44.8893009365242));
#9890=CARTESIAN_POINT('Origin',(0.500000000000017,64.6223065738173,-45.4628773728753));
#9891=CARTESIAN_POINT('',(0.500000000000017,64.6223065738173,-45.4628773728753));
#9892=CARTESIAN_POINT('Origin',(0.500000000000017,62.,-41.7178354664115));
#9893=CARTESIAN_POINT('Origin',(0.500000000000017,62.,-51.9743886707903));
#9894=CARTESIAN_POINT('',(11.2500000000001,62.,-52.));
#9895=CARTESIAN_POINT('',(0.500000000000017,62.,-51.9743886707903));
#9896=CARTESIAN_POINT('Origin',(0.500000000000017,64.6223065738173,-57.4628773728752));
#9897=CARTESIAN_POINT('',(0.500000000000017,65.4414586181063,-56.8893009365242));
#9898=CARTESIAN_POINT('',(0.500000000000017,64.6223065738173,-57.4628773728752));
#9899=CARTESIAN_POINT('Origin',(0.500000000000017,62.,-53.7178354664115));
#9900=CARTESIAN_POINT('Origin',(0.500000000000017,65.4414586181063,-56.8893009365242));
#9901=CARTESIAN_POINT('Origin',(0.500000000000017,62.,-43.9743886707903));
#9902=CARTESIAN_POINT('',(11.2500000000001,62.,-44.));
#9903=CARTESIAN_POINT('',(0.500000000000017,62.,-43.9743886707903));
#9904=CARTESIAN_POINT('Origin',(0.500000000000017,64.6223065738173,-49.4628773728753));
#9905=CARTESIAN_POINT('',(0.500000000000017,65.4414586181063,-48.8893009365242));
#9906=CARTESIAN_POINT('',(0.500000000000017,64.6223065738173,-49.4628773728753));
#9907=CARTESIAN_POINT('Origin',(0.500000000000017,62.,-45.7178354664115));
#9908=CARTESIAN_POINT('Origin',(0.500000000000017,65.4414586181063,-48.8893009365242));
#9909=CARTESIAN_POINT('Origin',(0.500000000000017,62.,-47.9743886707903));
#9910=CARTESIAN_POINT('',(11.2500000000001,62.,-48.));
#9911=CARTESIAN_POINT('',(0.500000000000017,62.,-47.9743886707903));
#9912=CARTESIAN_POINT('Origin',(0.500000000000017,64.6223065738173,-53.4628773728753));
#9913=CARTESIAN_POINT('',(0.500000000000017,65.4414586181063,-52.8893009365242));
#9914=CARTESIAN_POINT('',(0.500000000000017,64.6223065738173,-53.4628773728753));
#9915=CARTESIAN_POINT('Origin',(0.500000000000017,62.,-49.7178354664115));
#9916=CARTESIAN_POINT('Origin',(0.500000000000017,65.4414586181063,-52.8893009365242));
#9917=CARTESIAN_POINT('Origin',(0.500000000000016,57.5,-50.));
#9918=CARTESIAN_POINT('',(0.500000000000016,57.5,-50.));
#9919=CARTESIAN_POINT('',(0.500000000000016,37.5,-50.));
#9920=CARTESIAN_POINT('Origin',(0.500000000000016,57.5,-52.));
#9921=CARTESIAN_POINT('',(0.500000000000016,57.5,-52.));
#9922=CARTESIAN_POINT('Origin',(0.500000000000016,37.5,-52.));
#9923=CARTESIAN_POINT('',(0.500000000000016,37.5,-52.));
#9924=CARTESIAN_POINT('Origin',(0.500000000000016,37.5,-50.));
#9925=CARTESIAN_POINT('Origin',(0.499999999999982,57.5,-54.));
#9926=CARTESIAN_POINT('',(0.499999999999982,57.5,-54.));
#9927=CARTESIAN_POINT('',(0.499999999999982,37.5,-54.));
#9928=CARTESIAN_POINT('Origin',(0.500000000000061,57.5,-56.));
#9929=CARTESIAN_POINT('',(0.500000000000061,57.5,-56.));
#9930=CARTESIAN_POINT('Origin',(0.499999999999982,37.5,-56.));
#9931=CARTESIAN_POINT('',(0.499999999999982,37.5,-56.));
#9932=CARTESIAN_POINT('Origin',(0.499999999999982,37.5,-54.));
#9933=CARTESIAN_POINT('Origin',(0.500000000000021,57.5,-46.));
#9934=CARTESIAN_POINT('',(0.500000000000021,57.5,-46.));
#9935=CARTESIAN_POINT('',(0.500000000000021,37.5,-46.));
#9936=CARTESIAN_POINT('Origin',(0.500000000000021,57.5,-48.));
#9937=CARTESIAN_POINT('',(0.500000000000021,57.5,-48.));
#9938=CARTESIAN_POINT('Origin',(0.500000000000021,37.5,-48.));
#9939=CARTESIAN_POINT('',(0.500000000000021,37.5,-48.));
#9940=CARTESIAN_POINT('Origin',(0.500000000000021,37.5,-46.));
#9941=CARTESIAN_POINT('Origin',(0.49999999999999,37.5,-58.));
#9942=CARTESIAN_POINT('',(0.49999999999999,37.5,-58.));
#9943=CARTESIAN_POINT('',(0.500000000000053,37.5,-60.));
#9944=CARTESIAN_POINT('Origin',(0.49999999999999,57.5,-58.));
#9945=CARTESIAN_POINT('',(0.49999999999999,57.5,-58.));
#9946=CARTESIAN_POINT('Origin',(0.49999999999999,57.5,-60.));
#9947=CARTESIAN_POINT('',(0.49999999999999,57.5,-60.));
#9948=CARTESIAN_POINT('Origin',(0.500000000000053,37.5,-60.));
#9949=CARTESIAN_POINT('Origin',(0.500000000000021,57.5,-42.));
#9950=CARTESIAN_POINT('',(0.500000000000021,57.5,-42.));
#9951=CARTESIAN_POINT('',(0.500000000000021,37.5,-42.));
#9952=CARTESIAN_POINT('Origin',(0.500000000000021,57.5,-44.));
#9953=CARTESIAN_POINT('',(0.500000000000021,57.5,-44.));
#9954=CARTESIAN_POINT('Origin',(0.500000000000021,37.5,-44.));
#9955=CARTESIAN_POINT('',(0.500000000000021,37.5,-44.));
#9956=CARTESIAN_POINT('Origin',(0.500000000000021,37.5,-42.));
#9957=CARTESIAN_POINT('Origin',(37.5000000000002,62.,-50.));
#9958=CARTESIAN_POINT('',(28.7500000000001,60.,-50.));
#9959=CARTESIAN_POINT('Origin',(2.50000000000017,62.,-52.));
#9960=CARTESIAN_POINT('Origin',(37.5000000000002,62.,-46.));
#9961=CARTESIAN_POINT('Origin',(2.5000000000002,62.,-48.));
#9962=CARTESIAN_POINT('',(11.2500000000001,60.,-48.));
#9963=CARTESIAN_POINT('Origin',(37.5000000000003,62.,-54.));
#9964=CARTESIAN_POINT('Origin',(2.50000000000028,62.,-56.));
#9965=CARTESIAN_POINT('Origin',(37.5000000000001,62.,-42.));
#9966=CARTESIAN_POINT('',(28.7500000000001,60.,-42.));
#9967=CARTESIAN_POINT('Origin',(2.50000000000009,62.,-44.));
#9968=CARTESIAN_POINT('Origin',(2.50000000000027,62.,-60.));
#9969=CARTESIAN_POINT('',(11.2500000000001,60.,-60.));
#9970=CARTESIAN_POINT('Origin',(37.5000000000003,62.,-58.));
#9971=CARTESIAN_POINT('Origin',(20.,60.,-51.));
#9972=CARTESIAN_POINT('',(21.,60.,-63.));
#9973=CARTESIAN_POINT('',(37.5,60.,-61.));
#9974=CARTESIAN_POINT('',(24.5,60.,-63.));
#9975=CARTESIAN_POINT('',(37.,60.,-63.));
#9976=CARTESIAN_POINT('Origin',(20.,60.,-51.));
#9977=CARTESIAN_POINT('Origin',(20.,60.,-51.));
#9978=CARTESIAN_POINT('Origin',(2.50000000000002,35.,-61.));
#9979=CARTESIAN_POINT('Origin',(39.5,35.,-63.));
#9980=UNCERTAINTY_MEASURE_WITH_UNIT(LENGTH_MEASURE(0.01),#9984,
'DISTANCE_ACCURACY_VALUE',
'Maximum model space distance between geometric entities at asserted c
onnectivities');
#9981=UNCERTAINTY_MEASURE_WITH_UNIT(LENGTH_MEASURE(0.01),#9984,
'DISTANCE_ACCURACY_VALUE',
'Maximum model space distance between geometric entities at asserted c
onnectivities');
#9982=(
GEOMETRIC_REPRESENTATION_CONTEXT(3)
GLOBAL_UNCERTAINTY_ASSIGNED_CONTEXT((#9980))
GLOBAL_UNIT_ASSIGNED_CONTEXT((#9984,#9986,#9987))
REPRESENTATION_CONTEXT('','3D')
);
#9983=(
GEOMETRIC_REPRESENTATION_CONTEXT(3)
GLOBAL_UNCERTAINTY_ASSIGNED_CONTEXT((#9981))
GLOBAL_UNIT_ASSIGNED_CONTEXT((#9984,#9986,#9987))
REPRESENTATION_CONTEXT('','3D')
);
#9984=(
LENGTH_UNIT()
NAMED_UNIT(*)
SI_UNIT(.MILLI.,.METRE.)
);
#9985=(
LENGTH_UNIT()
NAMED_UNIT(*)
SI_UNIT($,.METRE.)
);
#9986=(
NAMED_UNIT(*)
PLANE_ANGLE_UNIT()
SI_UNIT($,.RADIAN.)
);
#9987=(
NAMED_UNIT(*)
SI_UNIT($,.STERADIAN.)
SOLID_ANGLE_UNIT()
);
#9988=SHAPE_DEFINITION_REPRESENTATION(#9989,#9990);
#9989=PRODUCT_DEFINITION_SHAPE('',$,#9992);
#9990=SHAPE_REPRESENTATION('',(#5904),#9982);
#9991=PRODUCT_DEFINITION_CONTEXT('part definition',#9996,'design');
#9992=PRODUCT_DEFINITION('Temperature sensor pod',
'Temperature sensor pod',#9993,#9991);
#9993=PRODUCT_DEFINITION_FORMATION('',$,#9998);
#9994=PRODUCT_RELATED_PRODUCT_CATEGORY('Temperature sensor pod',
'Temperature sensor pod',(#9998));
#9995=APPLICATION_PROTOCOL_DEFINITION('international standard',
'automotive_design',2009,#9996);
#9996=APPLICATION_CONTEXT(
'Core Data for Automotive Mechanical Design Process');
#9997=PRODUCT_CONTEXT('part definition',#9996,'mechanical');
#9998=PRODUCT('Temperature sensor pod','Temperature sensor pod',$,(#9997));
#9999=PRESENTATION_STYLE_ASSIGNMENT((#10000));
#10000=SURFACE_STYLE_USAGE(.BOTH.,#10001);
#10001=SURFACE_SIDE_STYLE('',(#10002));
#10002=SURFACE_STYLE_FILL_AREA(#10003);
#10003=FILL_AREA_STYLE('ABS (White)',(#10004));
#10004=FILL_AREA_STYLE_COLOUR('ABS (White)',#10005);
#10005=COLOUR_RGB('ABS (White)',0.964705882352941,0.964705882352941,0.952941176470588);
ENDSEC;
END-ISO-10303-21;
